Rowno,Word,Count,Row,Root,Percent observed agreement,Aggreement Percent (Complex),Aggreement Percent (Simple)
1,विपणन,39,"1,3,4,5,7,10,12,14,15,16,17,19,20,21,22,24,25,26,27,28,29,30,31,32,33,34,36,37,38,39,41,45,46,48,49,51,52,54,55",विपणन,0.6683673469,82.9787234043,17.0212765957
41,महाभिनिष्क्रमण,34,"3,4,5,7,9,10,13,17,19,20,21,22,24,27,28,30,32,33,34,35,36,37,38,39,40,41,42,44,45,46,49,52,54,55,,,,,",,0.5663265306,72.3404255319,27.6595744681
33,विक्रय,28,"3,5,7,9,12,13,14,15,18,20,21,22,26,28,31,34,36,37,38,40,41,44,45,46,52,53,54,55,,,,,,,,,,,",विक्रय,0.5,59.5744680851,40.4255319149
38,दार्शनिक,27,"3,5,12,15,22,24,27,28,41,42,46,48,51,52,53,54,55,4,13,14,17,21,26,33,43,44,49,,,,,,,,,,,,",दार्शनिक,0.4948979592,57.4468085106,42.5531914894
45,वल्लरियों,27,"3,4,5,7,12,14,15,17,19,20,21,22,26,27,28,30,32,35,37,38,42,43,44,49,52,54,55,,,,,,,,,,,,",वल्लरि,0.4948979592,57.4468085106,42.5531914894
36,अद्वितीय,26,"3,13,14,15,20,21,22,24,26,28,30,31,32,35,36,37,38,40,42,43,45,46,49,,51,53,54,,,,,,,,,,,,",अद्वितीय,0.4948979592,55.3191489362,44.6808510638
24,प्रशिक्षार्थियों,26,"2,3,,12,13,14,16,19,21,24,26,28,31,34,35,36,37,40,41,42,43,46,49,51,53,54,55,,,,,,,,,,,,",,0.4914965986,55.3191489362,44.6808510638
6,उन्मुक्त,25,"1,3,4,5,7,10,14,15,19,27,28,30,32,33,35,36,37,42,43,44,46,49,51,52,54,,,,,,,,,,,,,,",उन्मुक्त,0.4897959184,53.1914893617,46.8085106383
20,सत्ताच्युत,22,"1,3,4,5,7,10,13,15,18,19,22,28,30,32,33,37,42,43,44,49,52,55,,,,,,,,,,,,,,,,,",,0.4948979592,46.8085106383,53.1914893617
56,बिलखने,22,"4,7,13,17,19,20,21,22,26,30,33,37,38,39,40,41,42,43,44,46,49,54,,,,,,,,,,,,,,,,,",,0.4948979592,46.8085106383,53.1914893617
60,तरतीबी,22,"4,5,10,14,16,17,21,22,24,28,30,34,37,38,40,42,43,44,46,49,51,52,,,,,,,,,,,,,,,,,",तरतीब,0.4948979592,46.8085106383,53.1914893617
44,भभूत,21,"3,4,12,14,17,19,21,22,24,25,28,31,32,33,40,41,42,43,44,51,53,,,,,,,,,,,,,,,,,,",भभूत,0.5,44.6808510638,55.3191489362
62,वैकल्पिक,21,"5,12,13,14,15,17,18,21,22,26,27,28,32,35,37,40,48,49,52,54,55,,,,,,,,,,,,,,,,,,",वैकल्पिक,0.5,44.6808510638,55.3191489362
14,सिटकनी,20,"1,4,5,12,15,17,18,19,20,25,28,31,32,37,39,40,42,49,51,54,,,,,,,,,,,,,,,,,,,",सिटकनी,0.5068027211,42.5531914894,57.4468085106
18,पसोपेश,20,",1,3,5,12,15,17,18,21,24,26,28,30,32,33,42,44,49,52,53,51,,,,,,,,,,,,,,,,,,",पसोपेश,0.5068027211,42.5531914894,57.4468085106
32,स्वच्छन्द,20,"2,3,15,20,21,22,26,30,32,33,37,38,42,44,46,49,51,52,53,55,,,,,,,,,,,,,,,,,,,",स्वच्छन्द,0.5068027211,42.5531914894,57.4468085106
21,बिसाती,18,"1,3,15,17,18,21,22,26,27,28,30,32,33,38,40,42,49,52,,,,,,,,,,,,,,,,,,,,,",बिसाती,0.5255102041,38.2978723404,61.7021276596
63,हहराता,18,"5,10,12,14,15,19,20,22,27,28,30,32,33,36,37,38,44,49,,,,,,,,,,,,,,,,,,,,,",,0.5255102041,38.2978723404,61.7021276596
65,बंधुआ,17,"5,13,14,17,20,26,27,28,32,33,36,37,38,39,42,44,55,,,,,,,,,,,,,,,,,,,,,,",बंधुआ,0.537414966,36.170212766,63.829787234
22,दुष्कर,16,"2,3,5,12,15,22,26,28,31,34,35,41,43,44,,51,55,,,,,,,,,,,,,,,,,,,,,,",दुष्कर,0.537414966,34.0425531915,65.9574468085
52,आकलन,16,"4,12,14,19,2,24,26,28,34,37,38,41,42,43,45,52,,,,,,,,,,,,,,,,,,,,,,,",आकलन,0.5510204082,34.0425531915,65.9574468085
53,समानान्तर,16,"4,5,13,15,19,22,24,26,28,30,33,35,44,49,53,54,,,,,,,,,,,,,,,,,,,,,,,",समानान्तर,0.5510204082,34.0425531915,65.9574468085
82,किलोल,16,"7,17,19,22,25,30,33,34,37,38,39,40,44,49,52,54,,,,,,,,,,,,,,,,,,,,,,,",किलोल,0.5510204082,34.0425531915,65.9574468085
4,कसाव,15,"1,5,7,12,16,19,20,30,38,41,42,43,44,52,55,,,,,,,,,,,,,,,,,,,,,,,,",कसाव,0.5663265306,31.914893617,68.085106383
137,भौंचक्का,13,"15,27,28,33,43,,53,55,12,14,16,44,1,35,,,,,,,,,,,,,,,,,,,,,,,,,",भौंचक्का,0.5833333333,27.6595744681,72.3404255319
30,अनियमितता,13,"2,13,14,19,24,27,30,35,37,40,42,46,49,,,,,,,,,,,,,,,,,,,,,,,,,,",अनियमितता,0.6020408163,27.6595744681,72.3404255319
40,बाधाहीन,13,"3,12,13,19,21,22,28,34,36,37,39,43,44,,,,,,,,,,,,,,,,,,,,,,,,,,",बाधाहीन,0.6020408163,27.6595744681,72.3404255319
13,अंधड़,12,"1,7,17,19,21,30,33,34,36,37,44,52,,,,,,,,,,,,,,,,,,,,,,,,,,,",,0.6224489796,25.5319148936,74.4680851064
26,वर्चस्व,12,"2,7,12,19,20,21,25,30,37,38,42,52,,,,,,,,,,,,,,,,,,,,,,,,,,,",वर्चस्व,0.6224489796,25.5319148936,74.4680851064
104,फौजदारी,12,"12,13,14,19,27,30,34,36,40,42,43,52,,,,,,,,,,,,,,,,,,,,,,,,,,,",फौजदारी,0.6224489796,25.5319148936,74.4680851064
113,अनुशासनात्मक,12,"12,21,24,27,35,38,40,43,49,51,53,55,,,,,,,,,,,,,,,,,,,,,,,,,,,",अनुशासनात्मक,0.6224489796,25.5319148936,74.4680851064
157,किवाड़,12,"17,18,19,26,28,33,42,43,44,49,51,55,,,,,,,,,,,,,,,,,,,,,,,,,,,",किवाड़,0.6224489796,25.5319148936,74.4680851064
134,अनुभूति,11,"15,17,18,19,22,26,42,44,48,,52,54,,,,,,,,,,,,,,,,,,,,,,,,,,,",अनुभूति,0.6224489796,23.4042553191,76.5957446809
9,लतरों,11,"1,7,10,19,25,27,30,37,39,42,49,,,,,,,,,,,,,,,,,,,,,,,,,,,,",,0.6445578231,23.4042553191,76.5957446809
129,जलाश्य,11,"14,17,19,24,26,35,37,43,49,51,55,,,,,,,,,,,,,,,,,,,,,,,,,,,,",,0.6445578231,23.4042553191,76.5957446809
12,तुनक,10,"1,4,5,10,24,28,30,44,51,52,,,,,,,,,,,,,,,,,,,,,,,,,,,,,",तुनक,0.6683673469,21.2765957447,78.7234042553
42,सुकुमार,10,"3,10,12,13,18,19,28,42,43,51,,,,,,,,,,,,,,,,,,,,,,,,,,,,,",सुकुमार,0.6683673469,21.2765957447,78.7234042553
59,एहतियात,10,"4,5,12,19,21,36,37,39,43,55,,,,,,,,,,,,,,,,,,,,,,,,,,,,,",एहतियात,0.6683673469,21.2765957447,78.7234042553
69,काकली,10,"5,14,17,19,28,32,37,39,40,43,,,,,,,,,,,,,,,,,,,,,,,,,,,,,",,0.6683673469,21.2765957447,78.7234042553
83,व्यस्तताएँ,10,"7,13,15,20,22,35,37,38,46,54,,,,,,,,,,,,,,,,,,,,,,,,,,,,,",व्यस्तता,0.6683673469,21.2765957447,78.7234042553
15,ब्यौंड़े,9,"1,10,14,17,19,26,37,49,52,,,,,,,,,,,,,,,,,,,,,,,,,,,,,,",,0.693877551,19.1489361702,80.8510638298
17,टिकोरे,9,"1,17,19,33,37,39,40,44,49,,,,,,,,,,,,,,,,,,,,,,,,,,,,,,",टिकोरा,0.693877551,19.1489361702,80.8510638298
50,नाममात्र,9,"3,12,14,20,22,24,35,38,53,,,,,,,,,,,,,,,,,,,,,,,,,,,,,,",नाममात्र,0.693877551,19.1489361702,80.8510638298
112,विश्वासपात्र,9,"12,19,20,22,24,37,43,44,46,,,,,,,,,,,,,,,,,,,,,,,,,,,,,,",विश्वासपात्र,0.693877551,19.1489361702,80.8510638298
138,सर्वोत्कृष्ट,9,"15,21,24,33,40,43,51,52,53,,,,,,,,,,,,,,,,,,,,,,,,,,,,,,",सर्वोत्कृष्ट,0.693877551,19.1489361702,80.8510638298
139,पद्मिनी,9,"15,19,20,21,28,31,35,36,41,,,,,,,,,,,,,,,,,,,,,,,,,,,,,,",पद्मिनी,0.693877551,19.1489361702,80.8510638298
142,विघटन,9,"15,17,19,30,34,42,43,44,52,,,,,,,,,,,,,,,,,,,,,,,,,,,,,,",विघटन,0.693877551,19.1489361702,80.8510638298
164,ऐंठनों,9,"19,26,32,33,37,40,42,49,52,,,,,,,,,,,,,,,,,,,,,,,,,,,,,,",,0.693877551,19.1489361702,80.8510638298
66,खूँखार,8,"5,12,15,16,43,46,49,,55,,,,,,,,,,,,,,,,,,,,,,,,,,,,,,",खूँखार,0.693877551,17.0212765957,82.9787234043
11,गिलट,8,"1,19,26,30,37,39,43,49,,,,,,,,,,,,,,,,,,,,,,,,,,,,,,,",गिलट,0.7210884354,17.0212765957,82.9787234043
46,मुग्ध,8,"3,19,24,28,41,43,44,49,,,,,,,,,,,,,,,,,,,,,,,,,,,,,,,",मुग्ध,0.7210884354,17.0212765957,82.9787234043
61,चितेरे,8,"4,12,15,17,34,43,49,55,,,,,,,,,,,,,,,,,,,,,,,,,,,,,,,",चितेरा,0.7210884354,17.0212765957,82.9787234043
111,जग्गन,8,"12,21,22,24,25,27,28,43,,,,,,,,,,,,,,,,,,,,,,,,,,,,,,,",,0.7210884354,17.0212765957,82.9787234043
23,विकल्प,7,"2,3,12,16,28,31,51,,,,,,,,,,,,,,,,,,,,,,,,,,,,,,,,",विकल्प,0.75,14.8936170213,85.1063829787
25,संयोजन,7,"2,19,20,26,38,43,52,,,,,,,,,,,,,,,,,,,,,,,,,,,,,,,,",संयोजन,0.75,14.8936170213,85.1063829787
29,कौड़ियों,7,"2,15,22,25,49,53,54,,,,,,,,,,,,,,,,,,,,,,,,,,,,,,,,",,0.75,14.8936170213,85.1063829787
35,संगठन,7,"3,15,22,27,33,46,48,,,,,,,,,,,,,,,,,,,,,,,,,,,,,,,,",संगठन,0.75,14.8936170213,85.1063829787
67,विचरण,7,"5,15,19,22,27,32,42,,,,,,,,,,,,,,,,,,,,,,,,,,,,,,,,",विचरण,0.75,14.8936170213,85.1063829787
70,दूभर,7,"5,7,15,21,30,32,40,,,,,,,,,,,,,,,,,,,,,,,,,,,,,,,,",दूभर,0.75,14.8936170213,85.1063829787
71,फुहारे,7,"5,17,37,39,40,43,51,,,,,,,,,,,,,,,,,,,,,,,,,,,,,,,,",फुहारा,0.75,14.8936170213,85.1063829787
80,पूंजी,7,"7,16,22,31,43,44,48,,,,,,,,,,,,,,,,,,,,,,,,,,,,,,,,",पूंजी,0.75,14.8936170213,85.1063829787
91,नितान्त,7,"10,15,19,22,42,43,49,,,,,,,,,,,,,,,,,,,,,,,,,,,,,,,,",नितान्त,0.75,14.8936170213,85.1063829787
146,व्याकुल,7,"16,25,41,42,44,46,54,,,,,,,,,,,,,,,,,,,,,,,,,,,,,,,,",व्याकुल,0.75,14.8936170213,85.1063829787
167,प्रतिध्वनित,7,"19,30,34,49,51,21,40,,,,,,,,,,,,,,,,,,,,,,,,,,,,,,,,",प्रतिध्वनित,0.75,14.8936170213,85.1063829787
174,इठलाने,7,"20,,25,26,30,38,44,55,,,,,,,,,,,,,,,,,,,,,,,,,,,,,,,",,0.75,14.8936170213,85.1063829787
5,माफिक,6,"1,12,16,24,28,52,,,,,,,,,,,,,,,,,,,,,,,,,,,,,,,,,",माफिक,0.7806122449,12.7659574468,87.2340425532
34,उपभोक्ता,6,"3,7,26,28,41,54,,,,,,,,,,,,,,,,,,,,,,,,,,,,,,,,,",उपभोक्ता,0.7806122449,12.7659574468,87.2340425532
64,संचालित,6,"5,12,17,31,43,51,,,,,,,,,,,,,,,,,,,,,,,,,,,,,,,,,",संचालित,0.7806122449,12.7659574468,87.2340425532
68,छिटक,6,"5,17,28,40,46,51,,,,,,,,,,,,,,,,,,,,,,,,,,,,,,,,,",,0.7806122449,12.7659574468,87.2340425532
78,अनुपम,6,"7,12,15,22,27,28,,,,,,,,,,,,,,,,,,,,,,,,,,,,,,,,,",अनुपम,0.7806122449,12.7659574468,87.2340425532
89,तरकारी,6,"9,17,30,37,41,49,,,,,,,,,,,,,,,,,,,,,,,,,,,,,,,,,",तरकारी,0.7806122449,12.7659574468,87.2340425532
94,प्रचार-प्रसार,6,"12,14,20,25,38,44,,,,,,,,,,,,,,,,,,,,,,,,,,,,,,,,,",प्रचार-प्रसार,0.7806122449,12.7659574468,87.2340425532
133,उत्पाद,6,"15,22,28,41,43,55,,,,,,,,,,,,,,,,,,,,,,,,,,,,,,,,,",उत्पाद,0.7806122449,12.7659574468,87.2340425532
145,गेसू,6,"16,28,30,43,49,52,,,,,,,,,,,,,,,,,,,,,,,,,,,,,,,,,",,0.7806122449,12.7659574468,87.2340425532
163,रस्सियाँ,6,",19,35,55,28,35,55,,,,,,,,,,,,,,,,,,,,,,,,,,,,,,,,",रस्सी,0.7806122449,12.7659574468,87.2340425532
77,विज्ञापन,5,"7,12,15,33,46,,,,,,,,,,,,,,,,,,,,,,,,,,,,,,,,,,",विज्ञापन,0.7806122449,10.6382978723,89.3617021277
31,गठन,5,"2,17,41,54,55,,,,,,,,,,,,,,,,,,,,,,,,,,,,,,,,,,",गठन,0.8129251701,10.6382978723,89.3617021277
37,चायखाने,5,"3,28,31,32,33,,,,,,,,,,,,,,,,,,,,,,,,,,,,,,,,,,",,0.8129251701,10.6382978723,89.3617021277
39,मछुआरों,5,",3,20,16,35,51,,,,,,,,,,,,,,,,,,,,,,,,,,,,,,,,,",मछुआरा,0.8129251701,10.6382978723,89.3617021277
47,मूसलाधार,5,"3,16,24,35,38,,,,,,,,,,,,,,,,,,,,,,,,,,,,,,,,,,",मूसलाधार,0.8129251701,10.6382978723,89.3617021277
55,अभिन्न,5,"4,24,37,43,44,,,,,,,,,,,,,,,,,,,,,,,,,,,,,,,,,,",अभिन्न,0.8129251701,10.6382978723,89.3617021277
72,उत्पादन,5,"15,22,24,28,46,,,,,,,,,,,,,,,,,,,,,,,,,,,,,,,,,,",उत्पादन,0.8129251701,10.6382978723,89.3617021277
106,खुलाव,5,"12,13,28,33,37,,,,,,,,,,,,,,,,,,,,,,,,,,,,,,,,,,",,0.8129251701,10.6382978723,89.3617021277
136,उपन्यासों,5,"15,17,19,36,48,,,,,,,,,,,,,,,,,,,,,,,,,,,,,,,,,,",उपन्यास,0.8129251701,10.6382978723,89.3617021277
168,अनुयायी,5,"19,30,34,43,54,,,,,,,,,,,,,,,,,,,,,,,,,,,,,,,,,,",अनुयायी,0.8129251701,10.6382978723,89.3617021277
16,बारजे,4,"1,17,19,43,,,,,,,,,,,,,,,,,,,,,,,,,,,,,,,,,,,",बारजा,0.8469387755,8.5106382979,91.4893617021
19,ऐंठने,4,"1,12,34,39,,,,,,,,,,,,,,,,,,,,,,,,,,,,,,,,,,,",ऐंठ,0.8469387755,8.5106382979,91.4893617021
73,ठेकेदार,4,"12,51,37,46,,,,,,,,,,,,,,,,,,,,,,,,,,,,,,,,,,,",ठेकेदार,0.8469387755,8.5106382979,91.4893617021
84,गतिविधियों,4,"7,35,38,46,,,,,,,,,,,,,,,,,,,,,,,,,,,,,,,,,,,",,0.8469387755,8.5106382979,91.4893617021
123,मुरझाए,4,"13,16,44,53,,,,,,,,,,,,,,,,,,,,,,,,,,,,,,,,,,,",,0.8469387755,8.5106382979,91.4893617021
127,बेधड़क,4,"14,35,38,54,,,,,,,,,,,,,,,,,,,,,,,,,,,,,,,,,,,",बेधड़क,0.8469387755,8.5106382979,91.4893617021
149,कुंभलगढ़,4,"16,24,26,28,,,,,,,,,,,,,,,,,,,,,,,,,,,,,,,,,,,",कुंभलगढ़,0.8469387755,8.5106382979,91.4893617021
177,बाल-स्मृतियाँ,4,"20,21,,37,46,,,,,,,,,,,,,,,,,,,,,,,,,,,,,,,,,,",,0.8469387755,8.5106382979,91.4893617021
662,भूमिका,3,"30,42,,51,,,,,,,,,,,,,,,,,,,,,,,,,,,,,,,,,,,",भूमिका,0.8469387755,6.3829787234,93.6170212766
57,सहसा,3,"4,19,37,,,,,,,,,,,,,,,,,,,,,,,,,,,,,,,,,,,,",सहसा,0.8826530612,6.3829787234,93.6170212766
86,ऋतु,3,"7,19,37,,,,,,,,,,,,,,,,,,,,,,,,,,,,,,,,,,,,",ऋतु,0.8826530612,6.3829787234,93.6170212766
93,अभियान,3,"12,24,42,,,,,,,,,,,,,,,,,,,,,,,,,,,,,,,,,,,,",अभियान,0.8826530612,6.3829787234,93.6170212766
96,अंकलेश्वर,3,"12,26,35,,,,,,,,,,,,,,,,,,,,,,,,,,,,,,,,,,,,",,0.8826530612,6.3829787234,93.6170212766
102,उपलब्धि,3,"12,33,46,,,,,,,,,,,,,,,,,,,,,,,,,,,,,,,,,,,,",उपलब्धि,0.8826530612,6.3829787234,93.6170212766
114,स्मृतियाँ,3,"12,19,35,,,,,,,,,,,,,,,,,,,,,,,,,,,,,,,,,,,,",स्मृति,0.8826530612,6.3829787234,93.6170212766
121,अद्भुत,3,"13,19,43,,,,,,,,,,,,,,,,,,,,,,,,,,,,,,,,,,,,",अद्भुत,0.8826530612,6.3829787234,93.6170212766
128,कंठ,3,"14,28,41,,,,,,,,,,,,,,,,,,,,,,,,,,,,,,,,,,,,",कंठ,0.8826530612,6.3829787234,93.6170212766
143,बांधकर,3,"16,37,40,,,,,,,,,,,,,,,,,,,,,,,,,,,,,,,,,,,,",बाँध,0.8826530612,6.3829787234,93.6170212766
150,सन्नाटा,3,"16,24,37,,,,,,,,,,,,,,,,,,,,,,,,,,,,,,,,,,,,",सन्नाटा,0.8826530612,6.3829787234,93.6170212766
152,सून,3,"17,28,40,,,,,,,,,,,,,,,,,,,,,,,,,,,,,,,,,,,,",,0.8826530612,6.3829787234,93.6170212766
156,विकल,3,"17,33,52,,,,,,,,,,,,,,,,,,,,,,,,,,,,,,,,,,,,",विकल,0.8826530612,6.3829787234,93.6170212766
162,मालिन,3,"19,39,49,,,,,,,,,,,,,,,,,,,,,,,,,,,,,,,,,,,,",मालिन,0.8826530612,6.3829787234,93.6170212766
166,तेन्दुए,3,"19,44,3,,,,,,,,,,,,,,,,,,,,,,,,,,,,,,,,,,,,",,0.8826530612,6.3829787234,93.6170212766
171,प्रथा,3,"20,38,43,,,,,,,,,,,,,,,,,,,,,,,,,,,,,,,,,,,,",प्रथा,0.8826530612,6.3829787234,93.6170212766
179,भुगतान,3,"21,25,44,,,,,,,,,,,,,,,,,,,,,,,,,,,,,,,,,,,,",भुगतान,0.8826530612,6.3829787234,93.6170212766
573,चारपाइयों,3,",28,36,46,,,,,,,,,,,,,,,,,,,,,,,,,,,,,,,,,,,",चारपाई,0.8826530612,6.3829787234,93.6170212766
105,बँधे-बँधाये,2,"12,14,,,,,,,,,,,,,,,,,,,,,,,,,,,,,,,,,,,,,",,0.8826530612,4.2553191489,95.7446808511
7,दर्जों,2,"1,19,,,,,,,,,,,,,,,,,,,,,,,,,,,,,,,,,,,,,",दर्जा,0.9200680272,4.2553191489,95.7446808511
58,अंधड़,2,"4,28,,,,,,,,,,,,,,,,,,,,,,,,,,,,,,,,,,,,,",अंधड़,0.9200680272,4.2553191489,95.7446808511
74,इक्नॉमिक्स,2,"20,35,,,,,,,,,,,,,,,,,,,,,,,,,,,,,,,,,,,,,",,0.9200680272,4.2553191489,95.7446808511
97,फैक्टरियाँ,2,"12,55,,,,,,,,,,,,,,,,,,,,,,,,,,,,,,,,,,,,,",फैक्टरी,0.9200680272,4.2553191489,95.7446808511
101,केन्द्रीय,2,"12,32,,,,,,,,,,,,,,,,,,,,,,,,,,,,,,,,,,,,,",केन्द्रीय,0.9200680272,4.2553191489,95.7446808511
107,झाँका,2,"12,44,,,,,,,,,,,,,,,,,,,,,,,,,,,,,,,,,,,,,",,0.9200680272,4.2553191489,95.7446808511
109,मँडराते,2,"12,26,,,,,,,,,,,,,,,,,,,,,,,,,,,,,,,,,,,,,",मँडरा,0.9200680272,4.2553191489,95.7446808511
118,यात्रा,2,"13,53,,,,,,,,,,,,,,,,,,,,,,,,,,,,,,,,,,,,,",यात्रा,0.9200680272,4.2553191489,95.7446808511
120,जिन्दगी,2,"13,53,,,,,,,,,,,,,,,,,,,,,,,,,,,,,,,,,,,,,",जिन्दगी,0.9200680272,4.2553191489,95.7446808511
122,सार्वजनिक,2,"13,54,,,,,,,,,,,,,,,,,,,,,,,,,,,,,,,,,,,,,",सार्वजनिक,0.9200680272,4.2553191489,95.7446808511
140,सिलसिला,2,"15,20,,,,,,,,,,,,,,,,,,,,,,,,,,,,,,,,,,,,,",सिलसिला,0.9200680272,4.2553191489,95.7446808511
141,छनकर,2,"15,27,,,,,,,,,,,,,,,,,,,,,,,,,,,,,,,,,,,,,",छन,0.9200680272,4.2553191489,95.7446808511
158,दर्शन,2,"18,37,,,,,,,,,,,,,,,,,,,,,,,,,,,,,,,,,,,,,",दर्शन,0.9200680272,4.2553191489,95.7446808511
160,घुमेर,2,"18,54,,,,,,,,,,,,,,,,,,,,,,,,,,,,,,,,,,,,,",,0.9200680272,4.2553191489,95.7446808511
176,सौन्दर्य,2,"20,,53,,,,,,,,,,,,,,,,,,,,,,,,,,,,,,,,,,,,",सौन्दर्य,0.9200680272,4.2553191489,95.7446808511
190,कलकत्ता,2,",24,26,,,,,,,,,,,,,,,,,,,,,,,,,,,,,,,,,,,,",कलकत्ता,0.9200680272,4.2553191489,95.7446808511
191,मातृत्व,2,",40,53,,,,,,,,,,,,,,,,,,,,,,,,,,,,,,,,,,,,",मातृत्व,0.9200680272,4.2553191489,95.7446808511
226,और,2,",28,46,,,,,,,,,,,,,,,,,,,,,,,,,,,,,,,,,,,,",और,0.9200680272,4.2553191489,95.7446808511
640,उमंगों,2,",54,55,,,,,,,,,,,,,,,,,,,,,,,,,,,,,,,,,,,,",उमंग,0.9200680272,4.2553191489,95.7446808511
642,घानी,2,",24,25,,,,,,,,,,,,,,,,,,,,,,,,,,,,,,,,,,,,",घानी,0.9200680272,4.2553191489,95.7446808511
653,बिन,2,"25,28,,,,,,,,,,,,,,,,,,,,,,,,,,,,,,,,,,,,,",,0.9200680272,4.2553191489,95.7446808511
655,किस्सा,2,"25,35,,,,,,,,,,,,,,,,,,,,,,,,,,,,,,,,,,,,,",किस्सा,0.9200680272,4.2553191489,95.7446808511
666,मार्केटिंग,2,"35,53,,,,,,,,,,,,,,,,,,,,,,,,,,,,,,,,,,,,,",मार्केटिंग,0.9200680272,4.2553191489,95.7446808511
531,बँधतीं,1,",25,,,,,,,,,,,,,,,,,,,,,,,,,,,,,,,,,,,,,",,0.9200680272,2.1276595745,97.8723404255
556,विविध,1,",38,,,,,,,,,,,,,,,,,,,,,,,,,,,,,,,,,,,,,",विविध,0.9200680272,2.1276595745,97.8723404255
587,रोशनी,1,",25,,,,,,,,,,,,,,,,,,,,,,,,,,,,,,,,,,,,,",रोशनी,0.9200680272,2.1276595745,97.8723404255
617,सुझाव,1,",25,,,,,,,,,,,,,,,,,,,,,,,,,,,,,,,,,,,,,",सुझाव,0.9200680272,2.1276595745,97.8723404255
658,बैठाना,1,"28,,,,,,,,,,,,,,,,,,,,,,,,,,,,,,,,,,,,,,",बैठाना,0.9200680272,2.1276595745,97.8723404255
8,महाभिनिष्क्रम,1,"1,,,,,,,,,,,,,,,,,,,,,,,,,,,,,,,,,,,,,,",,0.9591836735,2.1276595745,97.8723404255
10,दूब,1,"1,,,,,,,,,,,,,,,,,,,,,,,,,,,,,,,,,,,,,,",दूब,0.9591836735,2.1276595745,97.8723404255
43,जकड़,1,"3,,,,,,,,,,,,,,,,,,,,,,,,,,,,,,,,,,,,,,",जकड़,0.9591836735,2.1276595745,97.8723404255
48,घेर-घुमे,1,"3,,,,,,,,,,,,,,,,,,,,,,,,,,,,,,,,,,,,,,",,0.9591836735,2.1276595745,97.8723404255
81,हृदय,1,"7,,,,,,,,,,,,,,,,,,,,,,,,,,,,,,,,,,,,,,",हृदय,0.9591836735,2.1276595745,97.8723404255
85,दल,1,"7,,,,,,,,,,,,,,,,,,,,,,,,,,,,,,,,,,,,,,",दल,0.9591836735,2.1276595745,97.8723404255
95,भरूच,1,"12,,,,,,,,,,,,,,,,,,,,,,,,,,,,,,,,,,,,,,",,0.9591836735,2.1276595745,97.8723404255
98,हजीरा,1,"12,,,,,,,,,,,,,,,,,,,,,,,,,,,,,,,,,,,,,,",,0.9591836735,2.1276595745,97.8723404255
99,पवन,1,"12,,,,,,,,,,,,,,,,,,,,,,,,,,,,,,,,,,,,,,",पवन,0.9591836735,2.1276595745,97.8723404255
100,कुएँ,1,"12,,,,,,,,,,,,,,,,,,,,,,,,,,,,,,,,,,,,,,",कुआँ,0.9591836735,2.1276595745,97.8723404255
110,इर्द-गिर्द,1,"12,,,,,,,,,,,,,,,,,,,,,,,,,,,,,,,,,,,,,,",इर्द-गिर्द,0.9591836735,2.1276595745,97.8723404255
116,चुटकी,1,"13,,,,,,,,,,,,,,,,,,,,,,,,,,,,,,,,,,,,,,",चुटकी,0.9591836735,2.1276595745,97.8723404255
117,आश्रम,1,"13,,,,,,,,,,,,,,,,,,,,,,,,,,,,,,,,,,,,,,",आश्रम,0.9591836735,2.1276595745,97.8723404255
119,पत्थरों,1,"13,,,,,,,,,,,,,,,,,,,,,,,,,,,,,,,,,,,,,,",पत्थर,0.9591836735,2.1276595745,97.8723404255
124,हु,1,"13,,,,,,,,,,,,,,,,,,,,,,,,,,,,,,,,,,,,,,",,0.9591836735,2.1276595745,97.8723404255
126,वार्ता,1,"14,,,,,,,,,,,,,,,,,,,,,,,,,,,,,,,,,,,,,,",वार्ता,0.9591836735,2.1276595745,97.8723404255
130,ढेले,1,"14,,,,,,,,,,,,,,,,,,,,,,,,,,,,,,,,,,,,,,",ढेला,0.9591836735,2.1276595745,97.8723404255
131,कार्यवाही,1,"14,,,,,,,,,,,,,,,,,,,,,,,,,,,,,,,,,,,,,,",कार्यवाही,0.9591836735,2.1276595745,97.8723404255
132,प्रकृति,1,"14,,,,,,,,,,,,,,,,,,,,,,,,,,,,,,,,,,,,,,",प्रकृति,0.9591836735,2.1276595745,97.8723404255
135,घसीटना,1,"15,,,,,,,,,,,,,,,,,,,,,,,,,,,,,,,,,,,,,,",घसीटना,0.9591836735,2.1276595745,97.8723404255
147,ताक,1,"16,,,,,,,,,,,,,,,,,,,,,,,,,,,,,,,,,,,,,,",ताक,0.9591836735,2.1276595745,97.8723404255
148,नौबत,1,"16,,,,,,,,,,,,,,,,,,,,,,,,,,,,,,,,,,,,,,",नौबत,0.9591836735,2.1276595745,97.8723404255
151,मदनजी,1,"16,,,,,,,,,,,,,,,,,,,,,,,,,,,,,,,,,,,,,,",,0.9591836735,2.1276595745,97.8723404255
153,द्वीप,1,"17,,,,,,,,,,,,,,,,,,,,,,,,,,,,,,,,,,,,,,",द्वीप,0.9591836735,2.1276595745,97.8723404255
154,भड़,1,"17,,,,,,,,,,,,,,,,,,,,,,,,,,,,,,,,,,,,,,",,0.9591836735,2.1276595745,97.8723404255
155,गिर्द,1,"17,,,,,,,,,,,,,,,,,,,,,,,,,,,,,,,,,,,,,,",,0.9591836735,2.1276595745,97.8723404255
165,सुस्ता,1,"19,,,,,,,,,,,,,,,,,,,,,,,,,,,,,,,,,,,,,,",,0.9591836735,2.1276595745,97.8723404255
172,कल्पनाएँ,1,",20,,,,,,,,,,,,,,,,,,,,,,,,,,,,,,,,,,,,,",कल्पना,0.9591836735,2.1276595745,97.8723404255
173,इंजीनियरिंग,1,"20,,,,,,,,,,,,,,,,,,,,,,,,,,,,,,,,,,,,,,",इंजीनियरिंग,0.9591836735,2.1276595745,97.8723404255
175,राजकुमार,1,"20,,,,,,,,,,,,,,,,,,,,,,,,,,,,,,,,,,,,,,",राजकुमार,0.9591836735,2.1276595745,97.8723404255
178,सब,1,"21,,,,,,,,,,,,,,,,,,,,,,,,,,,,,,,,,,,,,,",सब,0.9591836735,2.1276595745,97.8723404255
180,पुरखिन,1,"21,,,,,,,,,,,,,,,,,,,,,,,,,,,,,,,,,,,,,,",,0.9591836735,2.1276595745,97.8723404255
182,ब्यौंड़े,1,"22,,,,,,,,,,,,,,,,,,,,,,,,,,,,,,,,,,,,,,",,0.9591836735,2.1276595745,97.8723404255
183,तालमेल,1,",28,,,,,,,,,,,,,,,,,,,,,,,,,,,,,,,,,,,,,",तालमेल,0.9591836735,2.1276595745,97.8723404255
224,के,1,",28,,,,,,,,,,,,,,,,,,,,,,,,,,,,,,,,,,,,,",,0.9591836735,2.1276595745,97.8723404255
262,सहेलियों,1,",28,,,,,,,,,,,,,,,,,,,,,,,,,,,,,,,,,,,,,",सहेली,0.9591836735,2.1276595745,97.8723404255
263,एकान्त,1,",53,,,,,,,,,,,,,,,,,,,,,,,,,,,,,,,,,,,,,",एकान्त,0.9591836735,2.1276595745,97.8723404255
321,वजीर,1,",32,,,,,,,,,,,,,,,,,,,,,,,,,,,,,,,,,,,,,",वजीर,0.9591836735,2.1276595745,97.8723404255
330,माजरा,1,",51,,,,,,,,,,,,,,,,,,,,,,,,,,,,,,,,,,,,,",माजरा,0.9591836735,2.1276595745,97.8723404255
334,बुढ़िया,1,",25,,,,,,,,,,,,,,,,,,,,,,,,,,,,,,,,,,,,,",बुढ़िया,0.9591836735,2.1276595745,97.8723404255
335,बाँहों,1,",26,,,,,,,,,,,,,,,,,,,,,,,,,,,,,,,,,,,,,",बाँह,0.9591836735,2.1276595745,97.8723404255
374,निर्माण,1,",37,,,,,,,,,,,,,,,,,,,,,,,,,,,,,,,,,,,,,",निर्माण,0.9591836735,2.1276595745,97.8723404255
375,सुरीला,1,",46,,,,,,,,,,,,,,,,,,,,,,,,,,,,,,,,,,,,,",सुरीला,0.9591836735,2.1276595745,97.8723404255
380,भाव,1,",43,,,,,,,,,,,,,,,,,,,,,,,,,,,,,,,,,,,,,",भाव,0.9591836735,2.1276595745,97.8723404255
444,ओलों,1,",37,,,,,,,,,,,,,,,,,,,,,,,,,,,,,,,,,,,,,",ओला,0.9591836735,2.1276595745,97.8723404255
448,रेलिंग,1,",53,,,,,,,,,,,,,,,,,,,,,,,,,,,,,,,,,,,,,",रेलिंग,0.9591836735,2.1276595745,97.8723404255
472,गिराई,1,",26,,,,,,,,,,,,,,,,,,,,,,,,,,,,,,,,,,,,,",गिरा,0.9591836735,2.1276595745,97.8723404255
536,घेर-घुमेर,1,",36,,,,,,,,,,,,,,,,,,,,,,,,,,,,,,,,,,,,,",,0.9591836735,2.1276595745,97.8723404255
547,घनेरा,1,",37,,,,,,,,,,,,,,,,,,,,,,,,,,,,,,,,,,,,,",घनेरा,0.9591836735,2.1276595745,97.8723404255
593,प्रकाश,1,",40,,,,,,,,,,,,,,,,,,,,,,,,,,,,,,,,,,,,,",प्रकाश,0.9591836735,2.1276595745,97.8723404255
594,छन-छनकर,1,",43,,,,,,,,,,,,,,,,,,,,,,,,,,,,,,,,,,,,,",,0.9591836735,2.1276595745,97.8723404255
609,वरिष्ठ,1,",43,,,,,,,,,,,,,,,,,,,,,,,,,,,,,,,,,,,,,",वरिष्ठ,0.9591836735,2.1276595745,97.8723404255
610,मंत्रियों,1,",40,,,,,,,,,,,,,,,,,,,,,,,,,,,,,,,,,,,,,",मंत्री,0.9591836735,2.1276595745,97.8723404255
612,कार्यालय,1,",37,,,,,,,,,,,,,,,,,,,,,,,,,,,,,,,,,,,,,",कार्यालय,0.9591836735,2.1276595745,97.8723404255
652,मुकाम,1,"25,,,,,,,,,,,,,,,,,,,,,,,,,,,,,,,,,,,,,,",मुकाम,0.9591836735,2.1276595745,97.8723404255
654,बजाय,1,"25,,,,,,,,,,,,,,,,,,,,,,,,,,,,,,,,,,,,,,",बजाय,0.9591836735,2.1276595745,97.8723404255
656,लखनऊ,1,"25,,,,,,,,,,,,,,,,,,,,,,,,,,,,,,,,,,,,,,",लखनऊ,0.9591836735,2.1276595745,97.8723404255
657,बीच,1,"28,,,,,,,,,,,,,,,,,,,,,,,,,,,,,,,,,,,,,,",बीच,0.9591836735,2.1276595745,97.8723404255
659,कार्य,1,"28,,,,,,,,,,,,,,,,,,,,,,,,,,,,,,,,,,,,,,",कार्य,0.9591836735,2.1276595745,97.8723404255
661,बनावट,1,"28,,,,,,,,,,,,,,,,,,,,,,,,,,,,,,,,,,,,,,",बनावट,0.9591836735,2.1276595745,97.8723404255
663,संयोज,1,"31,,,,,,,,,,,,,,,,,,,,,,,,,,,,,,,,,,,,,,",,0.9591836735,2.1276595745,97.8723404255
667,बुद्धि,1,"35,,,,,,,,,,,,,,,,,,,,,,,,,,,,,,,,,,,,,,",बुद्धि,0.9591836735,2.1276595745,97.8723404255
670,ग्राम-देवता,1,"37,,,,,,,,,,,,,,,,,,,,,,,,,,,,,,,,,,,,,,",,0.9591836735,2.1276595745,97.8723404255
671,नगर-देवता,1,"37,,,,,,,,,,,,,,,,,,,,,,,,,,,,,,,,,,,,,,",,0.9591836735,2.1276595745,97.8723404255
672,शान्त,1,"37,,,,,,,,,,,,,,,,,,,,,,,,,,,,,,,,,,,,,,",शान्त,0.9591836735,2.1276595745,97.8723404255
673,स्नेह,1,"37,,,,,,,,,,,,,,,,,,,,,,,,,,,,,,,,,,,,,,",स्नेह,0.9591836735,2.1276595745,97.8723404255
676,एहतिया,1,"40,,,,,,,,,,,,,,,,,,,,,,,,,,,,,,,,,,,,,,",,0.9591836735,2.1276595745,97.8723404255
678,चन्दर,1,"43,,,,,,,,,,,,,,,,,,,,,,,,,,,,,,,,,,,,,,",,0.9591836735,2.1276595745,97.8723404255
679,बिखरी,1,"44,,,,,,,,,,,,,,,,,,,,,,,,,,,,,,,,,,,,,,",बिखरा,0.9591836735,2.1276595745,97.8723404255
694,मान्य,1,"52,,,,,,,,,,,,,,,,,,,,,,,,,,,,,,,,,,,,,,",मान्य,0.9591836735,2.1276595745,97.8723404255
695,चमकदार,1,"55,,,,,,,,,,,,,,,,,,,,,,,,,,,,,,,,,,,,,,",चमकदार,0.9591836735,2.1276595745,97.8723404255
184,राजकोट,0,",,,,,,,,,,,,,,,,,,,,,,,,,,,,,,,,,,,,,,",राजकोट,1,0,100
185,अरब,0,",,,,,,,,,,,,,,,,,,,,,,,,,,,,,,,,,,,,,,",अरब,1,0,100
186,महासागर,0,",,,,,,,,,,,,,,,,,,,,,,,,,,,,,,,,,,,,,,",महासागर,1,0,100
187,व्यवस्था,0,",,,,,,,,,,,,,,,,,,,,,,,,,,,,,,,,,,,,,,",व्यवस्था,0.9591836735,0,100
188,मानवता,0,",,,,,,,,,,,,,,,,,,,,,,,,,,,,,,,,,,,,,,",मानवता,1,0,100
189,स्थापित,0,",,,,,,,,,,,,,,,,,,,,,,,,,,,,,,,,,,,,,,",स्थापित,1,0,100
192,किस्मत,0,",,,,,,,,,,,,,,,,,,,,,,,,,,,,,,,,,,,,,,",किस्मत,1,0,100
194,उसको,0,",,,,,,,,,,,,,,,,,,,,,,,,,,,,,,,,,,,,,,",,1,0,100
195,कॉलेज,0,",,,,,,,,,,,,,,,,,,,,,,,,,,,,,,,,,,,,,,",कॉलेज,1,0,100
196,भी,0,",,,,,,,,,,,,,,,,,,,,,,,,,,,,,,,,,,,,,,",भी,1,0,100
197,ऐसा,0,",,,,,,,,,,,,,,,,,,,,,,,,,,,,,,,,,,,,,,",ऐसा,1,0,100
198,मिला,0,",,,,,,,,,,,,,,,,,,,,,,,,,,,,,,,,,,,,,,",मिल,1,0,100
199,जिसमे,0,",,,,,,,,,,,,,,,,,,,,,,,,,,,,,,,,,,,,,,",,1,0,100
200,खिड़कियों,0,",,,,,,,,,,,,,,,,,,,,,,,,,,,,,,,,,,,,,,",,1,0,100
201,आम,0,",,,,,,,,,,,,,,,,,,,,,,,,,,,,,,,,,,,,,,",आम,1,0,100
202,शाखे,0,",,,,,,,,,,,,,,,,,,,,,,,,,,,,,,,,,,,,,,",,1,0,100
203,करती,0,",,,,,,,,,,,,,,,,,,,,,,,,,,,,,,,,,,,,,,",कर,1,0,100
204,थीं,0,",,,,,,,,,,,,,,,,,,,,,,,,,,,,,,,,,,,,,,",,1,0,100
205,इसलिए,0,",,,,,,,,,,,,,,,,,,,,,,,,,,,,,,,,,,,,,,",इसलिए,1,0,100
206,हमेशा,0,",,,,,,,,,,,,,,,,,,,,,,,,,,,,,,,,,,,,,,",हमेशा,1,0,100
207,जब,0,",,,,,,,,,,,,,,,,,,,,,,,,,,,,,,,,,,,,,,",जब,1,0,100
208,कभी,0,",,,,,,,,,,,,,,,,,,,,,,,,,,,,,,,,,,,,,,",कभी,1,0,100
209,मौका,0,",,,,,,,,,,,,,,,,,,,,,,,,,,,,,,,,,,,,,,",मौका,1,0,100
210,मिलता,0,",,,,,,,,,,,,,,,,,,,,,,,,,,,,,,,,,,,,,,",मिल	,1,0,100
211,था,0,",,,,,,,,,,,,,,,,,,,,,,,,,,,,,,,,,,,,,,",,1,0,100
212,क्लास,0,",,,,,,,,,,,,,,,,,,,,,,,,,,,,,,,,,,,,,,",क्लास,1,0,100
213,भाग,0,",,,,,,,,,,,,,,,,,,,,,,,,,,,,,,,,,,,,,,",भाग,1,0,100
215,घास,0,",,,,,,,,,,,,,,,,,,,,,,,,,,,,,,,,,,,,,,",घास,1,0,100
216,पर,0,",,,,,,,,,,,,,,,,,,,,,,,,,,,,,,,,,,,,,,",पर,0.9591836735,0,100
217,लेटकर,0,",,,,,,,,,,,,,,,,,,,,,,,,,,,,,,,,,,,,,,",लेट,1,0,100
218,सपने,0,",,,,,,,,,,,,,,,,,,,,,,,,,,,,,,,,,,,,,,",सपना,1,0,100
219,देखने,0,",,,,,,,,,,,,,,,,,,,,,,,,,,,,,,,,,,,,,,",,1,0,100
220,आदी,0,",,,,,,,,,,,,,,,,,,,,,,,,,,,,,,,,,,,,,,",आदी,1,0,100
221,हो,0,",,,,,,,,,,,,,,,,,,,,,,,,,,,,,,,,,,,,,,",,1,0,100
222,गयी,0,",,,,,,,,,,,,,,,,,,,,,,,,,,,,,,,,,,,,,,",गया,1,0,100
223,थी,0,",,,,,,,,,,,,,,,,,,,,,,,,,,,,,,,,,,,,,,",,1,0,100
225,इस,0,",,,,,,,,,,,,,,,,,,,,,,,,,,,,,,,,,,,,,,",,1,0,100
227,उसके,0,",,,,,,,,,,,,,,,,,,,,,,,,,,,,,,,,,,,,,,",,1,0,100
228,बाद,0,",,,,,,,,,,,,,,,,,,,,,,,,,,,,,,,,,,,,,,",बाद,1,0,100
229,मे,0,",,,,,,,,,,,,,,,,,,,,,,,,,,,,,,,,,,,,,,",मे,1,0,100
230,जाकर,0,",,,,,,,,,,,,,,,,,,,,,,,,,,,,,,,,,,,,,,",जा,1,0,100
231,ध्यान-योग,0,",,,,,,,,,,,,,,,,,,,,,,,,,,,,,,,,,,,,,,",,1,0,100
232,साधना,0,",,,,,,,,,,,,,,,,,,,,,,,,,,,,,,,,,,,,,,",साधना,1,0,100
233,उसकी,0,",,,,,,,,,,,,,,,,,,,,,,,,,,,,,,,,,,,,,,",,1,0,100
234,एकमात्र,0,",,,,,,,,,,,,,,,,,,,,,,,,,,,,,,,,,,,,,,",एकमात्र,1,0,100
235,साथिन,0,",,,,,,,,,,,,,,,,,,,,,,,,,,,,,,,,,,,,,,",,1,0,100
237,सुधा,0,",,,,,,,,,,,,,,,,,,,,,,,,,,,,,,,,,,,,,,",सुधा,1,0,100
238,घनी,0,",,,,,,,,,,,,,,,,,,,,,,,,,,,,,,,,,,,,,,",घना,1,0,100
239,हरी,0,",,,,,,,,,,,,,,,,,,,,,,,,,,,,,,,,,,,,,,",हर,1,0,100
240,दोनों,0,",,,,,,,,,,,,,,,,,,,,,,,,,,,,,,,,,,,,,,",दोन,1,0,100
241,सिर,0,",,,,,,,,,,,,,,,,,,,,,,,,,,,,,,,,,,,,,,",सिर,1,0,100
242,नीचे,0,",,,,,,,,,,,,,,,,,,,,,,,,,,,,,,,,,,,,,,",नीचा,1,0,100
243,हाथ,0,",,,,,,,,,,,,,,,,,,,,,,,,,,,,,,,,,,,,,,",हाथ,1,0,100
244,रखकर,0,",,,,,,,,,,,,,,,,,,,,,,,,,,,,,,,,,,,,,,",,1,0,100
246,रहतीं,0,",,,,,,,,,,,,,,,,,,,,,,,,,,,,,,,,,,,,,,",,1,0,100
247,दुनिया-भर,0,",,,,,,,,,,,,,,,,,,,,,,,,,,,,,,,,,,,,,,",,1,0,100
248,बाते,0,",,,,,,,,,,,,,,,,,,,,,,,,,,,,,,,,,,,,,,",,1,0,100
250,बातों,0,",,,,,,,,,,,,,,,,,,,,,,,,,,,,,,,,,,,,,,",बात,1,0,100
251,छोटी,0,",,,,,,,,,,,,,,,,,,,,,,,,,,,,,,,,,,,,,,",छोटा,1,0,100
252,बड़ी,0,",,,,,,,,,,,,,,,,,,,,,,,,,,,,,,,,,,,,,,",बड़ी,1,0,100
253,किस,0,",,,,,,,,,,,,,,,,,,,,,,,,,,,,,,,,,,,,,,",,1,0,100
254,तरह,0,",,,,,,,,,,,,,,,,,,,,,,,,,,,,,,,,,,,,,,",तरह,1,0,100
255,यह,0,",,,,,,,,,,,,,,,,,,,,,,,,,,,,,,,,,,,,,,",,1,0,100
256,वही,0,",,,,,,,,,,,,,,,,,,,,,,,,,,,,,,,,,,,,,,",,1,0,100
257,समझ,0,",,,,,,,,,,,,,,,,,,,,,,,,,,,,,,,,,,,,,,",समझ,1,0,100
258,सकता,0,",,,,,,,,,,,,,,,,,,,,,,,,,,,,,,,,,,,,,,",,1,0,100
260,जिसने,0,",,,,,,,,,,,,,,,,,,,,,,,,,,,,,,,,,,,,,,",,1,0,100
261,दो,0,",,,,,,,,,,,,,,,,,,,,,,,,,,,,,,,,,,,,,,",दो,1,0,100
264,सुनी,0,",,,,,,,,,,,,,,,,,,,,,,,,,,,,,,,,,,,,,,",,1,0,100
265,हो,0,",,,,,,,,,,,,,,,,,,,,,,,,,,,,,,,,,,,,,,",,1,0,100
266,गालिब,0,",,,,,,,,,,,,,,,,,,,,,,,,,,,,,,,,,,,,,,",गालिब,1,0,100
267,शायरी,0,",,,,,,,,,,,,,,,,,,,,,,,,,,,,,,,,,,,,,,",शायरी,1,0,100
268,लेकर,0,",,,,,,,,,,,,,,,,,,,,,,,,,,,,,,,,,,,,,,",,1,0,100
269,उनके,0,",,,,,,,,,,,,,,,,,,,,,,,,,,,,,,,,,,,,,,",,1,0,100
271,भाई,0,",,,,,,,,,,,,,,,,,,,,,,,,,,,,,,,,,,,,,,",भाई,1,0,100
272,हसरत,0,",,,,,,,,,,,,,,,,,,,,,,,,,,,,,,,,,,,,,,",हसरत,1,0,100
273,ने,0,",,,,,,,,,,,,,,,,,,,,,,,,,,,,,,,,,,,,,,",,1,0,100
274,एक,0,",,,,,,,,,,,,,,,,,,,,,,,,,,,,,,,,,,,,,,",एक,1,0,100
275,कुत्ते,0,",,,,,,,,,,,,,,,,,,,,,,,,,,,,,,,,,,,,,,",कुत्ता,1,0,100
276,का,0,",,,,,,,,,,,,,,,,,,,,,,,,,,,,,,,,,,,,,,",,1,0,100
277,पिल्ला,0,",,,,,,,,,,,,,,,,,,,,,,,,,,,,,,,,,,,,,,",पिल्ला,1,0,100
278,पाला,0,",,,,,,,,,,,,,,,,,,,,,,,,,,,,,,,,,,,,,,",पाला,1,0,100
279,सुनाया,0,",,,,,,,,,,,,,,,,,,,,,,,,,,,,,,,,,,,,,,",सुना,1,0,100
280,शरत,0,",,,,,,,,,,,,,,,,,,,,,,,,,,,,,,,,,,,,,,",शरत,1,0,100
281,कि,0,",,,,,,,,,,,,,,,,,,,,,,,,,,,,,,,,,,,,,,",,1,0,100
282,कड़ा,0,",,,,,,,,,,,,,,,,,,,,,,,,,,,,,,,,,,,,,,",कड़ा,1,0,100
283,बनवाया,0,",,,,,,,,,,,,,,,,,,,,,,,,,,,,,,,,,,,,,,",,1,0,100
285,बताया,0,",,,,,,,,,,,,,,,,,,,,,,,,,,,,,,,,,,,,,,",बताया,1,0,100
286,अपने-अपने,0,",,,,,,,,,,,,,,,,,,,,,,,,,,,,,,,,,,,,,,",,1,0,100
287,मन,0,",,,,,,,,,,,,,,,,,,,,,,,,,,,,,,,,,,,,,,",मन,1,0,100
288,एक-दूसरे,0,",,,,,,,,,,,,,,,,,,,,,,,,,,,,,,,,,,,,,,",,1,0,100
289,को,0,",,,,,,,,,,,,,,,,,,,,,,,,,,,,,,,,,,,,,,",कै,1,0,100
290,बता,0,",,,,,,,,,,,,,,,,,,,,,,,,,,,,,,,,,,,,,,",,1,0,100
291,डालती,0,",,,,,,,,,,,,,,,,,,,,,,,,,,,,,,,,,,,,,,",डाल,1,0,100
292,जितना,0,",,,,,,,,,,,,,,,,,,,,,,,,,,,,,,,,,,,,,,",जितना,1,0,100
293,भावुक,0,",,,,,,,,,,,,,,,,,,,,,,,,,,,,,,,,,,,,,,",भावुक,1,0,100
294,प्यारा,0,",,,,,,,,,,,,,,,,,,,,,,,,,,,,,,,,,,,,,,",प्यारा,1,0,100
295,अनजान,0,",,,,,,,,,,,,,,,,,,,,,,,,,,,,,,,,,,,,,,",अनजान,1,0,100
296,उतनी,0,",,,,,,,,,,,,,,,,,,,,,,,,,,,,,,,,,,,,,,",,1,0,100
297,ही,0,",,,,,,,,,,,,,,,,,,,,,,,,,,,,,,,,,,,,,,",ही,1,0,100
298,कहा,0,",,,,,,,,,,,,,,,,,,,,,,,,,,,,,,,,,,,,,,",कहा,1,0,100
299,इतने,0,",,,,,,,,,,,,,,,,,,,,,,,,,,,,,,,,,,,,,,",,1,0,100
300,दिनों,0,",,,,,,,,,,,,,,,,,,,,,,,,,,,,,,,,,,,,,,",दिन,1,0,100
301,हम,0,",,,,,,,,,,,,,,,,,,,,,,,,,,,,,,,,,,,,,,",,1,0,100
302,जंगलों,0,",,,,,,,,,,,,,,,,,,,,,,,,,,,,,,,,,,,,,,",जंगल,1,0,100
303,मैदानों,0,",,,,,,,,,,,,,,,,,,,,,,,,,,,,,,,,,,,,,,",मैदान,1,0,100
304,घूम,0,",,,,,,,,,,,,,,,,,,,,,,,,,,,,,,,,,,,,,,",,1,0,100
305,रहे,0,",,,,,,,,,,,,,,,,,,,,,,,,,,,,,,,,,,,,,,",,1,0,100
307,जैसे-तैसे,0,",,,,,,,,,,,,,,,,,,,,,,,,,,,,,,,,,,,,,,",जैसे-तैसे,1,0,100
308,तो,0,",,,,,,,,,,,,,,,,,,,,,,,,,,,,,,,,,,,,,,",त,1,0,100
309,नगर,0,",,,,,,,,,,,,,,,,,,,,,,,,,,,,,,,,,,,,,,",नगर,1,0,100
310,आया,0,",,,,,,,,,,,,,,,,,,,,,,,,,,,,,,,,,,,,,,",आया,1,0,100
311,तुम,0,",,,,,,,,,,,,,,,,,,,,,,,,,,,,,,,,,,,,,,",,1,0,100
312,कहते,0,",,,,,,,,,,,,,,,,,,,,,,,,,,,,,,,,,,,,,,",,1,0,100
313,इससे,0,",,,,,,,,,,,,,,,,,,,,,,,,,,,,,,,,,,,,,,",,1,0,100
314,बच,0,",,,,,,,,,,,,,,,,,,,,,,,,,,,,,,,,,,,,,,",बच,1,0,100
315,निकल,0,",,,,,,,,,,,,,,,,,,,,,,,,,,,,,,,,,,,,,,",निकल,1,0,100
317,नहीं,0,",,,,,,,,,,,,,,,,,,,,,,,,,,,,,,,,,,,,,,",नहीं,1,0,100
319,इच्छा,0,",,,,,,,,,,,,,,,,,,,,,,,,,,,,,,,,,,,,,,",इच्छा,1,0,100
320,आगे,0,",,,,,,,,,,,,,,,,,,,,,,,,,,,,,,,,,,,,,,",आगा,1,0,100
322,लड़का,0,",,,,,,,,,,,,,,,,,,,,,,,,,,,,,,,,,,,,,,",लड़का,1,0,100
323,झुक,0,",,,,,,,,,,,,,,,,,,,,,,,,,,,,,,,,,,,,,,",,1,0,100
325,नगरी,0,",,,,,,,,,,,,,,,,,,,,,,,,,,,,,,,,,,,,,,",नगरी,1,0,100
326,प्रवेश,0,",,,,,,,,,,,,,,,,,,,,,,,,,,,,,,,,,,,,,,",प्रवेश,1,0,100
328,रह,0,",,,,,,,,,,,,,,,,,,,,,,,,,,,,,,,,,,,,,,",,1,0,100
331,क्या,0,",,,,,,,,,,,,,,,,,,,,,,,,,,,,,,,,,,,,,,",,1,0,100
333,उसने,0,",,,,,,,,,,,,,,,,,,,,,,,,,,,,,,,,,,,,,,",,1,0,100
336,अपने,0,",,,,,,,,,,,,,,,,,,,,,,,,,,,,,,,,,,,,,,",,0.9591836735,0,100
337,छुड़ाने,0,",,,,,,,,,,,,,,,,,,,,,,,,,,,,,,,,,,,,,,",,1,0,100
338,कोशिश,0,",,,,,,,,,,,,,,,,,,,,,,,,,,,,,,,,,,,,,,",कोशिश,1,0,100
339,उसे,0,",,,,,,,,,,,,,,,,,,,,,,,,,,,,,,,,,,,,,,",,1,0,100
340,इतना,0,",,,,,,,,,,,,,,,,,,,,,,,,,,,,,,,,,,,,,,",इतना,1,0,100
341,रखा,0,",,,,,,,,,,,,,,,,,,,,,,,,,,,,,,,,,,,,,,",,1,0,100
342,वह,0,",,,,,,,,,,,,,,,,,,,,,,,,,,,,,,,,,,,,,,",,1,0,100
343,छुड़ा,0,",,,,,,,,,,,,,,,,,,,,,,,,,,,,,,,,,,,,,,",,1,0,100
345,फिर,0,",,,,,,,,,,,,,,,,,,,,,,,,,,,,,,,,,,,,,,",फिर,1,0,100
347,बाबा,0,",,,,,,,,,,,,,,,,,,,,,,,,,,,,,,,,,,,,,,",बाबा,1,0,100
348,कई,0,",,,,,,,,,,,,,,,,,,,,,,,,,,,,,,,,,,,,,,",कई,1,0,100
350,उनकी,0,",,,,,,,,,,,,,,,,,,,,,,,,,,,,,,,,,,,,,,",,1,0,100
351,राह,0,",,,,,,,,,,,,,,,,,,,,,,,,,,,,,,,,,,,,,,",राह,1,0,100
352,देख,0,",,,,,,,,,,,,,,,,,,,,,,,,,,,,,,,,,,,,,,",,1,0,100
354,इतनी,0,",,,,,,,,,,,,,,,,,,,,,,,,,,,,,,,,,,,,,,",,1,0,100
355,देर,0,",,,,,,,,,,,,,,,,,,,,,,,,,,,,,,,,,,,,,,",देर,1,0,100
356,कैसे,0,",,,,,,,,,,,,,,,,,,,,,,,,,,,,,,,,,,,,,,",कैसे,1,0,100
358,सोच,0,",,,,,,,,,,,,,,,,,,,,,,,,,,,,,,,,,,,,,,",सोच,1,0,100
359,उनका,0,",,,,,,,,,,,,,,,,,,,,,,,,,,,,,,,,,,,,,,",,1,0,100
360,उठता,0,",,,,,,,,,,,,,,,,,,,,,,,,,,,,,,,,,,,,,,",,1,0,100
362,उन्होंने,0,",,,,,,,,,,,,,,,,,,,,,,,,,,,,,,,,,,,,,,",,1,0,100
363,ममता,0,",,,,,,,,,,,,,,,,,,,,,,,,,,,,,,,,,,,,,,",ममता,1,0,100
364,स्वागत,0,",,,,,,,,,,,,,,,,,,,,,,,,,,,,,,,,,,,,,,",स्वागत,1,0,100
366,कक्ष,0,",,,,,,,,,,,,,,,,,,,,,,,,,,,,,,,,,,,,,,",कक्ष,1,0,100
367,उन्हे,0,",,,,,,,,,,,,,,,,,,,,,,,,,,,,,,,,,,,,,,",,1,0,100
369,उस,0,",,,,,,,,,,,,,,,,,,,,,,,,,,,,,,,,,,,,,,",,1,0,100
370,कोई,0,",,,,,,,,,,,,,,,,,,,,,,,,,,,,,,,,,,,,,,",कोई,1,0,100
371,दीवार,0,",,,,,,,,,,,,,,,,,,,,,,,,,,,,,,,,,,,,,,",दीवार,1,0,100
372,हरी-भरी,0,",,,,,,,,,,,,,,,,,,,,,,,,,,,,,,,,,,,,,,",,1,0,100
373,लिपट,0,",,,,,,,,,,,,,,,,,,,,,,,,,,,,,,,,,,,,,,",,1,0,100
376,गीत,0,",,,,,,,,,,,,,,,,,,,,,,,,,,,,,,,,,,,,,,",गीत,1,0,100
377,समाप्त,0,",,,,,,,,,,,,,,,,,,,,,,,,,,,,,,,,,,,,,,",समाप्त,1,0,100
378,हुआ,0,",,,,,,,,,,,,,,,,,,,,,,,,,,,,,,,,,,,,,,",,1,0,100
379,देखा,0,",,,,,,,,,,,,,,,,,,,,,,,,,,,,,,,,,,,,,,",,1,0,100
381,रही,0,",,,,,,,,,,,,,,,,,,,,,,,,,,,,,,,,,,,,,,",,1,0,100
383,हँसने,0,",,,,,,,,,,,,,,,,,,,,,,,,,,,,,,,,,,,,,,",,1,0,100
384,लगा,0,",,,,,,,,,,,,,,,,,,,,,,,,,,,,,,,,,,,,,,",लगा,1,0,100
386,लोक,0,",,,,,,,,,,,,,,,,,,,,,,,,,,,,,,,,,,,,,,",लोक,1,0,100
387,बड़े,0,",,,,,,,,,,,,,,,,,,,,,,,,,,,,,,,,,,,,,,",बड़ा,1,0,100
388,आनंद,0,",,,,,,,,,,,,,,,,,,,,,,,,,,,,,,,,,,,,,,",आनंद,1,0,100
389,बढ़ती,0,",,,,,,,,,,,,,,,,,,,,,,,,,,,,,,,,,,,,,,",बढ़ती,1,0,100
391,सूर्य,0,",,,,,,,,,,,,,,,,,,,,,,,,,,,,,,,,,,,,,,",सूर्य,1,0,100
392,पैर,0,",,,,,,,,,,,,,,,,,,,,,,,,,,,,,,,,,,,,,,",पैर,1,0,100
393,साथ,0,",,,,,,,,,,,,,,,,,,,,,,,,,,,,,,,,,,,,,,",साथ,1,0,100
394,चलते,0,",,,,,,,,,,,,,,,,,,,,,,,,,,,,,,,,,,,,,,",चल,1,0,100
396,रास्ते,0,",,,,,,,,,,,,,,,,,,,,,,,,,,,,,,,,,,,,,,",रास्ता,1,0,100
397,जिसके,0,",,,,,,,,,,,,,,,,,,,,,,,,,,,,,,,,,,,,,,",,1,0,100
398,निर्मल,0,",,,,,,,,,,,,,,,,,,,,,,,,,,,,,,,,,,,,,,",निर्मल,1,0,100
399,जल,0,",,,,,,,,,,,,,,,,,,,,,,,,,,,,,,,,,,,,,,",जल,1,0,100
400,पक्षी,0,",,,,,,,,,,,,,,,,,,,,,,,,,,,,,,,,,,,,,,",पक्षी,1,0,100
401,शाम,0,",,,,,,,,,,,,,,,,,,,,,,,,,,,,,,,,,,,,,,",शाम,1,0,100
402,मौसम,0,",,,,,,,,,,,,,,,,,,,,,,,,,,,,,,,,,,,,,,",मौसम,1,0,100
403,दिया,0,",,,,,,,,,,,,,,,,,,,,,,,,,,,,,,,,,,,,,,",दिया,1,0,100
404,वरना,0,",,,,,,,,,,,,,,,,,,,,,,,,,,,,,,,,,,,,,,",वर,1,0,100
406,थोड़ी,0,",,,,,,,,,,,,,,,,,,,,,,,,,,,,,,,,,,,,,,",,1,0,100
407,पहले,0,",,,,,,,,,,,,,,,,,,,,,,,,,,,,,,,,,,,,,,",पहला,1,0,100
408,धूप,0,",,,,,,,,,,,,,,,,,,,,,,,,,,,,,,,,,,,,,,",धूप,1,0,100
409,खाना,0,",,,,,,,,,,,,,,,,,,,,,,,,,,,,,,,,,,,,,,",खाना,1,0,100
410,खाया,0,",,,,,,,,,,,,,,,,,,,,,,,,,,,,,,,,,,,,,,",खाया,1,0,100
411,खा,0,",,,,,,,,,,,,,,,,,,,,,,,,,,,,,,,,,,,,,,",,1,0,100
412,अभी,0,",,,,,,,,,,,,,,,,,,,,,,,,,,,,,,,,,,,,,,",अभी,1,0,100
413,कमरे,0,",,,,,,,,,,,,,,,,,,,,,,,,,,,,,,,,,,,,,,",कमरा,1,0,100
415,थे,0,",,,,,,,,,,,,,,,,,,,,,,,,,,,,,,,,,,,,,,",,1,0,100
417,घर,0,",,,,,,,,,,,,,,,,,,,,,,,,,,,,,,,,,,,,,,",घर,1,0,100
418,सारे,0,",,,,,,,,,,,,,,,,,,,,,,,,,,,,,,,,,,,,,,",,1,0,100
419,खुले,0,",,,,,,,,,,,,,,,,,,,,,,,,,,,,,,,,,,,,,,",खुला,1,0,100
420,खिड़की,0,",,,,,,,,,,,,,,,,,,,,,,,,,,,,,,,,,,,,,,",,1,0,100
421,दरवाजे,0,",,,,,,,,,,,,,,,,,,,,,,,,,,,,,,,,,,,,,,",दरवाजा,1,0,100
423,हुए,0,",,,,,,,,,,,,,,,,,,,,,,,,,,,,,,,,,,,,,,",,1,0,100
424,आप,0,",,,,,,,,,,,,,,,,,,,,,,,,,,,,,,,,,,,,,,",आप,1,0,100
425,बंद,0,",,,,,,,,,,,,,,,,,,,,,,,,,,,,,,,,,,,,,,",बंद,1,0,100
426,होने,0,",,,,,,,,,,,,,,,,,,,,,,,,,,,,,,,,,,,,,,",,1,0,100
427,लगे,0,",,,,,,,,,,,,,,,,,,,,,,,,,,,,,,,,,,,,,,",,1,0,100
428,खुलने,0,",,,,,,,,,,,,,,,,,,,,,,,,,,,,,,,,,,,,,,",,1,0,100
430,कहीं,0,",,,,,,,,,,,,,,,,,,,,,,,,,,,,,,,,,,,,,,",कहीं,1,0,100
431,गिरी,0,",,,,,,,,,,,,,,,,,,,,,,,,,,,,,,,,,,,,,,",गिरी,1,0,100
432,गिरे,0,",,,,,,,,,,,,,,,,,,,,,,,,,,,,,,,,,,,,,,",गिर,1,0,100
433,जैसे,0,",,,,,,,,,,,,,,,,,,,,,,,,,,,,,,,,,,,,,,",जैसे,1,0,100
434,धरती,0,",,,,,,,,,,,,,,,,,,,,,,,,,,,,,,,,,,,,,,",धरती,1,0,100
435,हिल,0,",,,,,,,,,,,,,,,,,,,,,,,,,,,,,,,,,,,,,,",,1,0,100
436,उठी,0,",,,,,,,,,,,,,,,,,,,,,,,,,,,,,,,,,,,,,,",,1,0,100
437,दीवारे,0,",,,,,,,,,,,,,,,,,,,,,,,,,,,,,,,,,,,,,,",,0.9591836735,0,100
438,काँपने,0,",,,,,,,,,,,,,,,,,,,,,,,,,,,,,,,,,,,,,,",काँप,1,0,100
439,लगी,0,",,,,,,,,,,,,,,,,,,,,,,,,,,,,,,,,,,,,,,",,1,0,100
441,आँगन,0,",,,,,,,,,,,,,,,,,,,,,,,,,,,,,,,,,,,,,,",आँगन,1,0,100
442,लान,0,",,,,,,,,,,,,,,,,,,,,,,,,,,,,,,,,,,,,,,",,1,0,100
443,बड़े,0,",,,,,,,,,,,,,,,,,,,,,,,,,,,,,,,,,,,,,,",,1,0,100
445,बर्फ,0,",,,,,,,,,,,,,,,,,,,,,,,,,,,,,,,,,,,,,,",बर्फ,1,0,100
446,पट,0,",,,,,,,,,,,,,,,,,,,,,,,,,,,,,,,,,,,,,,",पट,1,0,100
449,टूट,0,",,,,,,,,,,,,,,,,,,,,,,,,,,,,,,,,,,,,,,",टूट,1,0,100
450,दूर,0,",,,,,,,,,,,,,,,,,,,,,,,,,,,,,,,,,,,,,,",दूर,1,0,100
453,धड़ाम,0,",,,,,,,,,,,,,,,,,,,,,,,,,,,,,,,,,,,,,,",,1,0,100
454,जो,0,",,,,,,,,,,,,,,,,,,,,,,,,,,,,,,,,,,,,,,",,1,0,100
455,बारिश,0,",,,,,,,,,,,,,,,,,,,,,,,,,,,,,,,,,,,,,,",बारिश,1,0,100
456,शुरू,0,",,,,,,,,,,,,,,,,,,,,,,,,,,,,,,,,,,,,,,",शुरू,1,0,100
457,हुई,0,",,,,,,,,,,,,,,,,,,,,,,,,,,,,,,,,,,,,,,",,1,0,100
458,पानी,0,",,,,,,,,,,,,,,,,,,,,,,,,,,,,,,,,,,,,,,",पानी,1,0,100
459,बूँदे,0,",,,,,,,,,,,,,,,,,,,,,,,,,,,,,,,,,,,,,,",बूँद,1,0,100
460,हों,0,",,,,,,,,,,,,,,,,,,,,,,,,,,,,,,,,,,,,,,",,1,0,100
461,जिन्हे,0,",,,,,,,,,,,,,,,,,,,,,,,,,,,,,,,,,,,,,,",,1,0,100
462,पकड़,0,",,,,,,,,,,,,,,,,,,,,,,,,,,,,,,,,,,,,,,",,1,0,100
463,चाहे,0,",,,,,,,,,,,,,,,,,,,,,,,,,,,,,,,,,,,,,,",चाह,1,0,100
464,वहाँ,0,",,,,,,,,,,,,,,,,,,,,,,,,,,,,,,,,,,,,,,",वहाँ,1,0,100
465,तक,0,",,,,,,,,,,,,,,,,,,,,,,,,,,,,,,,,,,,,,,",तक,1,0,100
468,जहाँ,0,",,,,,,,,,,,,,,,,,,,,,,,,,,,,,,,,,,,,,,",जहाँ,1,0,100
469,ये,0,",,,,,,,,,,,,,,,,,,,,,,,,,,,,,,,,,,,,,,",,1,0,100
470,छोड़ी,0,",,,,,,,,,,,,,,,,,,,,,,,,,,,,,,,,,,,,,,",,1,0,100
471,या,0,",,,,,,,,,,,,,,,,,,,,,,,,,,,,,,,,,,,,,,",,1,0,100
473,घराने,0,",,,,,,,,,,,,,,,,,,,,,,,,,,,,,,,,,,,,,,",घराना,1,0,100
474,सबके,0,",,,,,,,,,,,,,,,,,,,,,,,,,,,,,,,,,,,,,,",,1,0,100
476,नीम,0,",,,,,,,,,,,,,,,,,,,,,,,,,,,,,,,,,,,,,,",नीम,1,0,100
477,पेड़,0,",,,,,,,,,,,,,,,,,,,,,,,,,,,,,,,,,,,,,,",,1,0,100
479,अकेले,0,",,,,,,,,,,,,,,,,,,,,,,,,,,,,,,,,,,,,,,",अकेला,1,0,100
480,जिनके,0,",,,,,,,,,,,,,,,,,,,,,,,,,,,,,,,,,,,,,,",,1,0,100
481,सामने,0,",,,,,,,,,,,,,,,,,,,,,,,,,,,,,,,,,,,,,,",सामना,1,0,100
482,लगने,0,",,,,,,,,,,,,,,,,,,,,,,,,,,,,,,,,,,,,,,",,1,0,100
483,पकने,0,",,,,,,,,,,,,,,,,,,,,,,,,,,,,,,,,,,,,,,",,1,0,100
484,जिसकी,0,",,,,,,,,,,,,,,,,,,,,,,,,,,,,,,,,,,,,,,",,1,0,100
485,शायद,0,",,,,,,,,,,,,,,,,,,,,,,,,,,,,,,,,,,,,,,",शायद,1,0,100
486,आती,0,",,,,,,,,,,,,,,,,,,,,,,,,,,,,,,,,,,,,,,",आ,1,0,100
487,लड़के,0,",,,,,,,,,,,,,,,,,,,,,,,,,,,,,,,,,,,,,,",,1,0,100
488,बच्चे,0,",,,,,,,,,,,,,,,,,,,,,,,,,,,,,,,,,,,,,,",बच्चा,1,0,100
489,छिपाए,0,",,,,,,,,,,,,,,,,,,,,,,,,,,,,,,,,,,,,,,",छिपा,1,0,100
490,रहते,0,",,,,,,,,,,,,,,,,,,,,,,,,,,,,,,,,,,,,,,",,1,0,100
491,तब,0,",,,,,,,,,,,,,,,,,,,,,,,,,,,,,,,,,,,,,,",तब,1,0,100
492,खटिया,0,",,,,,,,,,,,,,,,,,,,,,,,,,,,,,,,,,,,,,,",खटिया,1,0,100
494,पड़े,0,",,,,,,,,,,,,,,,,,,,,,,,,,,,,,,,,,,,,,,",,1,0,100
495,गर्मी,0,",,,,,,,,,,,,,,,,,,,,,,,,,,,,,,,,,,,,,,",गर्मी,1,0,100
496,बर्दाश्त,0,",,,,,,,,,,,,,,,,,,,,,,,,,,,,,,,,,,,,,,",बर्दाश्त,1,0,100
497,लायक,0,",,,,,,,,,,,,,,,,,,,,,,,,,,,,,,,,,,,,,,",लायक,1,0,100
498,रहती,0,",,,,,,,,,,,,,,,,,,,,,,,,,,,,,,,,,,,,,,",,1,0,100
500,भर,0,",,,,,,,,,,,,,,,,,,,,,,,,,,,,,,,,,,,,,,",भर,1,0,100
501,चटनी-अचार,0,",,,,,,,,,,,,,,,,,,,,,,,,,,,,,,,,,,,,,,",,0.9591836735,0,100
502,काम,0,",,,,,,,,,,,,,,,,,,,,,,,,,,,,,,,,,,,,,,",काम,1,0,100
503,लाख,0,",,,,,,,,,,,,,,,,,,,,,,,,,,,,,,,,,,,,,,",लाख,1,0,100
504,बावजूद,0,",,,,,,,,,,,,,,,,,,,,,,,,,,,,,,,,,,,,,,",बावजूद,1,0,100
505,उसी,0,",,,,,,,,,,,,,,,,,,,,,,,,,,,,,,,,,,,,,,",,1,0,100
506,चलता,0,",,,,,,,,,,,,,,,,,,,,,,,,,,,,,,,,,,,,,,",चलता,1,0,100
507,इधर,0,",,,,,,,,,,,,,,,,,,,,,,,,,,,,,,,,,,,,,,",इधर,1,0,100
508,उधर,0,",,,,,,,,,,,,,,,,,,,,,,,,,,,,,,,,,,,,,,",उधर,1,0,100
509,पकड़ने,0,",,,,,,,,,,,,,,,,,,,,,,,,,,,,,,,,,,,,,,",,1,0,100
510,घात,0,",,,,,,,,,,,,,,,,,,,,,,,,,,,,,,,,,,,,,,",घात,1,0,100
511,पकड़ते,0,",,,,,,,,,,,,,,,,,,,,,,,,,,,,,,,,,,,,,,",,1,0,100
512,तीन,0,",,,,,,,,,,,,,,,,,,,,,,,,,,,,,,,,,,,,,,",तीन,1,0,100
513,पा,0,",,,,,,,,,,,,,,,,,,,,,,,,,,,,,,,,,,,,,,",पा,1,0,100
516,डेढ़,0,",,,,,,,,,,,,,,,,,,,,,,,,,,,,,,,,,,,,,,",,1,0,100
517,महीने,0,",,,,,,,,,,,,,,,,,,,,,,,,,,,,,,,,,,,,,,",महीना,1,0,100
519,जाती,0,",,,,,,,,,,,,,,,,,,,,,,,,,,,,,,,,,,,,,,",जाती,1,0,100
520,चुप,0,",,,,,,,,,,,,,,,,,,,,,,,,,,,,,,,,,,,,,,",चुप,1,0,100
522,मैं,0,",,,,,,,,,,,,,,,,,,,,,,,,,,,,,,,,,,,,,,",,1,0,100
523,अकसर,0,",,,,,,,,,,,,,,,,,,,,,,,,,,,,,,,,,,,,,,",अकसर,1,0,100
524,झूले,0,",,,,,,,,,,,,,,,,,,,,,,,,,,,,,,,,,,,,,,",झूल,1,0,100
526,गोल-गोल,0,",,,,,,,,,,,,,,,,,,,,,,,,,,,,,,,,,,,,,,",गोल-गोल,1,0,100
527,घुमा,0,",,,,,,,,,,,,,,,,,,,,,,,,,,,,,,,,,,,,,,",घुमा,1,0,100
528,छोड़,0,",,,,,,,,,,,,,,,,,,,,,,,,,,,,,,,,,,,,,,",,1,0,100
530,खुलतीं,0,",,,,,,,,,,,,,,,,,,,,,,,,,,,,,,,,,,,,,,",,1,0,100
532,खत्म,0,",,,,,,,,,,,,,,,,,,,,,,,,,,,,,,,,,,,,,,",खत्म,1,0,100
534,घूमेती,0,",,,,,,,,,,,,,,,,,,,,,,,,,,,,,,,,,,,,,,",,1,0,100
537,वाले,0,",,,,,,,,,,,,,,,,,,,,,,,,,,,,,,,,,,,,,,",,1,0,100
538,सचमुच,0,",,,,,,,,,,,,,,,,,,,,,,,,,,,,,,,,,,,,,,",सचमुच,1,0,100
539,किसी,0,",,,,,,,,,,,,,,,,,,,,,,,,,,,,,,,,,,,,,,",,1,0,100
540,रोक,0,",,,,,,,,,,,,,,,,,,,,,,,,,,,,,,,,,,,,,,",रोक,1,0,100
542,ठीक,0,",,,,,,,,,,,,,,,,,,,,,,,,,,,,,,,,,,,,,,",ठीक,1,0,100
543,रहस्यमय,0,",,,,,,,,,,,,,,,,,,,,,,,,,,,,,,,,,,,,,,",रहस्यमय,1,0,100
544,यहाँ,0,",,,,,,,,,,,,,,,,,,,,,,,,,,,,,,,,,,,,,,",यहाँ,1,0,100
545,सुबहों,0,",,,,,,,,,,,,,,,,,,,,,,,,,,,,,,,,,,,,,,",,1,0,100
548,अन्तर,0,",,,,,,,,,,,,,,,,,,,,,,,,,,,,,,,,,,,,,,",अन्तर,1,0,100
549,सुबह,0,",,,,,,,,,,,,,,,,,,,,,,,,,,,,,,,,,,,,,,",सुबह,1,0,100
550,पंछियों,0,",,,,,,,,,,,,,,,,,,,,,,,,,,,,,,,,,,,,,,",पंछी,1,0,100
551,गूँजता,0,",,,,,,,,,,,,,,,,,,,,,,,,,,,,,,,,,,,,,,",गूँज,1,0,100
552,दोपहर,0,",,,,,,,,,,,,,,,,,,,,,,,,,,,,,,,,,,,,,,",दोपहर,1,0,100
553,यही,0,",,,,,,,,,,,,,,,,,,,,,,,,,,,,,,,,,,,,,,",,1,0,100
554,लगता,0,",,,,,,,,,,,,,,,,,,,,,,,,,,,,,,,,,,,,,,",,1,0,100
555,लौटने,0,",,,,,,,,,,,,,,,,,,,,,,,,,,,,,,,,,,,,,,",लौट,1,0,100
557,रात,0,",,,,,,,,,,,,,,,,,,,,,,,,,,,,,,,,,,,,,,",रात,1,0,100
558,देने,0,",,,,,,,,,,,,,,,,,,,,,,,,,,,,,,,,,,,,,,",देना,1,0,100
559,वाली,0,",,,,,,,,,,,,,,,,,,,,,,,,,,,,,,,,,,,,,,",वाली,1,0,100
560,उदास,0,",,,,,,,,,,,,,,,,,,,,,,,,,,,,,,,,,,,,,,",उदास,1,0,100
561,शान्ति,0,",,,,,,,,,,,,,,,,,,,,,,,,,,,,,,,,,,,,,,",शान्ति,1,0,100
563,जैसी,0,",,,,,,,,,,,,,,,,,,,,,,,,,,,,,,,,,,,,,,",,1,0,100
564,मैंने,0,",,,,,,,,,,,,,,,,,,,,,,,,,,,,,,,,,,,,,,",,1,0,100
565,देखी,0,",,,,,,,,,,,,,,,,,,,,,,,,,,,,,,,,,,,,,,",,1,0,100
566,कुशल,0,",,,,,,,,,,,,,,,,,,,,,,,,,,,,,,,,,,,,,,",कुशल,1,0,100
568,समा,0,",,,,,,,,,,,,,,,,,,,,,,,,,,,,,,,,,,,,,,",समा,1,0,100
570,समय,0,",,,,,,,,,,,,,,,,,,,,,,,,,,,,,,,,,,,,,,",समय,1,0,100
571,पूरी,0,",,,,,,,,,,,,,,,,,,,,,,,,,,,,,,,,,,,,,,",पूरी,1,0,100
572,बिछने,0,",,,,,,,,,,,,,,,,,,,,,,,,,,,,,,,,,,,,,,",,1,0,100
574,कतारे,0,",,,,,,,,,,,,,,,,,,,,,,,,,,,,,,,,,,,,,,",कतारा,1,0,100
575,गायब,0,",,,,,,,,,,,,,,,,,,,,,,,,,,,,,,,,,,,,,,",गायब,1,0,100
576,रोज,0,",,,,,,,,,,,,,,,,,,,,,,,,,,,,,,,,,,,,,,",रोज,1,0,100
577,जिस,0,",,,,,,,,,,,,,,,,,,,,,,,,,,,,,,,,,,,,,,",,1,0,100
578,गली,0,",,,,,,,,,,,,,,,,,,,,,,,,,,,,,,,,,,,,,,",गली,1,0,100
579,आधी,0,",,,,,,,,,,,,,,,,,,,,,,,,,,,,,,,,,,,,,,",,1,0,100
580,बिना,0,",,,,,,,,,,,,,,,,,,,,,,,,,,,,,,,,,,,,,,",बिना,1,0,100
581,टकराए,0,",,,,,,,,,,,,,,,,,,,,,,,,,,,,,,,,,,,,,,",,1,0,100
583,आज,0,",,,,,,,,,,,,,,,,,,,,,,,,,,,,,,,,,,,,,,",आज,1,0,100
584,चौड़ी,0,",,,,,,,,,,,,,,,,,,,,,,,,,,,,,,,,,,,,,,",चौड़ा,1,0,100
585,सड़क,0,",,,,,,,,,,,,,,,,,,,,,,,,,,,,,,,,,,,,,,",सड़क,1,0,100
586,लग,0,",,,,,,,,,,,,,,,,,,,,,,,,,,,,,,,,,,,,,,",,1,0,100
589,कारण,0,",,,,,,,,,,,,,,,,,,,,,,,,,,,,,,,,,,,,,,",कारण,1,0,100
590,उनसे,0,",,,,,,,,,,,,,,,,,,,,,,,,,,,,,,,,,,,,,,",,1,0,100
591,पड़ने,0,",,,,,,,,,,,,,,,,,,,,,,,,,,,,,,,,,,,,,,",,1,0,100
592,वाला,0,",,,,,,,,,,,,,,,,,,,,,,,,,,,,,,,,,,,,,,",,1,0,100
595,पड़,0,",,,,,,,,,,,,,,,,,,,,,,,,,,,,,,,,,,,,,,",,1,0,100
596,रहा,0,",,,,,,,,,,,,,,,,,,,,,,,,,,,,,,,,,,,,,,",,1,0,100
597,अँधेरे,0,",,,,,,,,,,,,,,,,,,,,,,,,,,,,,,,,,,,,,,",अँधेरा,1,0,100
598,बढ़ा,0,",,,,,,,,,,,,,,,,,,,,,,,,,,,,,,,,,,,,,,",,1,0,100
599,इसका,0,",,,,,,,,,,,,,,,,,,,,,,,,,,,,,,,,,,,,,,",,1,0,100
600,खूब,0,",,,,,,,,,,,,,,,,,,,,,,,,,,,,,,,,,,,,,,",खूब,1,0,100
601,अंदाज,0,",,,,,,,,,,,,,,,,,,,,,,,,,,,,,,,,,,,,,,",अंदाज,1,0,100
602,राव,0,",,,,,,,,,,,,,,,,,,,,,,,,,,,,,,,,,,,,,,",राव,1,0,100
603,साहब,0,",,,,,,,,,,,,,,,,,,,,,,,,,,,,,,,,,,,,,,",साहब,1,0,100
604,परेशान,0,",,,,,,,,,,,,,,,,,,,,,,,,,,,,,,,,,,,,,,",परेशान,1,0,100
606,कुछ,0,",,,,,,,,,,,,,,,,,,,,,,,,,,,,,,,,,,,,,,",कुछ,1,0,100
608,अन्य,0,",,,,,,,,,,,,,,,,,,,,,,,,,,,,,,,,,,,,,,",अन्य,1,0,100
611,वे,0,",,,,,,,,,,,,,,,,,,,,,,,,,,,,,,,,,,,,,,",वे,1,0,100
613,बैठे,0,",,,,,,,,,,,,,,,,,,,,,,,,,,,,,,,,,,,,,,",,1,0,100
614,ओर,0,",,,,,,,,,,,,,,,,,,,,,,,,,,,,,,,,,,,,,,",ओर,1,0,100
615,मदन,0,",,,,,,,,,,,,,,,,,,,,,,,,,,,,,,,,,,,,,,",मदन,1,0,100
616,जी,0,",,,,,,,,,,,,,,,,,,,,,,,,,,,,,,,,,,,,,,",जी,1,0,100
618,सहमत,0,",,,,,,,,,,,,,,,,,,,,,,,,,,,,,,,,,,,,,,",सहमत,1,0,100
620,मतलब,0,",,,,,,,,,,,,,,,,,,,,,,,,,,,,,,,,,,,,,,",मतलब,1,0,100
622,याने,0,",,,,,,,,,,,,,,,,,,,,,,,,,,,,,,,,,,,,,,",,1,0,100
624,गांधी,0,",,,,,,,,,,,,,,,,,,,,,,,,,,,,,,,,,,,,,,",गांधी,1,0,100
625,नेहरू,0,",,,,,,,,,,,,,,,,,,,,,,,,,,,,,,,,,,,,,,",नेहरू,1,0,100
626,सत्ता,0,",,,,,,,,,,,,,,,,,,,,,,,,,,,,,,,,,,,,,,",सत्ता,1,0,100
627,छोड़,0,",,,,,,,,,,,,,,,,,,,,,,,,,,,,,,,,,,,,,,",,1,0,100
628,सकते,0,",,,,,,,,,,,,,,,,,,,,,,,,,,,,,,,,,,,,,,",,1,0,100
629,महिलाओं,0,",,,,,,,,,,,,,,,,,,,,,,,,,,,,,,,,,,,,,,",महिला,1,0,100
630,जाग,0,",,,,,,,,,,,,,,,,,,,,,,,,,,,,,,,,,,,,,,",,1,0,100
631,उठती,0,",,,,,,,,,,,,,,,,,,,,,,,,,,,,,,,,,,,,,,",,1,0,100
633,मानो,0,",,,,,,,,,,,,,,,,,,,,,,,,,,,,,,,,,,,,,,",मान,1,0,100
634,चिंताओं,0,",,,,,,,,,,,,,,,,,,,,,,,,,,,,,,,,,,,,,,",चिंता,0.9591836735,0,100
635,ह्रदय,0,",,,,,,,,,,,,,,,,,,,,,,,,,,,,,,,,,,,,,,",,1,0,100
636,धो,0,",,,,,,,,,,,,,,,,,,,,,,,,,,,,,,,,,,,,,,",,1,0,100
637,हरा,0,",,,,,,,,,,,,,,,,,,,,,,,,,,,,,,,,,,,,,,",हरा,1,0,100
638,देती,0,",,,,,,,,,,,,,,,,,,,,,,,,,,,,,,,,,,,,,,",,1,0,100
639,दिल,0,",,,,,,,,,,,,,,,,,,,,,,,,,,,,,,,,,,,,,,",दिल,1,0,100
643,साडियों,0,",,,,,,,,,,,,,,,,,,,,,,,,,,,,,,,,,,,,,,",,1,0,100
644,हरियाली,0,",,,,,,,,,,,,,,,,,,,,,,,,,,,,,,,,,,,,,,",हरियाली,1,0,100
645,नाता,0,",,,,,,,,,,,,,,,,,,,,,,,,,,,,,,,,,,,,,,",नाता,1,0,100
646,जोड़ा,0,",,,,,,,,,,,,,,,,,,,,,,,,,,,,,,,,,,,,,,",जोड़ा,1,0,100
647,इसी,0,",,,,,,,,,,,,,,,,,,,,,,,,,,,,,,,,,,,,,,",,1,0,100
648,आकर,0,",,,,,,,,,,,,,,,,,,,,,,,,,,,,,,,,,,,,,,",आकर,1,0,100
649,पास,0,",,,,,,,,,,,,,,,,,,,,,,,,,,,,,,,,,,,,,,",पास,1,0,100
650,खडा,0,",,,,,,,,,,,,,,,,,,,,,,,,,,,,,,,,,,,,,,",,1,0,100
689,देकर,0,",,,,,,,,,,,,,,,,,,,,,,,,,,,,,,,,,,,,,,",,0.9591836735,0,100
690,ठहराया,0,",,,,,,,,,,,,,,,,,,,,,,,,,,,,,,,,,,,,,,",ठहराया,0.9591836735,0,100
,,,,,,,
,,,,Mean,,,
,,,,SD,,,
,,,,,,,
,,,,,,,
,,,,,,,
,,,,,,,
,,,,,,,
,,,,,,,
,,,,Krippendorff;s aplha for overall agreement,,,
