Rowno,Count,Count,Row,Row,Row,,,,,,,,,,,,,,,,,,,,,,,,,,,,,,,,,,,,,,
1,39,39,"1,3,4,5,7,10,12,14,15,16,17,19,20,21,22,24,25,26,27,28,29,30,31,32,33,34,36,37,38,39,41,45,46,48,49,51,52,54,55","1,3,4,5,7,10,12,14,15,16,17,19,20,21,22,24,25,26,27,28,29,30,31,32,33,34,36,37,38,39,41,45,46,48,49,51,52,54,55",1,3,4,5,7,10,12,14,15,16,17,19,20,21,22,24,25,26,27,28,29,30,31,32,33,34,36,37,38,39,41,45,46,48,49,51,52,54,55
41,34,34,"3,4,5,7,9,10,13,17,19,20,21,22,24,27,28,30,32,33,34,35,36,37,38,39,40,41,42,44,45,46,49,52,54,55,,,,,","3,4,5,7,9,10,13,17,19,20,21,22,24,27,28,30,32,33,34,35,36,37,38,39,40,41,42,44,45,46,49,52,54,55,,,,,",3,4,5,7,9,10,13,17,19,20,21,22,24,27,28,30,32,33,34,35,36,37,38,39,40,41,42,44,45,46,49,52,54,55,,,,,
33,28,28,"3,5,7,9,12,13,14,15,18,20,21,22,26,28,31,34,36,37,38,40,41,44,45,46,52,53,54,55,,,,,,,,,,,","3,5,7,9,12,13,14,15,18,20,21,22,26,28,31,34,36,37,38,40,41,44,45,46,52,53,54,55,,,,,,,,,,,",3,5,7,9,12,13,14,15,18,20,21,22,26,28,31,34,36,37,38,40,41,44,45,46,52,53,54,55,,,,,,,,,,,
36,26,26,"3,13,14,15,20,21,22,24,26,28,30,31,32,35,36,37,38,40,42,43,45,46,49,,51,53,54,,,,,,,,,,,,","3,13,14,15,20,21,22,24,26,28,30,31,32,35,36,37,38,40,42,43,45,46,49,,51,53,54,,,,,,,,,,,,",3,13,14,15,20,21,22,24,26,28,30,31,32,35,36,37,38,40,42,43,45,46,49,,51,53,54,,,,,,,,,,,,
38,27,27,"3,5,12,15,22,24,27,28,41,42,46,48,51,52,53,54,55,4,13,14,17,21,26,33,43,44,49,,,,,,,,,,,,","3,5,12,15,22,24,27,28,41,42,46,48,51,52,53,54,55,4,13,14,17,21,26,33,43,44,49,,,,,,,,,,,,",3,5,12,15,22,24,27,28,41,42,46,48,51,52,53,54,55,4,13,14,17,21,26,33,43,44,49,,,,,,,,,,,,
45,27,27,"3,4,5,7,12,14,15,17,19,20,21,22,26,27,28,30,32,35,37,38,42,43,44,49,52,54,55,,,,,,,,,,,,","3,4,5,7,12,14,15,17,19,20,21,22,26,27,28,30,32,35,37,38,42,43,44,49,52,54,55,,,,,,,,,,,,",3,4,5,7,12,14,15,17,19,20,21,22,26,27,28,30,32,35,37,38,42,43,44,49,52,54,55,,,,,,,,,,,,
24,26,26,"2,3,,12,13,14,16,19,21,24,26,28,31,34,35,36,37,40,41,42,43,46,49,51,53,54,55,,,,,,,,,,,,","2,3,,12,13,14,16,19,21,24,26,28,31,34,35,36,37,40,41,42,43,46,49,51,53,54,55,,,,,,,,,,,,",2,3,,12,13,14,16,19,21,24,26,28,31,34,35,36,37,40,41,42,43,46,49,51,53,54,55,,,,,,,,,,,,
6,25,25,"1,3,4,5,7,10,14,15,19,27,28,30,32,33,35,36,37,42,43,44,46,49,51,52,54,,,,,,,,,,,,,,","1,3,4,5,7,10,14,15,19,27,28,30,32,33,35,36,37,42,43,44,46,49,51,52,54,,,,,,,,,,,,,,",1,3,4,5,7,10,14,15,19,27,28,30,32,33,35,36,37,42,43,44,46,49,51,52,54,,,,,,,,,,,,,,
20,22,22,"1,3,4,5,7,10,13,15,18,19,22,28,30,32,33,37,42,43,44,49,52,55,,,,,,,,,,,,,,,,,","1,3,4,5,7,10,13,15,18,19,22,28,30,32,33,37,42,43,44,49,52,55,,,,,,,,,,,,,,,,,",1,3,4,5,7,10,13,15,18,19,22,28,30,32,33,37,42,43,44,49,52,55,,,,,,,,,,,,,,,,,
56,22,22,"4,7,13,17,19,20,21,22,26,30,33,37,38,39,40,41,42,43,44,46,49,54,,,,,,,,,,,,,,,,,","4,7,13,17,19,20,21,22,26,30,33,37,38,39,40,41,42,43,44,46,49,54,,,,,,,,,,,,,,,,,",4,7,13,17,19,20,21,22,26,30,33,37,38,39,40,41,42,43,44,46,49,54,,,,,,,,,,,,,,,,,
60,22,22,"4,5,10,14,16,17,21,22,24,28,30,34,37,38,40,42,43,44,46,49,51,52,,,,,,,,,,,,,,,,,","4,5,10,14,16,17,21,22,24,28,30,34,37,38,40,42,43,44,46,49,51,52,,,,,,,,,,,,,,,,,",4,5,10,14,16,17,21,22,24,28,30,34,37,38,40,42,43,44,46,49,51,52,,,,,,,,,,,,,,,,,
44,21,21,"3,4,12,14,17,19,21,22,24,25,28,31,32,33,40,41,42,43,44,51,53,,,,,,,,,,,,,,,,,,","3,4,12,14,17,19,21,22,24,25,28,31,32,33,40,41,42,43,44,51,53,,,,,,,,,,,,,,,,,,",3,4,12,14,17,19,21,22,24,25,28,31,32,33,40,41,42,43,44,51,53,,,,,,,,,,,,,,,,,,
62,21,21,"5,12,13,14,15,17,18,21,22,26,27,28,32,35,37,40,48,49,52,54,55,,,,,,,,,,,,,,,,,,","5,12,13,14,15,17,18,21,22,26,27,28,32,35,37,40,48,49,52,54,55,,,,,,,,,,,,,,,,,,",5,12,13,14,15,17,18,21,22,26,27,28,32,35,37,40,48,49,52,54,55,,,,,,,,,,,,,,,,,,
14,20,20,"1,4,5,12,15,17,18,19,20,25,28,31,32,37,39,40,42,49,51,54,,,,,,,,,,,,,,,,,,,","1,4,5,12,15,17,18,19,20,25,28,31,32,37,39,40,42,49,51,54,,,,,,,,,,,,,,,,,,,",1,4,5,12,15,17,18,19,20,25,28,31,32,37,39,40,42,49,51,54,,,,,,,,,,,,,,,,,,,
18,20,20,",1,3,5,12,15,17,18,21,24,26,28,30,32,33,42,44,49,52,53,51,,,,,,,,,,,,,,,,,,",",1,3,5,12,15,17,18,21,24,26,28,30,32,33,42,44,49,52,53,51,,,,,,,,,,,,,,,,,,",,1,3,5,12,15,17,18,21,24,26,28,30,32,33,42,44,49,52,53,51,,,,,,,,,,,,,,,,,,
32,20,20,"2,3,15,20,21,22,26,30,32,33,37,38,42,44,46,49,51,52,53,55,,,,,,,,,,,,,,,,,,,","2,3,15,20,21,22,26,30,32,33,37,38,42,44,46,49,51,52,53,55,,,,,,,,,,,,,,,,,,,",2,3,15,20,21,22,26,30,32,33,37,38,42,44,46,49,51,52,53,55,,,,,,,,,,,,,,,,,,,
21,18,18,"1,3,15,17,18,21,22,26,27,28,30,32,33,38,40,42,49,52,,,,,,,,,,,,,,,,,,,,,","1,3,15,17,18,21,22,26,27,28,30,32,33,38,40,42,49,52,,,,,,,,,,,,,,,,,,,,,",1,3,15,17,18,21,22,26,27,28,30,32,33,38,40,42,49,52,,,,,,,,,,,,,,,,,,,,,
63,18,18,"5,10,12,14,15,19,20,22,27,28,30,32,33,36,37,38,44,49,,,,,,,,,,,,,,,,,,,,,","5,10,12,14,15,19,20,22,27,28,30,32,33,36,37,38,44,49,,,,,,,,,,,,,,,,,,,,,",5,10,12,14,15,19,20,22,27,28,30,32,33,36,37,38,44,49,,,,,,,,,,,,,,,,,,,,,
22,16,16,"2,3,5,12,15,22,26,28,31,34,35,41,43,44,,51,55,,,,,,,,,,,,,,,,,,,,,,","2,3,5,12,15,22,26,28,31,34,35,41,43,44,,51,55,,,,,,,,,,,,,,,,,,,,,,",2,3,5,12,15,22,26,28,31,34,35,41,43,44,,51,55,,,,,,,,,,,,,,,,,,,,,,
65,17,17,"5,13,14,17,20,26,27,28,32,33,36,37,38,39,42,44,55,,,,,,,,,,,,,,,,,,,,,,","5,13,14,17,20,26,27,28,32,33,36,37,38,39,42,44,55,,,,,,,,,,,,,,,,,,,,,,",5,13,14,17,20,26,27,28,32,33,36,37,38,39,42,44,55,,,,,,,,,,,,,,,,,,,,,,
52,16,16,"4,12,14,19,2,24,26,28,34,37,38,41,42,43,45,52,,,,,,,,,,,,,,,,,,,,,,,","4,12,14,19,2,24,26,28,34,37,38,41,42,43,45,52,,,,,,,,,,,,,,,,,,,,,,,",4,12,14,19,2,24,26,28,34,37,38,41,42,43,45,52,,,,,,,,,,,,,,,,,,,,,,,
53,16,16,"4,5,13,15,19,22,24,26,28,30,33,35,44,49,53,54,,,,,,,,,,,,,,,,,,,,,,,","4,5,13,15,19,22,24,26,28,30,33,35,44,49,53,54,,,,,,,,,,,,,,,,,,,,,,,",4,5,13,15,19,22,24,26,28,30,33,35,44,49,53,54,,,,,,,,,,,,,,,,,,,,,,,
82,16,16,"7,17,19,22,25,30,33,34,37,38,39,40,44,49,52,54,,,,,,,,,,,,,,,,,,,,,,,","7,17,19,22,25,30,33,34,37,38,39,40,44,49,52,54,,,,,,,,,,,,,,,,,,,,,,,",7,17,19,22,25,30,33,34,37,38,39,40,44,49,52,54,,,,,,,,,,,,,,,,,,,,,,,
4,15,15,"1,5,7,12,16,19,20,30,38,41,42,43,44,52,55,,,,,,,,,,,,,,,,,,,,,,,,","1,5,7,12,16,19,20,30,38,41,42,43,44,52,55,,,,,,,,,,,,,,,,,,,,,,,,",1,5,7,12,16,19,20,30,38,41,42,43,44,52,55,,,,,,,,,,,,,,,,,,,,,,,,
137,13,13,"15,27,28,33,43,,53,55,12,14,16,44,1,35,,,,,,,,,,,,,,,,,,,,,,,,,","15,27,28,33,43,,53,55,12,14,16,44,1,35,,,,,,,,,,,,,,,,,,,,,,,,,",15,27,28,33,43,,53,55,12,14,16,44,1,35,,,,,,,,,,,,,,,,,,,,,,,,,
30,13,13,"2,13,14,19,24,27,30,35,37,40,42,46,49,,,,,,,,,,,,,,,,,,,,,,,,,,","2,13,14,19,24,27,30,35,37,40,42,46,49,,,,,,,,,,,,,,,,,,,,,,,,,,",2,13,14,19,24,27,30,35,37,40,42,46,49,,,,,,,,,,,,,,,,,,,,,,,,,,
40,13,13,"3,12,13,19,21,22,28,34,36,37,39,43,44,,,,,,,,,,,,,,,,,,,,,,,,,,","3,12,13,19,21,22,28,34,36,37,39,43,44,,,,,,,,,,,,,,,,,,,,,,,,,,",3,12,13,19,21,22,28,34,36,37,39,43,44,,,,,,,,,,,,,,,,,,,,,,,,,,
13,12,12,"1,7,17,19,21,30,33,34,36,37,44,52,,,,,,,,,,,,,,,,,,,,,,,,,,,","1,7,17,19,21,30,33,34,36,37,44,52,,,,,,,,,,,,,,,,,,,,,,,,,,,",1,7,17,19,21,30,33,34,36,37,44,52,,,,,,,,,,,,,,,,,,,,,,,,,,,
26,12,12,"2,7,12,19,20,21,25,30,37,38,42,52,,,,,,,,,,,,,,,,,,,,,,,,,,,","2,7,12,19,20,21,25,30,37,38,42,52,,,,,,,,,,,,,,,,,,,,,,,,,,,",2,7,12,19,20,21,25,30,37,38,42,52,,,,,,,,,,,,,,,,,,,,,,,,,,,
104,12,12,"12,13,14,19,27,30,34,36,40,42,43,52,,,,,,,,,,,,,,,,,,,,,,,,,,,","12,13,14,19,27,30,34,36,40,42,43,52,,,,,,,,,,,,,,,,,,,,,,,,,,,",12,13,14,19,27,30,34,36,40,42,43,52,,,,,,,,,,,,,,,,,,,,,,,,,,,
113,12,12,"12,21,24,27,35,38,40,43,49,51,53,55,,,,,,,,,,,,,,,,,,,,,,,,,,,","12,21,24,27,35,38,40,43,49,51,53,55,,,,,,,,,,,,,,,,,,,,,,,,,,,",12,21,24,27,35,38,40,43,49,51,53,55,,,,,,,,,,,,,,,,,,,,,,,,,,,
134,11,11,"15,17,18,19,22,26,42,44,48,,52,54,,,,,,,,,,,,,,,,,,,,,,,,,,,","15,17,18,19,22,26,42,44,48,,52,54,,,,,,,,,,,,,,,,,,,,,,,,,,,",15,17,18,19,22,26,42,44,48,,52,54,,,,,,,,,,,,,,,,,,,,,,,,,,,
157,12,12,"17,18,19,26,28,33,42,43,44,49,51,55,,,,,,,,,,,,,,,,,,,,,,,,,,,","17,18,19,26,28,33,42,43,44,49,51,55,,,,,,,,,,,,,,,,,,,,,,,,,,,",17,18,19,26,28,33,42,43,44,49,51,55,,,,,,,,,,,,,,,,,,,,,,,,,,,
9,11,11,"1,7,10,19,25,27,30,37,39,42,49,,,,,,,,,,,,,,,,,,,,,,,,,,,,","1,7,10,19,25,27,30,37,39,42,49,,,,,,,,,,,,,,,,,,,,,,,,,,,,",1,7,10,19,25,27,30,37,39,42,49,,,,,,,,,,,,,,,,,,,,,,,,,,,,
129,11,11,"14,17,19,24,26,35,37,43,49,51,55,,,,,,,,,,,,,,,,,,,,,,,,,,,,","14,17,19,24,26,35,37,43,49,51,55,,,,,,,,,,,,,,,,,,,,,,,,,,,,",14,17,19,24,26,35,37,43,49,51,55,,,,,,,,,,,,,,,,,,,,,,,,,,,,
12,10,10,"1,4,5,10,24,28,30,44,51,52,,,,,,,,,,,,,,,,,,,,,,,,,,,,,","1,4,5,10,24,28,30,44,51,52,,,,,,,,,,,,,,,,,,,,,,,,,,,,,",1,4,5,10,24,28,30,44,51,52,,,,,,,,,,,,,,,,,,,,,,,,,,,,,
42,10,10,"3,10,12,13,18,19,28,42,43,51,,,,,,,,,,,,,,,,,,,,,,,,,,,,,","3,10,12,13,18,19,28,42,43,51,,,,,,,,,,,,,,,,,,,,,,,,,,,,,",3,10,12,13,18,19,28,42,43,51,,,,,,,,,,,,,,,,,,,,,,,,,,,,,
59,10,10,"4,5,12,19,21,36,37,39,43,55,,,,,,,,,,,,,,,,,,,,,,,,,,,,,","4,5,12,19,21,36,37,39,43,55,,,,,,,,,,,,,,,,,,,,,,,,,,,,,",4,5,12,19,21,36,37,39,43,55,,,,,,,,,,,,,,,,,,,,,,,,,,,,,
69,10,10,"5,14,17,19,28,32,37,39,40,43,,,,,,,,,,,,,,,,,,,,,,,,,,,,,","5,14,17,19,28,32,37,39,40,43,,,,,,,,,,,,,,,,,,,,,,,,,,,,,",5,14,17,19,28,32,37,39,40,43,,,,,,,,,,,,,,,,,,,,,,,,,,,,,
83,10,10,"7,13,15,20,22,35,37,38,46,54,,,,,,,,,,,,,,,,,,,,,,,,,,,,,","7,13,15,20,22,35,37,38,46,54,,,,,,,,,,,,,,,,,,,,,,,,,,,,,",7,13,15,20,22,35,37,38,46,54,,,,,,,,,,,,,,,,,,,,,,,,,,,,,
15,9,9,"1,10,14,17,19,26,37,49,52,,,,,,,,,,,,,,,,,,,,,,,,,,,,,,","1,10,14,17,19,26,37,49,52,,,,,,,,,,,,,,,,,,,,,,,,,,,,,,",1,10,14,17,19,26,37,49,52,,,,,,,,,,,,,,,,,,,,,,,,,,,,,,
17,9,9,"1,17,19,33,37,39,40,44,49,,,,,,,,,,,,,,,,,,,,,,,,,,,,,,","1,17,19,33,37,39,40,44,49,,,,,,,,,,,,,,,,,,,,,,,,,,,,,,",1,17,19,33,37,39,40,44,49,,,,,,,,,,,,,,,,,,,,,,,,,,,,,,
,9,9,"3,12,14,20,22,24,35,38,53,,,,,,,,,,,,,,,,,,,,,,,,,,,,,,","3,12,14,20,22,24,35,38,53,,,,,,,,,,,,,,,,,,,,,,,,,,,,,,",3,12,14,20,22,24,35,38,53,,,,,,,,,,,,,,,,,,,,,,,,,,,,,,
66,8,8,"5,12,15,16,43,46,49,,55,,,,,,,,,,,,,,,,,,,,,,,,,,,,,,","5,12,15,16,43,46,49,,55,,,,,,,,,,,,,,,,,,,,,,,,,,,,,,",5,12,15,16,43,46,49,,55,,,,,,,,,,,,,,,,,,,,,,,,,,,,,,
112,9,9,"12,19,20,22,24,37,43,44,46,,,,,,,,,,,,,,,,,,,,,,,,,,,,,,","12,19,20,22,24,37,43,44,46,,,,,,,,,,,,,,,,,,,,,,,,,,,,,,",12,19,20,22,24,37,43,44,46,,,,,,,,,,,,,,,,,,,,,,,,,,,,,,
138,9,9,"15,21,24,33,40,43,51,52,53,,,,,,,,,,,,,,,,,,,,,,,,,,,,,,","15,21,24,33,40,43,51,52,53,,,,,,,,,,,,,,,,,,,,,,,,,,,,,,",15,21,24,33,40,43,51,52,53,,,,,,,,,,,,,,,,,,,,,,,,,,,,,,
139,9,9,"15,19,20,21,28,31,35,36,41,,,,,,,,,,,,,,,,,,,,,,,,,,,,,,","15,19,20,21,28,31,35,36,41,,,,,,,,,,,,,,,,,,,,,,,,,,,,,,",15,19,20,21,28,31,35,36,41,,,,,,,,,,,,,,,,,,,,,,,,,,,,,,
142,9,9,"15,17,19,30,34,42,43,44,52,,,,,,,,,,,,,,,,,,,,,,,,,,,,,,","15,17,19,30,34,42,43,44,52,,,,,,,,,,,,,,,,,,,,,,,,,,,,,,",15,17,19,30,34,42,43,44,52,,,,,,,,,,,,,,,,,,,,,,,,,,,,,,
164,9,9,"19,26,32,33,37,40,42,49,52,,,,,,,,,,,,,,,,,,,,,,,,,,,,,,","19,26,32,33,37,40,42,49,52,,,,,,,,,,,,,,,,,,,,,,,,,,,,,,",19,26,32,33,37,40,42,49,52,,,,,,,,,,,,,,,,,,,,,,,,,,,,,,
11,8,8,"1,19,26,30,37,39,43,49,,,,,,,,,,,,,,,,,,,,,,,,,,,,,,,","1,19,26,30,37,39,43,49,,,,,,,,,,,,,,,,,,,,,,,,,,,,,,,",1,19,26,30,37,39,43,49,,,,,,,,,,,,,,,,,,,,,,,,,,,,,,,
46,8,8,"3,19,24,28,41,43,44,49,,,,,,,,,,,,,,,,,,,,,,,,,,,,,,,","3,19,24,28,41,43,44,49,,,,,,,,,,,,,,,,,,,,,,,,,,,,,,,",3,19,24,28,41,43,44,49,,,,,,,,,,,,,,,,,,,,,,,,,,,,,,,
61,8,8,"4,12,15,17,34,43,49,55,,,,,,,,,,,,,,,,,,,,,,,,,,,,,,,","4,12,15,17,34,43,49,55,,,,,,,,,,,,,,,,,,,,,,,,,,,,,,,",4,12,15,17,34,43,49,55,,,,,,,,,,,,,,,,,,,,,,,,,,,,,,,
111,8,8,"12,21,22,24,25,27,28,43,,,,,,,,,,,,,,,,,,,,,,,,,,,,,,,","12,21,22,24,25,27,28,43,,,,,,,,,,,,,,,,,,,,,,,,,,,,,,,",12,21,22,24,25,27,28,43,,,,,,,,,,,,,,,,,,,,,,,,,,,,,,,
23,7,7,"2,3,12,16,28,31,51,,,,,,,,,,,,,,,,,,,,,,,,,,,,,,,,","2,3,12,16,28,31,51,,,,,,,,,,,,,,,,,,,,,,,,,,,,,,,,",2,3,12,16,28,31,51,,,,,,,,,,,,,,,,,,,,,,,,,,,,,,,,
25,7,7,"2,19,20,26,38,43,52,,,,,,,,,,,,,,,,,,,,,,,,,,,,,,,,","2,19,20,26,38,43,52,,,,,,,,,,,,,,,,,,,,,,,,,,,,,,,,",2,19,20,26,38,43,52,,,,,,,,,,,,,,,,,,,,,,,,,,,,,,,,
29,7,7,"2,15,22,25,49,53,54,,,,,,,,,,,,,,,,,,,,,,,,,,,,,,,,","2,15,22,25,49,53,54,,,,,,,,,,,,,,,,,,,,,,,,,,,,,,,,",2,15,22,25,49,53,54,,,,,,,,,,,,,,,,,,,,,,,,,,,,,,,,
35,7,7,"3,15,22,27,33,46,48,,,,,,,,,,,,,,,,,,,,,,,,,,,,,,,,","3,15,22,27,33,46,48,,,,,,,,,,,,,,,,,,,,,,,,,,,,,,,,",3,15,22,27,33,46,48,,,,,,,,,,,,,,,,,,,,,,,,,,,,,,,,
67,7,7,"5,15,19,22,27,32,42,,,,,,,,,,,,,,,,,,,,,,,,,,,,,,,,","5,15,19,22,27,32,42,,,,,,,,,,,,,,,,,,,,,,,,,,,,,,,,",5,15,19,22,27,32,42,,,,,,,,,,,,,,,,,,,,,,,,,,,,,,,,
70,7,7,"5,7,15,21,30,32,40,,,,,,,,,,,,,,,,,,,,,,,,,,,,,,,,","5,7,15,21,30,32,40,,,,,,,,,,,,,,,,,,,,,,,,,,,,,,,,",5,7,15,21,30,32,40,,,,,,,,,,,,,,,,,,,,,,,,,,,,,,,,
71,7,7,"5,17,37,39,40,43,51,,,,,,,,,,,,,,,,,,,,,,,,,,,,,,,,","5,17,37,39,40,43,51,,,,,,,,,,,,,,,,,,,,,,,,,,,,,,,,",5,17,37,39,40,43,51,,,,,,,,,,,,,,,,,,,,,,,,,,,,,,,,
80,7,7,"7,16,22,31,43,44,48,,,,,,,,,,,,,,,,,,,,,,,,,,,,,,,,","7,16,22,31,43,44,48,,,,,,,,,,,,,,,,,,,,,,,,,,,,,,,,",7,16,22,31,43,44,48,,,,,,,,,,,,,,,,,,,,,,,,,,,,,,,,
91,7,7,"10,15,19,22,42,43,49,,,,,,,,,,,,,,,,,,,,,,,,,,,,,,,,","10,15,19,22,42,43,49,,,,,,,,,,,,,,,,,,,,,,,,,,,,,,,,",10,15,19,22,42,43,49,,,,,,,,,,,,,,,,,,,,,,,,,,,,,,,,
146,7,7,"16,25,41,42,44,46,54,,,,,,,,,,,,,,,,,,,,,,,,,,,,,,,,","16,25,41,42,44,46,54,,,,,,,,,,,,,,,,,,,,,,,,,,,,,,,,",16,25,41,42,44,46,54,,,,,,,,,,,,,,,,,,,,,,,,,,,,,,,,
167,7,7,"19,30,34,49,51,21,40,,,,,,,,,,,,,,,,,,,,,,,,,,,,,,,,","19,30,34,49,51,21,40,,,,,,,,,,,,,,,,,,,,,,,,,,,,,,,,",19,30,34,49,51,21,40,,,,,,,,,,,,,,,,,,,,,,,,,,,,,,,,
174,7,7,"20,,25,26,30,38,44,55,,,,,,,,,,,,,,,,,,,,,,,,,,,,,,,","20,,25,26,30,38,44,55,,,,,,,,,,,,,,,,,,,,,,,,,,,,,,,",20,,25,26,30,38,44,55,,,,,,,,,,,,,,,,,,,,,,,,,,,,,,,
5,6,6,"1,12,16,24,28,52,,,,,,,,,,,,,,,,,,,,,,,,,,,,,,,,,","1,12,16,24,28,52,,,,,,,,,,,,,,,,,,,,,,,,,,,,,,,,,",1,12,16,24,28,52,,,,,,,,,,,,,,,,,,,,,,,,,,,,,,,,,
34,6,6,"3,7,26,28,41,54,,,,,,,,,,,,,,,,,,,,,,,,,,,,,,,,,","3,7,26,28,41,54,,,,,,,,,,,,,,,,,,,,,,,,,,,,,,,,,",3,7,26,28,41,54,,,,,,,,,,,,,,,,,,,,,,,,,,,,,,,,,
64,6,6,"5,12,17,31,43,51,,,,,,,,,,,,,,,,,,,,,,,,,,,,,,,,,","5,12,17,31,43,51,,,,,,,,,,,,,,,,,,,,,,,,,,,,,,,,,",5,12,17,31,43,51,,,,,,,,,,,,,,,,,,,,,,,,,,,,,,,,,
68,6,6,"5,17,28,40,46,51,,,,,,,,,,,,,,,,,,,,,,,,,,,,,,,,,","5,17,28,40,46,51,,,,,,,,,,,,,,,,,,,,,,,,,,,,,,,,,",5,17,28,40,46,51,,,,,,,,,,,,,,,,,,,,,,,,,,,,,,,,,
77,5,5,"7,12,15,33,46,,,,,,,,,,,,,,,,,,,,,,,,,,,,,,,,,,","7,12,15,33,46,,,,,,,,,,,,,,,,,,,,,,,,,,,,,,,,,,",7,12,15,33,46,,,,,,,,,,,,,,,,,,,,,,,,,,,,,,,,,,
78,6,6,"7,12,15,22,27,28,,,,,,,,,,,,,,,,,,,,,,,,,,,,,,,,,","7,12,15,22,27,28,,,,,,,,,,,,,,,,,,,,,,,,,,,,,,,,,",7,12,15,22,27,28,,,,,,,,,,,,,,,,,,,,,,,,,,,,,,,,,
89,6,6,"9,17,30,37,41,49,,,,,,,,,,,,,,,,,,,,,,,,,,,,,,,,,","9,17,30,37,41,49,,,,,,,,,,,,,,,,,,,,,,,,,,,,,,,,,",9,17,30,37,41,49,,,,,,,,,,,,,,,,,,,,,,,,,,,,,,,,,
94,6,6,"12,14,20,25,38,44,,,,,,,,,,,,,,,,,,,,,,,,,,,,,,,,,","12,14,20,25,38,44,,,,,,,,,,,,,,,,,,,,,,,,,,,,,,,,,",12,14,20,25,38,44,,,,,,,,,,,,,,,,,,,,,,,,,,,,,,,,,
133,6,6,"15,22,28,41,43,55,,,,,,,,,,,,,,,,,,,,,,,,,,,,,,,,,","15,22,28,41,43,55,,,,,,,,,,,,,,,,,,,,,,,,,,,,,,,,,",15,22,28,41,43,55,,,,,,,,,,,,,,,,,,,,,,,,,,,,,,,,,
145,6,6,"16,28,30,43,49,52,,,,,,,,,,,,,,,,,,,,,,,,,,,,,,,,,","16,28,30,43,49,52,,,,,,,,,,,,,,,,,,,,,,,,,,,,,,,,,",16,28,30,43,49,52,,,,,,,,,,,,,,,,,,,,,,,,,,,,,,,,,
163,6,6,",19,35,55,28,35,55,,,,,,,,,,,,,,,,,,,,,,,,,,,,,,,,",",19,35,55,28,35,55,,,,,,,,,,,,,,,,,,,,,,,,,,,,,,,,",,19,35,55,28,35,55,,,,,,,,,,,,,,,,,,,,,,,,,,,,,,,,
31,5,5,"2,17,41,54,55,,,,,,,,,,,,,,,,,,,,,,,,,,,,,,,,,,","2,17,41,54,55,,,,,,,,,,,,,,,,,,,,,,,,,,,,,,,,,,",2,17,41,54,55,,,,,,,,,,,,,,,,,,,,,,,,,,,,,,,,,,
37,5,5,"3,28,31,32,33,,,,,,,,,,,,,,,,,,,,,,,,,,,,,,,,,,","3,28,31,32,33,,,,,,,,,,,,,,,,,,,,,,,,,,,,,,,,,,",3,28,31,32,33,,,,,,,,,,,,,,,,,,,,,,,,,,,,,,,,,,
39,5,5,",3,20,16,35,51,,,,,,,,,,,,,,,,,,,,,,,,,,,,,,,,,",",3,20,16,35,51,,,,,,,,,,,,,,,,,,,,,,,,,,,,,,,,,",,3,20,16,35,51,,,,,,,,,,,,,,,,,,,,,,,,,,,,,,,,,
47,5,5,"3,16,24,35,38,,,,,,,,,,,,,,,,,,,,,,,,,,,,,,,,,,","3,16,24,35,38,,,,,,,,,,,,,,,,,,,,,,,,,,,,,,,,,,",3,16,24,35,38,,,,,,,,,,,,,,,,,,,,,,,,,,,,,,,,,,
55,5,5,"4,24,37,43,44,,,,,,,,,,,,,,,,,,,,,,,,,,,,,,,,,,","4,24,37,43,44,,,,,,,,,,,,,,,,,,,,,,,,,,,,,,,,,,",4,24,37,43,44,,,,,,,,,,,,,,,,,,,,,,,,,,,,,,,,,,
72,5,5,"15,22,24,28,46,,,,,,,,,,,,,,,,,,,,,,,,,,,,,,,,,,","15,22,24,28,46,,,,,,,,,,,,,,,,,,,,,,,,,,,,,,,,,,",15,22,24,28,46,,,,,,,,,,,,,,,,,,,,,,,,,,,,,,,,,,
106,5,5,"12,13,28,33,37,,,,,,,,,,,,,,,,,,,,,,,,,,,,,,,,,,","12,13,28,33,37,,,,,,,,,,,,,,,,,,,,,,,,,,,,,,,,,,",12,13,28,33,37,,,,,,,,,,,,,,,,,,,,,,,,,,,,,,,,,,
136,5,5,"15,17,19,36,48,,,,,,,,,,,,,,,,,,,,,,,,,,,,,,,,,,","15,17,19,36,48,,,,,,,,,,,,,,,,,,,,,,,,,,,,,,,,,,",15,17,19,36,48,,,,,,,,,,,,,,,,,,,,,,,,,,,,,,,,,,
168,5,5,"19,30,34,43,54,,,,,,,,,,,,,,,,,,,,,,,,,,,,,,,,,,","19,30,34,43,54,,,,,,,,,,,,,,,,,,,,,,,,,,,,,,,,,,",19,30,34,43,54,,,,,,,,,,,,,,,,,,,,,,,,,,,,,,,,,,
16,4,4,"1,17,19,43,,,,,,,,,,,,,,,,,,,,,,,,,,,,,,,,,,,","1,17,19,43,,,,,,,,,,,,,,,,,,,,,,,,,,,,,,,,,,,",1,17,19,43,,,,,,,,,,,,,,,,,,,,,,,,,,,,,,,,,,,
19,4,4,"1,12,34,39,,,,,,,,,,,,,,,,,,,,,,,,,,,,,,,,,,,","1,12,34,39,,,,,,,,,,,,,,,,,,,,,,,,,,,,,,,,,,,",1,12,34,39,,,,,,,,,,,,,,,,,,,,,,,,,,,,,,,,,,,
73,4,4,"12,51,37,46,,,,,,,,,,,,,,,,,,,,,,,,,,,,,,,,,,,","12,51,37,46,,,,,,,,,,,,,,,,,,,,,,,,,,,,,,,,,,,",12,51,37,46,,,,,,,,,,,,,,,,,,,,,,,,,,,,,,,,,,,
84,4,4,"7,35,38,46,,,,,,,,,,,,,,,,,,,,,,,,,,,,,,,,,,,","7,35,38,46,,,,,,,,,,,,,,,,,,,,,,,,,,,,,,,,,,,",7,35,38,46,,,,,,,,,,,,,,,,,,,,,,,,,,,,,,,,,,,
123,4,4,"13,16,44,53,,,,,,,,,,,,,,,,,,,,,,,,,,,,,,,,,,,","13,16,44,53,,,,,,,,,,,,,,,,,,,,,,,,,,,,,,,,,,,",13,16,44,53,,,,,,,,,,,,,,,,,,,,,,,,,,,,,,,,,,,
127,4,4,"14,35,38,54,,,,,,,,,,,,,,,,,,,,,,,,,,,,,,,,,,,","14,35,38,54,,,,,,,,,,,,,,,,,,,,,,,,,,,,,,,,,,,",14,35,38,54,,,,,,,,,,,,,,,,,,,,,,,,,,,,,,,,,,,
149,4,4,"16,24,26,28,,,,,,,,,,,,,,,,,,,,,,,,,,,,,,,,,,,","16,24,26,28,,,,,,,,,,,,,,,,,,,,,,,,,,,,,,,,,,,",16,24,26,28,,,,,,,,,,,,,,,,,,,,,,,,,,,,,,,,,,,
177,4,4,"20,21,,37,46,,,,,,,,,,,,,,,,,,,,,,,,,,,,,,,,,,","20,21,,37,46,,,,,,,,,,,,,,,,,,,,,,,,,,,,,,,,,,",20,21,,37,46,,,,,,,,,,,,,,,,,,,,,,,,,,,,,,,,,,
662,3,3,"30,42,,51,,,,,,,,,,,,,,,,,,,,,,,,,,,,,,,,,,,","30,42,,51,,,,,,,,,,,,,,,,,,,,,,,,,,,,,,,,,,,",30,42,,51,,,,,,,,,,,,,,,,,,,,,,,,,,,,,,,,,,,
57,3,3,"4,19,37,,,,,,,,,,,,,,,,,,,,,,,,,,,,,,,,,,,,","4,19,37,,,,,,,,,,,,,,,,,,,,,,,,,,,,,,,,,,,,",4,19,37,,,,,,,,,,,,,,,,,,,,,,,,,,,,,,,,,,,,
86,3,3,"7,19,37,,,,,,,,,,,,,,,,,,,,,,,,,,,,,,,,,,,,","7,19,37,,,,,,,,,,,,,,,,,,,,,,,,,,,,,,,,,,,,",7,19,37,,,,,,,,,,,,,,,,,,,,,,,,,,,,,,,,,,,,
93,3,3,"12,24,42,,,,,,,,,,,,,,,,,,,,,,,,,,,,,,,,,,,,","12,24,42,,,,,,,,,,,,,,,,,,,,,,,,,,,,,,,,,,,,",12,24,42,,,,,,,,,,,,,,,,,,,,,,,,,,,,,,,,,,,,
96,3,3,"12,26,35,,,,,,,,,,,,,,,,,,,,,,,,,,,,,,,,,,,,","12,26,35,,,,,,,,,,,,,,,,,,,,,,,,,,,,,,,,,,,,",12,26,35,,,,,,,,,,,,,,,,,,,,,,,,,,,,,,,,,,,,
102,3,3,"12,33,46,,,,,,,,,,,,,,,,,,,,,,,,,,,,,,,,,,,,","12,33,46,,,,,,,,,,,,,,,,,,,,,,,,,,,,,,,,,,,,",12,33,46,,,,,,,,,,,,,,,,,,,,,,,,,,,,,,,,,,,,
105,2,2,"12,14,,,,,,,,,,,,,,,,,,,,,,,,,,,,,,,,,,,,,","12,14,,,,,,,,,,,,,,,,,,,,,,,,,,,,,,,,,,,,,",12,14,,,,,,,,,,,,,,,,,,,,,,,,,,,,,,,,,,,,,
114,3,3,"12,19,35,,,,,,,,,,,,,,,,,,,,,,,,,,,,,,,,,,,,","12,19,35,,,,,,,,,,,,,,,,,,,,,,,,,,,,,,,,,,,,",12,19,35,,,,,,,,,,,,,,,,,,,,,,,,,,,,,,,,,,,,
121,3,3,"13,19,43,,,,,,,,,,,,,,,,,,,,,,,,,,,,,,,,,,,,","13,19,43,,,,,,,,,,,,,,,,,,,,,,,,,,,,,,,,,,,,",13,19,43,,,,,,,,,,,,,,,,,,,,,,,,,,,,,,,,,,,,
128,3,3,"14,28,41,,,,,,,,,,,,,,,,,,,,,,,,,,,,,,,,,,,,","14,28,41,,,,,,,,,,,,,,,,,,,,,,,,,,,,,,,,,,,,",14,28,41,,,,,,,,,,,,,,,,,,,,,,,,,,,,,,,,,,,,
143,3,3,"16,37,40,,,,,,,,,,,,,,,,,,,,,,,,,,,,,,,,,,,,","16,37,40,,,,,,,,,,,,,,,,,,,,,,,,,,,,,,,,,,,,",16,37,40,,,,,,,,,,,,,,,,,,,,,,,,,,,,,,,,,,,,
150,3,3,"16,24,37,,,,,,,,,,,,,,,,,,,,,,,,,,,,,,,,,,,,","16,24,37,,,,,,,,,,,,,,,,,,,,,,,,,,,,,,,,,,,,",16,24,37,,,,,,,,,,,,,,,,,,,,,,,,,,,,,,,,,,,,
152,3,3,"17,28,40,,,,,,,,,,,,,,,,,,,,,,,,,,,,,,,,,,,,","17,28,40,,,,,,,,,,,,,,,,,,,,,,,,,,,,,,,,,,,,",17,28,40,,,,,,,,,,,,,,,,,,,,,,,,,,,,,,,,,,,,
156,3,3,"17,33,52,,,,,,,,,,,,,,,,,,,,,,,,,,,,,,,,,,,,","17,33,52,,,,,,,,,,,,,,,,,,,,,,,,,,,,,,,,,,,,",17,33,52,,,,,,,,,,,,,,,,,,,,,,,,,,,,,,,,,,,,
162,3,3,"19,39,49,,,,,,,,,,,,,,,,,,,,,,,,,,,,,,,,,,,,","19,39,49,,,,,,,,,,,,,,,,,,,,,,,,,,,,,,,,,,,,",19,39,49,,,,,,,,,,,,,,,,,,,,,,,,,,,,,,,,,,,,
166,3,3,"19,44,3,,,,,,,,,,,,,,,,,,,,,,,,,,,,,,,,,,,,","19,44,3,,,,,,,,,,,,,,,,,,,,,,,,,,,,,,,,,,,,",19,44,3,,,,,,,,,,,,,,,,,,,,,,,,,,,,,,,,,,,,
171,3,3,"20,38,43,,,,,,,,,,,,,,,,,,,,,,,,,,,,,,,,,,,,","20,38,43,,,,,,,,,,,,,,,,,,,,,,,,,,,,,,,,,,,,",20,38,43,,,,,,,,,,,,,,,,,,,,,,,,,,,,,,,,,,,,
179,3,3,"21,25,44,,,,,,,,,,,,,,,,,,,,,,,,,,,,,,,,,,,,","21,25,44,,,,,,,,,,,,,,,,,,,,,,,,,,,,,,,,,,,,",21,25,44,,,,,,,,,,,,,,,,,,,,,,,,,,,,,,,,,,,,
573,3,3,",28,36,46,,,,,,,,,,,,,,,,,,,,,,,,,,,,,,,,,,,",",28,36,46,,,,,,,,,,,,,,,,,,,,,,,,,,,,,,,,,,,",,28,36,46,,,,,,,,,,,,,,,,,,,,,,,,,,,,,,,,,,,
7,2,2,"1,19,,,,,,,,,,,,,,,,,,,,,,,,,,,,,,,,,,,,,","1,19,,,,,,,,,,,,,,,,,,,,,,,,,,,,,,,,,,,,,",1,19,,,,,,,,,,,,,,,,,,,,,,,,,,,,,,,,,,,,,
58,2,2,"4,28,,,,,,,,,,,,,,,,,,,,,,,,,,,,,,,,,,,,,","4,28,,,,,,,,,,,,,,,,,,,,,,,,,,,,,,,,,,,,,",4,28,,,,,,,,,,,,,,,,,,,,,,,,,,,,,,,,,,,,,
74,2,2,"20,35,,,,,,,,,,,,,,,,,,,,,,,,,,,,,,,,,,,,,","20,35,,,,,,,,,,,,,,,,,,,,,,,,,,,,,,,,,,,,,",20,35,,,,,,,,,,,,,,,,,,,,,,,,,,,,,,,,,,,,,
97,2,2,"12,55,,,,,,,,,,,,,,,,,,,,,,,,,,,,,,,,,,,,,","12,55,,,,,,,,,,,,,,,,,,,,,,,,,,,,,,,,,,,,,",12,55,,,,,,,,,,,,,,,,,,,,,,,,,,,,,,,,,,,,,
101,2,2,"12,32,,,,,,,,,,,,,,,,,,,,,,,,,,,,,,,,,,,,,","12,32,,,,,,,,,,,,,,,,,,,,,,,,,,,,,,,,,,,,,",12,32,,,,,,,,,,,,,,,,,,,,,,,,,,,,,,,,,,,,,
107,2,2,"12,44,,,,,,,,,,,,,,,,,,,,,,,,,,,,,,,,,,,,,","12,44,,,,,,,,,,,,,,,,,,,,,,,,,,,,,,,,,,,,,",12,44,,,,,,,,,,,,,,,,,,,,,,,,,,,,,,,,,,,,,
109,2,2,"12,26,,,,,,,,,,,,,,,,,,,,,,,,,,,,,,,,,,,,,","12,26,,,,,,,,,,,,,,,,,,,,,,,,,,,,,,,,,,,,,",12,26,,,,,,,,,,,,,,,,,,,,,,,,,,,,,,,,,,,,,
118,2,2,"13,53,,,,,,,,,,,,,,,,,,,,,,,,,,,,,,,,,,,,,","13,53,,,,,,,,,,,,,,,,,,,,,,,,,,,,,,,,,,,,,",13,53,,,,,,,,,,,,,,,,,,,,,,,,,,,,,,,,,,,,,
120,2,2,"13,53,,,,,,,,,,,,,,,,,,,,,,,,,,,,,,,,,,,,,","13,53,,,,,,,,,,,,,,,,,,,,,,,,,,,,,,,,,,,,,",13,53,,,,,,,,,,,,,,,,,,,,,,,,,,,,,,,,,,,,,
122,2,2,"13,54,,,,,,,,,,,,,,,,,,,,,,,,,,,,,,,,,,,,,","13,54,,,,,,,,,,,,,,,,,,,,,,,,,,,,,,,,,,,,,",13,54,,,,,,,,,,,,,,,,,,,,,,,,,,,,,,,,,,,,,
140,2,2,"15,20,,,,,,,,,,,,,,,,,,,,,,,,,,,,,,,,,,,,,","15,20,,,,,,,,,,,,,,,,,,,,,,,,,,,,,,,,,,,,,",15,20,,,,,,,,,,,,,,,,,,,,,,,,,,,,,,,,,,,,,
141,2,2,"15,27,,,,,,,,,,,,,,,,,,,,,,,,,,,,,,,,,,,,,","15,27,,,,,,,,,,,,,,,,,,,,,,,,,,,,,,,,,,,,,",15,27,,,,,,,,,,,,,,,,,,,,,,,,,,,,,,,,,,,,,
158,2,2,"18,37,,,,,,,,,,,,,,,,,,,,,,,,,,,,,,,,,,,,,","18,37,,,,,,,,,,,,,,,,,,,,,,,,,,,,,,,,,,,,,",18,37,,,,,,,,,,,,,,,,,,,,,,,,,,,,,,,,,,,,,
160,2,2,"18,54,,,,,,,,,,,,,,,,,,,,,,,,,,,,,,,,,,,,,","18,54,,,,,,,,,,,,,,,,,,,,,,,,,,,,,,,,,,,,,",18,54,,,,,,,,,,,,,,,,,,,,,,,,,,,,,,,,,,,,,
176,2,2,"20,,53,,,,,,,,,,,,,,,,,,,,,,,,,,,,,,,,,,,,","20,,53,,,,,,,,,,,,,,,,,,,,,,,,,,,,,,,,,,,,",20,,53,,,,,,,,,,,,,,,,,,,,,,,,,,,,,,,,,,,,
190,2,2,",24,26,,,,,,,,,,,,,,,,,,,,,,,,,,,,,,,,,,,,",",24,26,,,,,,,,,,,,,,,,,,,,,,,,,,,,,,,,,,,,",,24,26,,,,,,,,,,,,,,,,,,,,,,,,,,,,,,,,,,,,
191,2,2,",40,53,,,,,,,,,,,,,,,,,,,,,,,,,,,,,,,,,,,,",",40,53,,,,,,,,,,,,,,,,,,,,,,,,,,,,,,,,,,,,",,40,53,,,,,,,,,,,,,,,,,,,,,,,,,,,,,,,,,,,,
226,2,2,",28,46,,,,,,,,,,,,,,,,,,,,,,,,,,,,,,,,,,,,",",28,46,,,,,,,,,,,,,,,,,,,,,,,,,,,,,,,,,,,,",,28,46,,,,,,,,,,,,,,,,,,,,,,,,,,,,,,,,,,,,
531,1,1,",25,,,,,,,,,,,,,,,,,,,,,,,,,,,,,,,,,,,,,",",25,,,,,,,,,,,,,,,,,,,,,,,,,,,,,,,,,,,,,",,25,,,,,,,,,,,,,,,,,,,,,,,,,,,,,,,,,,,,,
556,1,1,",38,,,,,,,,,,,,,,,,,,,,,,,,,,,,,,,,,,,,,",",38,,,,,,,,,,,,,,,,,,,,,,,,,,,,,,,,,,,,,",,38,,,,,,,,,,,,,,,,,,,,,,,,,,,,,,,,,,,,,
587,1,1,",25,,,,,,,,,,,,,,,,,,,,,,,,,,,,,,,,,,,,,",",25,,,,,,,,,,,,,,,,,,,,,,,,,,,,,,,,,,,,,",,25,,,,,,,,,,,,,,,,,,,,,,,,,,,,,,,,,,,,,
617,1,1,",25,,,,,,,,,,,,,,,,,,,,,,,,,,,,,,,,,,,,,",",25,,,,,,,,,,,,,,,,,,,,,,,,,,,,,,,,,,,,,",,25,,,,,,,,,,,,,,,,,,,,,,,,,,,,,,,,,,,,,
640,2,2,",54,55,,,,,,,,,,,,,,,,,,,,,,,,,,,,,,,,,,,,",",54,55,,,,,,,,,,,,,,,,,,,,,,,,,,,,,,,,,,,,",,54,55,,,,,,,,,,,,,,,,,,,,,,,,,,,,,,,,,,,,
642,2,2,",24,25,,,,,,,,,,,,,,,,,,,,,,,,,,,,,,,,,,,,",",24,25,,,,,,,,,,,,,,,,,,,,,,,,,,,,,,,,,,,,",,24,25,,,,,,,,,,,,,,,,,,,,,,,,,,,,,,,,,,,,
653,2,2,"25,28,,,,,,,,,,,,,,,,,,,,,,,,,,,,,,,,,,,,,","25,28,,,,,,,,,,,,,,,,,,,,,,,,,,,,,,,,,,,,,",25,28,,,,,,,,,,,,,,,,,,,,,,,,,,,,,,,,,,,,,
655,2,2,"25,35,,,,,,,,,,,,,,,,,,,,,,,,,,,,,,,,,,,,,","25,35,,,,,,,,,,,,,,,,,,,,,,,,,,,,,,,,,,,,,",25,35,,,,,,,,,,,,,,,,,,,,,,,,,,,,,,,,,,,,,
658,1,1,"28,,,,,,,,,,,,,,,,,,,,,,,,,,,,,,,,,,,,,,","28,,,,,,,,,,,,,,,,,,,,,,,,,,,,,,,,,,,,,,",28,,,,,,,,,,,,,,,,,,,,,,,,,,,,,,,,,,,,,,
666,2,2,"35,53,,,,,,,,,,,,,,,,,,,,,,,,,,,,,,,,,,,,,","35,53,,,,,,,,,,,,,,,,,,,,,,,,,,,,,,,,,,,,,",35,53,,,,,,,,,,,,,,,,,,,,,,,,,,,,,,,,,,,,,
8,1,1,"1,,,,,,,,,,,,,,,,,,,,,,,,,,,,,,,,,,,,,,","1,,,,,,,,,,,,,,,,,,,,,,,,,,,,,,,,,,,,,,",1,,,,,,,,,,,,,,,,,,,,,,,,,,,,,,,,,,,,,,
10,1,1,"1,,,,,,,,,,,,,,,,,,,,,,,,,,,,,,,,,,,,,,","1,,,,,,,,,,,,,,,,,,,,,,,,,,,,,,,,,,,,,,",1,,,,,,,,,,,,,,,,,,,,,,,,,,,,,,,,,,,,,,
43,1,1,"3,,,,,,,,,,,,,,,,,,,,,,,,,,,,,,,,,,,,,,","3,,,,,,,,,,,,,,,,,,,,,,,,,,,,,,,,,,,,,,",3,,,,,,,,,,,,,,,,,,,,,,,,,,,,,,,,,,,,,,
48,1,1,"3,,,,,,,,,,,,,,,,,,,,,,,,,,,,,,,,,,,,,,","3,,,,,,,,,,,,,,,,,,,,,,,,,,,,,,,,,,,,,,",3,,,,,,,,,,,,,,,,,,,,,,,,,,,,,,,,,,,,,,
81,1,1,"7,,,,,,,,,,,,,,,,,,,,,,,,,,,,,,,,,,,,,,","7,,,,,,,,,,,,,,,,,,,,,,,,,,,,,,,,,,,,,,",7,,,,,,,,,,,,,,,,,,,,,,,,,,,,,,,,,,,,,,
85,1,1,"7,,,,,,,,,,,,,,,,,,,,,,,,,,,,,,,,,,,,,,","7,,,,,,,,,,,,,,,,,,,,,,,,,,,,,,,,,,,,,,",7,,,,,,,,,,,,,,,,,,,,,,,,,,,,,,,,,,,,,,
95,1,1,"12,,,,,,,,,,,,,,,,,,,,,,,,,,,,,,,,,,,,,,","12,,,,,,,,,,,,,,,,,,,,,,,,,,,,,,,,,,,,,,",12,,,,,,,,,,,,,,,,,,,,,,,,,,,,,,,,,,,,,,
98,1,1,"12,,,,,,,,,,,,,,,,,,,,,,,,,,,,,,,,,,,,,,","12,,,,,,,,,,,,,,,,,,,,,,,,,,,,,,,,,,,,,,",12,,,,,,,,,,,,,,,,,,,,,,,,,,,,,,,,,,,,,,
99,1,1,"12,,,,,,,,,,,,,,,,,,,,,,,,,,,,,,,,,,,,,,","12,,,,,,,,,,,,,,,,,,,,,,,,,,,,,,,,,,,,,,",12,,,,,,,,,,,,,,,,,,,,,,,,,,,,,,,,,,,,,,
100,1,1,"12,,,,,,,,,,,,,,,,,,,,,,,,,,,,,,,,,,,,,,","12,,,,,,,,,,,,,,,,,,,,,,,,,,,,,,,,,,,,,,",12,,,,,,,,,,,,,,,,,,,,,,,,,,,,,,,,,,,,,,
110,1,1,"12,,,,,,,,,,,,,,,,,,,,,,,,,,,,,,,,,,,,,,","12,,,,,,,,,,,,,,,,,,,,,,,,,,,,,,,,,,,,,,",12,,,,,,,,,,,,,,,,,,,,,,,,,,,,,,,,,,,,,,
116,1,1,"13,,,,,,,,,,,,,,,,,,,,,,,,,,,,,,,,,,,,,,","13,,,,,,,,,,,,,,,,,,,,,,,,,,,,,,,,,,,,,,",13,,,,,,,,,,,,,,,,,,,,,,,,,,,,,,,,,,,,,,
117,1,1,"13,,,,,,,,,,,,,,,,,,,,,,,,,,,,,,,,,,,,,,","13,,,,,,,,,,,,,,,,,,,,,,,,,,,,,,,,,,,,,,",13,,,,,,,,,,,,,,,,,,,,,,,,,,,,,,,,,,,,,,
119,1,1,"13,,,,,,,,,,,,,,,,,,,,,,,,,,,,,,,,,,,,,,","13,,,,,,,,,,,,,,,,,,,,,,,,,,,,,,,,,,,,,,",13,,,,,,,,,,,,,,,,,,,,,,,,,,,,,,,,,,,,,,
124,1,1,"13,,,,,,,,,,,,,,,,,,,,,,,,,,,,,,,,,,,,,,","13,,,,,,,,,,,,,,,,,,,,,,,,,,,,,,,,,,,,,,",13,,,,,,,,,,,,,,,,,,,,,,,,,,,,,,,,,,,,,,
126,1,1,"14,,,,,,,,,,,,,,,,,,,,,,,,,,,,,,,,,,,,,,","14,,,,,,,,,,,,,,,,,,,,,,,,,,,,,,,,,,,,,,",14,,,,,,,,,,,,,,,,,,,,,,,,,,,,,,,,,,,,,,
130,1,1,"14,,,,,,,,,,,,,,,,,,,,,,,,,,,,,,,,,,,,,,","14,,,,,,,,,,,,,,,,,,,,,,,,,,,,,,,,,,,,,,",14,,,,,,,,,,,,,,,,,,,,,,,,,,,,,,,,,,,,,,
131,1,1,"14,,,,,,,,,,,,,,,,,,,,,,,,,,,,,,,,,,,,,,","14,,,,,,,,,,,,,,,,,,,,,,,,,,,,,,,,,,,,,,",14,,,,,,,,,,,,,,,,,,,,,,,,,,,,,,,,,,,,,,
132,1,1,"14,,,,,,,,,,,,,,,,,,,,,,,,,,,,,,,,,,,,,,","14,,,,,,,,,,,,,,,,,,,,,,,,,,,,,,,,,,,,,,",14,,,,,,,,,,,,,,,,,,,,,,,,,,,,,,,,,,,,,,
135,1,1,"15,,,,,,,,,,,,,,,,,,,,,,,,,,,,,,,,,,,,,,","15,,,,,,,,,,,,,,,,,,,,,,,,,,,,,,,,,,,,,,",15,,,,,,,,,,,,,,,,,,,,,,,,,,,,,,,,,,,,,,
147,1,1,"16,,,,,,,,,,,,,,,,,,,,,,,,,,,,,,,,,,,,,,","16,,,,,,,,,,,,,,,,,,,,,,,,,,,,,,,,,,,,,,",16,,,,,,,,,,,,,,,,,,,,,,,,,,,,,,,,,,,,,,
148,1,1,"16,,,,,,,,,,,,,,,,,,,,,,,,,,,,,,,,,,,,,,","16,,,,,,,,,,,,,,,,,,,,,,,,,,,,,,,,,,,,,,",16,,,,,,,,,,,,,,,,,,,,,,,,,,,,,,,,,,,,,,
151,1,1,"16,,,,,,,,,,,,,,,,,,,,,,,,,,,,,,,,,,,,,,","16,,,,,,,,,,,,,,,,,,,,,,,,,,,,,,,,,,,,,,",16,,,,,,,,,,,,,,,,,,,,,,,,,,,,,,,,,,,,,,
153,1,1,"17,,,,,,,,,,,,,,,,,,,,,,,,,,,,,,,,,,,,,,","17,,,,,,,,,,,,,,,,,,,,,,,,,,,,,,,,,,,,,,",17,,,,,,,,,,,,,,,,,,,,,,,,,,,,,,,,,,,,,,
154,1,1,"17,,,,,,,,,,,,,,,,,,,,,,,,,,,,,,,,,,,,,,","17,,,,,,,,,,,,,,,,,,,,,,,,,,,,,,,,,,,,,,",17,,,,,,,,,,,,,,,,,,,,,,,,,,,,,,,,,,,,,,
155,1,1,"17,,,,,,,,,,,,,,,,,,,,,,,,,,,,,,,,,,,,,,","17,,,,,,,,,,,,,,,,,,,,,,,,,,,,,,,,,,,,,,",17,,,,,,,,,,,,,,,,,,,,,,,,,,,,,,,,,,,,,,
165,1,1,"19,,,,,,,,,,,,,,,,,,,,,,,,,,,,,,,,,,,,,,","19,,,,,,,,,,,,,,,,,,,,,,,,,,,,,,,,,,,,,,",19,,,,,,,,,,,,,,,,,,,,,,,,,,,,,,,,,,,,,,
172,1,1,",20,,,,,,,,,,,,,,,,,,,,,,,,,,,,,,,,,,,,,",",20,,,,,,,,,,,,,,,,,,,,,,,,,,,,,,,,,,,,,",,20,,,,,,,,,,,,,,,,,,,,,,,,,,,,,,,,,,,,,
173,1,1,"20,,,,,,,,,,,,,,,,,,,,,,,,,,,,,,,,,,,,,,","20,,,,,,,,,,,,,,,,,,,,,,,,,,,,,,,,,,,,,,",20,,,,,,,,,,,,,,,,,,,,,,,,,,,,,,,,,,,,,,
175,1,1,"20,,,,,,,,,,,,,,,,,,,,,,,,,,,,,,,,,,,,,,","20,,,,,,,,,,,,,,,,,,,,,,,,,,,,,,,,,,,,,,",20,,,,,,,,,,,,,,,,,,,,,,,,,,,,,,,,,,,,,,
178,1,1,"21,,,,,,,,,,,,,,,,,,,,,,,,,,,,,,,,,,,,,,","21,,,,,,,,,,,,,,,,,,,,,,,,,,,,,,,,,,,,,,",21,,,,,,,,,,,,,,,,,,,,,,,,,,,,,,,,,,,,,,
180,1,1,"21,,,,,,,,,,,,,,,,,,,,,,,,,,,,,,,,,,,,,,","21,,,,,,,,,,,,,,,,,,,,,,,,,,,,,,,,,,,,,,",21,,,,,,,,,,,,,,,,,,,,,,,,,,,,,,,,,,,,,,
182,1,1,"22,,,,,,,,,,,,,,,,,,,,,,,,,,,,,,,,,,,,,,","22,,,,,,,,,,,,,,,,,,,,,,,,,,,,,,,,,,,,,,",22,,,,,,,,,,,,,,,,,,,,,,,,,,,,,,,,,,,,,,
183,1,1,",28,,,,,,,,,,,,,,,,,,,,,,,,,,,,,,,,,,,,,",",28,,,,,,,,,,,,,,,,,,,,,,,,,,,,,,,,,,,,,",,28,,,,,,,,,,,,,,,,,,,,,,,,,,,,,,,,,,,,,
184,0,0,",,,,,,,,,,,,,,,,,,,,,,,,,,,,,,,,,,,,,,",",,,,,,,,,,,,,,,,,,,,,,,,,,,,,,,,,,,,,,",,,,,,,,,,,,,,,,,,,,,,,,,,,,,,,,,,,,,,,
185,0,0,",,,,,,,,,,,,,,,,,,,,,,,,,,,,,,,,,,,,,,",",,,,,,,,,,,,,,,,,,,,,,,,,,,,,,,,,,,,,,",,,,,,,,,,,,,,,,,,,,,,,,,,,,,,,,,,,,,,,
186,0,0,",,,,,,,,,,,,,,,,,,,,,,,,,,,,,,,,,,,,,,",",,,,,,,,,,,,,,,,,,,,,,,,,,,,,,,,,,,,,,",,,,,,,,,,,,,,,,,,,,,,,,,,,,,,,,,,,,,,,
187,0,0,",,,,,,,,,,,,,,,,,,,,,,,,,,,,,,,,,,,,,,",",,,,,,,,,,,,,,,,,,,,,,,,,,,,,,,,,,,,,,",,,,,,,,,,,,,,,,,,,,,,,,,,,,,,,,,,,,,,,
188,0,0,",,,,,,,,,,,,,,,,,,,,,,,,,,,,,,,,,,,,,,",",,,,,,,,,,,,,,,,,,,,,,,,,,,,,,,,,,,,,,",,,,,,,,,,,,,,,,,,,,,,,,,,,,,,,,,,,,,,,
189,0,0,",,,,,,,,,,,,,,,,,,,,,,,,,,,,,,,,,,,,,,",",,,,,,,,,,,,,,,,,,,,,,,,,,,,,,,,,,,,,,",,,,,,,,,,,,,,,,,,,,,,,,,,,,,,,,,,,,,,,
192,0,0,",,,,,,,,,,,,,,,,,,,,,,,,,,,,,,,,,,,,,,",",,,,,,,,,,,,,,,,,,,,,,,,,,,,,,,,,,,,,,",,,,,,,,,,,,,,,,,,,,,,,,,,,,,,,,,,,,,,,
194,0,0,",,,,,,,,,,,,,,,,,,,,,,,,,,,,,,,,,,,,,,",",,,,,,,,,,,,,,,,,,,,,,,,,,,,,,,,,,,,,,",,,,,,,,,,,,,,,,,,,,,,,,,,,,,,,,,,,,,,,
195,0,0,",,,,,,,,,,,,,,,,,,,,,,,,,,,,,,,,,,,,,,",",,,,,,,,,,,,,,,,,,,,,,,,,,,,,,,,,,,,,,",,,,,,,,,,,,,,,,,,,,,,,,,,,,,,,,,,,,,,,
196,0,0,",,,,,,,,,,,,,,,,,,,,,,,,,,,,,,,,,,,,,,",",,,,,,,,,,,,,,,,,,,,,,,,,,,,,,,,,,,,,,",,,,,,,,,,,,,,,,,,,,,,,,,,,,,,,,,,,,,,,
197,0,0,",,,,,,,,,,,,,,,,,,,,,,,,,,,,,,,,,,,,,,",",,,,,,,,,,,,,,,,,,,,,,,,,,,,,,,,,,,,,,",,,,,,,,,,,,,,,,,,,,,,,,,,,,,,,,,,,,,,,
198,0,0,",,,,,,,,,,,,,,,,,,,,,,,,,,,,,,,,,,,,,,",",,,,,,,,,,,,,,,,,,,,,,,,,,,,,,,,,,,,,,",,,,,,,,,,,,,,,,,,,,,,,,,,,,,,,,,,,,,,,
199,0,0,",,,,,,,,,,,,,,,,,,,,,,,,,,,,,,,,,,,,,,",",,,,,,,,,,,,,,,,,,,,,,,,,,,,,,,,,,,,,,",,,,,,,,,,,,,,,,,,,,,,,,,,,,,,,,,,,,,,,
200,0,0,",,,,,,,,,,,,,,,,,,,,,,,,,,,,,,,,,,,,,,",",,,,,,,,,,,,,,,,,,,,,,,,,,,,,,,,,,,,,,",,,,,,,,,,,,,,,,,,,,,,,,,,,,,,,,,,,,,,,
201,0,0,",,,,,,,,,,,,,,,,,,,,,,,,,,,,,,,,,,,,,,",",,,,,,,,,,,,,,,,,,,,,,,,,,,,,,,,,,,,,,",,,,,,,,,,,,,,,,,,,,,,,,,,,,,,,,,,,,,,,
202,0,0,",,,,,,,,,,,,,,,,,,,,,,,,,,,,,,,,,,,,,,",",,,,,,,,,,,,,,,,,,,,,,,,,,,,,,,,,,,,,,",,,,,,,,,,,,,,,,,,,,,,,,,,,,,,,,,,,,,,,
203,0,0,",,,,,,,,,,,,,,,,,,,,,,,,,,,,,,,,,,,,,,",",,,,,,,,,,,,,,,,,,,,,,,,,,,,,,,,,,,,,,",,,,,,,,,,,,,,,,,,,,,,,,,,,,,,,,,,,,,,,
204,0,0,",,,,,,,,,,,,,,,,,,,,,,,,,,,,,,,,,,,,,,",",,,,,,,,,,,,,,,,,,,,,,,,,,,,,,,,,,,,,,",,,,,,,,,,,,,,,,,,,,,,,,,,,,,,,,,,,,,,,
205,0,0,",,,,,,,,,,,,,,,,,,,,,,,,,,,,,,,,,,,,,,",",,,,,,,,,,,,,,,,,,,,,,,,,,,,,,,,,,,,,,",,,,,,,,,,,,,,,,,,,,,,,,,,,,,,,,,,,,,,,
206,0,0,",,,,,,,,,,,,,,,,,,,,,,,,,,,,,,,,,,,,,,",",,,,,,,,,,,,,,,,,,,,,,,,,,,,,,,,,,,,,,",,,,,,,,,,,,,,,,,,,,,,,,,,,,,,,,,,,,,,,
207,0,0,",,,,,,,,,,,,,,,,,,,,,,,,,,,,,,,,,,,,,,",",,,,,,,,,,,,,,,,,,,,,,,,,,,,,,,,,,,,,,",,,,,,,,,,,,,,,,,,,,,,,,,,,,,,,,,,,,,,,
208,0,0,",,,,,,,,,,,,,,,,,,,,,,,,,,,,,,,,,,,,,,",",,,,,,,,,,,,,,,,,,,,,,,,,,,,,,,,,,,,,,",,,,,,,,,,,,,,,,,,,,,,,,,,,,,,,,,,,,,,,
209,0,0,",,,,,,,,,,,,,,,,,,,,,,,,,,,,,,,,,,,,,,",",,,,,,,,,,,,,,,,,,,,,,,,,,,,,,,,,,,,,,",,,,,,,,,,,,,,,,,,,,,,,,,,,,,,,,,,,,,,,
210,0,0,",,,,,,,,,,,,,,,,,,,,,,,,,,,,,,,,,,,,,,",",,,,,,,,,,,,,,,,,,,,,,,,,,,,,,,,,,,,,,",,,,,,,,,,,,,,,,,,,,,,,,,,,,,,,,,,,,,,,
211,0,0,",,,,,,,,,,,,,,,,,,,,,,,,,,,,,,,,,,,,,,",",,,,,,,,,,,,,,,,,,,,,,,,,,,,,,,,,,,,,,",,,,,,,,,,,,,,,,,,,,,,,,,,,,,,,,,,,,,,,
212,0,0,",,,,,,,,,,,,,,,,,,,,,,,,,,,,,,,,,,,,,,",",,,,,,,,,,,,,,,,,,,,,,,,,,,,,,,,,,,,,,",,,,,,,,,,,,,,,,,,,,,,,,,,,,,,,,,,,,,,,
213,0,0,",,,,,,,,,,,,,,,,,,,,,,,,,,,,,,,,,,,,,,",",,,,,,,,,,,,,,,,,,,,,,,,,,,,,,,,,,,,,,",,,,,,,,,,,,,,,,,,,,,,,,,,,,,,,,,,,,,,,
215,0,0,",,,,,,,,,,,,,,,,,,,,,,,,,,,,,,,,,,,,,,",",,,,,,,,,,,,,,,,,,,,,,,,,,,,,,,,,,,,,,",,,,,,,,,,,,,,,,,,,,,,,,,,,,,,,,,,,,,,,
216,0,0,",,,,,,,,,,,,,,,,,,,,,,,,,,,,,,,,,,,,,,",",,,,,,,,,,,,,,,,,,,,,,,,,,,,,,,,,,,,,,",,,,,,,,,,,,,,,,,,,,,,,,,,,,,,,,,,,,,,,
217,0,0,",,,,,,,,,,,,,,,,,,,,,,,,,,,,,,,,,,,,,,",",,,,,,,,,,,,,,,,,,,,,,,,,,,,,,,,,,,,,,",,,,,,,,,,,,,,,,,,,,,,,,,,,,,,,,,,,,,,,
218,0,0,",,,,,,,,,,,,,,,,,,,,,,,,,,,,,,,,,,,,,,",",,,,,,,,,,,,,,,,,,,,,,,,,,,,,,,,,,,,,,",,,,,,,,,,,,,,,,,,,,,,,,,,,,,,,,,,,,,,,
219,0,0,",,,,,,,,,,,,,,,,,,,,,,,,,,,,,,,,,,,,,,",",,,,,,,,,,,,,,,,,,,,,,,,,,,,,,,,,,,,,,",,,,,,,,,,,,,,,,,,,,,,,,,,,,,,,,,,,,,,,
220,0,0,",,,,,,,,,,,,,,,,,,,,,,,,,,,,,,,,,,,,,,",",,,,,,,,,,,,,,,,,,,,,,,,,,,,,,,,,,,,,,",,,,,,,,,,,,,,,,,,,,,,,,,,,,,,,,,,,,,,,
221,0,0,",,,,,,,,,,,,,,,,,,,,,,,,,,,,,,,,,,,,,,",",,,,,,,,,,,,,,,,,,,,,,,,,,,,,,,,,,,,,,",,,,,,,,,,,,,,,,,,,,,,,,,,,,,,,,,,,,,,,
222,0,0,",,,,,,,,,,,,,,,,,,,,,,,,,,,,,,,,,,,,,,",",,,,,,,,,,,,,,,,,,,,,,,,,,,,,,,,,,,,,,",,,,,,,,,,,,,,,,,,,,,,,,,,,,,,,,,,,,,,,
223,0,0,",,,,,,,,,,,,,,,,,,,,,,,,,,,,,,,,,,,,,,",",,,,,,,,,,,,,,,,,,,,,,,,,,,,,,,,,,,,,,",,,,,,,,,,,,,,,,,,,,,,,,,,,,,,,,,,,,,,,
224,1,1,",28,,,,,,,,,,,,,,,,,,,,,,,,,,,,,,,,,,,,,",",28,,,,,,,,,,,,,,,,,,,,,,,,,,,,,,,,,,,,,",,28,,,,,,,,,,,,,,,,,,,,,,,,,,,,,,,,,,,,,
225,0,0,",,,,,,,,,,,,,,,,,,,,,,,,,,,,,,,,,,,,,,",",,,,,,,,,,,,,,,,,,,,,,,,,,,,,,,,,,,,,,",,,,,,,,,,,,,,,,,,,,,,,,,,,,,,,,,,,,,,,
227,0,0,",,,,,,,,,,,,,,,,,,,,,,,,,,,,,,,,,,,,,,",",,,,,,,,,,,,,,,,,,,,,,,,,,,,,,,,,,,,,,",,,,,,,,,,,,,,,,,,,,,,,,,,,,,,,,,,,,,,,
228,0,0,",,,,,,,,,,,,,,,,,,,,,,,,,,,,,,,,,,,,,,",",,,,,,,,,,,,,,,,,,,,,,,,,,,,,,,,,,,,,,",,,,,,,,,,,,,,,,,,,,,,,,,,,,,,,,,,,,,,,
229,0,0,",,,,,,,,,,,,,,,,,,,,,,,,,,,,,,,,,,,,,,",",,,,,,,,,,,,,,,,,,,,,,,,,,,,,,,,,,,,,,",,,,,,,,,,,,,,,,,,,,,,,,,,,,,,,,,,,,,,,
230,0,0,",,,,,,,,,,,,,,,,,,,,,,,,,,,,,,,,,,,,,,",",,,,,,,,,,,,,,,,,,,,,,,,,,,,,,,,,,,,,,",,,,,,,,,,,,,,,,,,,,,,,,,,,,,,,,,,,,,,,
231,0,0,",,,,,,,,,,,,,,,,,,,,,,,,,,,,,,,,,,,,,,",",,,,,,,,,,,,,,,,,,,,,,,,,,,,,,,,,,,,,,",,,,,,,,,,,,,,,,,,,,,,,,,,,,,,,,,,,,,,,
232,0,0,",,,,,,,,,,,,,,,,,,,,,,,,,,,,,,,,,,,,,,",",,,,,,,,,,,,,,,,,,,,,,,,,,,,,,,,,,,,,,",,,,,,,,,,,,,,,,,,,,,,,,,,,,,,,,,,,,,,,
233,0,0,",,,,,,,,,,,,,,,,,,,,,,,,,,,,,,,,,,,,,,",",,,,,,,,,,,,,,,,,,,,,,,,,,,,,,,,,,,,,,",,,,,,,,,,,,,,,,,,,,,,,,,,,,,,,,,,,,,,,
234,0,0,",,,,,,,,,,,,,,,,,,,,,,,,,,,,,,,,,,,,,,",",,,,,,,,,,,,,,,,,,,,,,,,,,,,,,,,,,,,,,",,,,,,,,,,,,,,,,,,,,,,,,,,,,,,,,,,,,,,,
235,0,0,",,,,,,,,,,,,,,,,,,,,,,,,,,,,,,,,,,,,,,",",,,,,,,,,,,,,,,,,,,,,,,,,,,,,,,,,,,,,,",,,,,,,,,,,,,,,,,,,,,,,,,,,,,,,,,,,,,,,
237,0,0,",,,,,,,,,,,,,,,,,,,,,,,,,,,,,,,,,,,,,,",",,,,,,,,,,,,,,,,,,,,,,,,,,,,,,,,,,,,,,",,,,,,,,,,,,,,,,,,,,,,,,,,,,,,,,,,,,,,,
238,0,0,",,,,,,,,,,,,,,,,,,,,,,,,,,,,,,,,,,,,,,",",,,,,,,,,,,,,,,,,,,,,,,,,,,,,,,,,,,,,,",,,,,,,,,,,,,,,,,,,,,,,,,,,,,,,,,,,,,,,
239,0,0,",,,,,,,,,,,,,,,,,,,,,,,,,,,,,,,,,,,,,,",",,,,,,,,,,,,,,,,,,,,,,,,,,,,,,,,,,,,,,",,,,,,,,,,,,,,,,,,,,,,,,,,,,,,,,,,,,,,,
240,0,0,",,,,,,,,,,,,,,,,,,,,,,,,,,,,,,,,,,,,,,",",,,,,,,,,,,,,,,,,,,,,,,,,,,,,,,,,,,,,,",,,,,,,,,,,,,,,,,,,,,,,,,,,,,,,,,,,,,,,
241,0,0,",,,,,,,,,,,,,,,,,,,,,,,,,,,,,,,,,,,,,,",",,,,,,,,,,,,,,,,,,,,,,,,,,,,,,,,,,,,,,",,,,,,,,,,,,,,,,,,,,,,,,,,,,,,,,,,,,,,,
242,0,0,",,,,,,,,,,,,,,,,,,,,,,,,,,,,,,,,,,,,,,",",,,,,,,,,,,,,,,,,,,,,,,,,,,,,,,,,,,,,,",,,,,,,,,,,,,,,,,,,,,,,,,,,,,,,,,,,,,,,
243,0,0,",,,,,,,,,,,,,,,,,,,,,,,,,,,,,,,,,,,,,,",",,,,,,,,,,,,,,,,,,,,,,,,,,,,,,,,,,,,,,",,,,,,,,,,,,,,,,,,,,,,,,,,,,,,,,,,,,,,,
244,0,0,",,,,,,,,,,,,,,,,,,,,,,,,,,,,,,,,,,,,,,",",,,,,,,,,,,,,,,,,,,,,,,,,,,,,,,,,,,,,,",,,,,,,,,,,,,,,,,,,,,,,,,,,,,,,,,,,,,,,
246,0,0,",,,,,,,,,,,,,,,,,,,,,,,,,,,,,,,,,,,,,,",",,,,,,,,,,,,,,,,,,,,,,,,,,,,,,,,,,,,,,",,,,,,,,,,,,,,,,,,,,,,,,,,,,,,,,,,,,,,,
247,0,0,",,,,,,,,,,,,,,,,,,,,,,,,,,,,,,,,,,,,,,",",,,,,,,,,,,,,,,,,,,,,,,,,,,,,,,,,,,,,,",,,,,,,,,,,,,,,,,,,,,,,,,,,,,,,,,,,,,,,
248,0,0,",,,,,,,,,,,,,,,,,,,,,,,,,,,,,,,,,,,,,,",",,,,,,,,,,,,,,,,,,,,,,,,,,,,,,,,,,,,,,",,,,,,,,,,,,,,,,,,,,,,,,,,,,,,,,,,,,,,,
250,0,0,",,,,,,,,,,,,,,,,,,,,,,,,,,,,,,,,,,,,,,",",,,,,,,,,,,,,,,,,,,,,,,,,,,,,,,,,,,,,,",,,,,,,,,,,,,,,,,,,,,,,,,,,,,,,,,,,,,,,
251,0,0,",,,,,,,,,,,,,,,,,,,,,,,,,,,,,,,,,,,,,,",",,,,,,,,,,,,,,,,,,,,,,,,,,,,,,,,,,,,,,",,,,,,,,,,,,,,,,,,,,,,,,,,,,,,,,,,,,,,,
252,0,0,",,,,,,,,,,,,,,,,,,,,,,,,,,,,,,,,,,,,,,",",,,,,,,,,,,,,,,,,,,,,,,,,,,,,,,,,,,,,,",,,,,,,,,,,,,,,,,,,,,,,,,,,,,,,,,,,,,,,
253,0,0,",,,,,,,,,,,,,,,,,,,,,,,,,,,,,,,,,,,,,,",",,,,,,,,,,,,,,,,,,,,,,,,,,,,,,,,,,,,,,",,,,,,,,,,,,,,,,,,,,,,,,,,,,,,,,,,,,,,,
254,0,0,",,,,,,,,,,,,,,,,,,,,,,,,,,,,,,,,,,,,,,",",,,,,,,,,,,,,,,,,,,,,,,,,,,,,,,,,,,,,,",,,,,,,,,,,,,,,,,,,,,,,,,,,,,,,,,,,,,,,
255,0,0,",,,,,,,,,,,,,,,,,,,,,,,,,,,,,,,,,,,,,,",",,,,,,,,,,,,,,,,,,,,,,,,,,,,,,,,,,,,,,",,,,,,,,,,,,,,,,,,,,,,,,,,,,,,,,,,,,,,,
256,0,0,",,,,,,,,,,,,,,,,,,,,,,,,,,,,,,,,,,,,,,",",,,,,,,,,,,,,,,,,,,,,,,,,,,,,,,,,,,,,,",,,,,,,,,,,,,,,,,,,,,,,,,,,,,,,,,,,,,,,
257,0,0,",,,,,,,,,,,,,,,,,,,,,,,,,,,,,,,,,,,,,,",",,,,,,,,,,,,,,,,,,,,,,,,,,,,,,,,,,,,,,",,,,,,,,,,,,,,,,,,,,,,,,,,,,,,,,,,,,,,,
258,0,0,",,,,,,,,,,,,,,,,,,,,,,,,,,,,,,,,,,,,,,",",,,,,,,,,,,,,,,,,,,,,,,,,,,,,,,,,,,,,,",,,,,,,,,,,,,,,,,,,,,,,,,,,,,,,,,,,,,,,
260,0,0,",,,,,,,,,,,,,,,,,,,,,,,,,,,,,,,,,,,,,,",",,,,,,,,,,,,,,,,,,,,,,,,,,,,,,,,,,,,,,",,,,,,,,,,,,,,,,,,,,,,,,,,,,,,,,,,,,,,,
261,0,0,",,,,,,,,,,,,,,,,,,,,,,,,,,,,,,,,,,,,,,",",,,,,,,,,,,,,,,,,,,,,,,,,,,,,,,,,,,,,,",,,,,,,,,,,,,,,,,,,,,,,,,,,,,,,,,,,,,,,
262,1,1,",28,,,,,,,,,,,,,,,,,,,,,,,,,,,,,,,,,,,,,",",28,,,,,,,,,,,,,,,,,,,,,,,,,,,,,,,,,,,,,",,28,,,,,,,,,,,,,,,,,,,,,,,,,,,,,,,,,,,,,
263,1,1,",53,,,,,,,,,,,,,,,,,,,,,,,,,,,,,,,,,,,,,",",53,,,,,,,,,,,,,,,,,,,,,,,,,,,,,,,,,,,,,",,53,,,,,,,,,,,,,,,,,,,,,,,,,,,,,,,,,,,,,
264,0,0,",,,,,,,,,,,,,,,,,,,,,,,,,,,,,,,,,,,,,,",",,,,,,,,,,,,,,,,,,,,,,,,,,,,,,,,,,,,,,",,,,,,,,,,,,,,,,,,,,,,,,,,,,,,,,,,,,,,,
265,0,0,",,,,,,,,,,,,,,,,,,,,,,,,,,,,,,,,,,,,,,",",,,,,,,,,,,,,,,,,,,,,,,,,,,,,,,,,,,,,,",,,,,,,,,,,,,,,,,,,,,,,,,,,,,,,,,,,,,,,
266,0,0,",,,,,,,,,,,,,,,,,,,,,,,,,,,,,,,,,,,,,,",",,,,,,,,,,,,,,,,,,,,,,,,,,,,,,,,,,,,,,",,,,,,,,,,,,,,,,,,,,,,,,,,,,,,,,,,,,,,,
267,0,0,",,,,,,,,,,,,,,,,,,,,,,,,,,,,,,,,,,,,,,",",,,,,,,,,,,,,,,,,,,,,,,,,,,,,,,,,,,,,,",,,,,,,,,,,,,,,,,,,,,,,,,,,,,,,,,,,,,,,
268,0,0,",,,,,,,,,,,,,,,,,,,,,,,,,,,,,,,,,,,,,,",",,,,,,,,,,,,,,,,,,,,,,,,,,,,,,,,,,,,,,",,,,,,,,,,,,,,,,,,,,,,,,,,,,,,,,,,,,,,,
269,0,0,",,,,,,,,,,,,,,,,,,,,,,,,,,,,,,,,,,,,,,",",,,,,,,,,,,,,,,,,,,,,,,,,,,,,,,,,,,,,,",,,,,,,,,,,,,,,,,,,,,,,,,,,,,,,,,,,,,,,
271,0,0,",,,,,,,,,,,,,,,,,,,,,,,,,,,,,,,,,,,,,,",",,,,,,,,,,,,,,,,,,,,,,,,,,,,,,,,,,,,,,",,,,,,,,,,,,,,,,,,,,,,,,,,,,,,,,,,,,,,,
272,0,0,",,,,,,,,,,,,,,,,,,,,,,,,,,,,,,,,,,,,,,",",,,,,,,,,,,,,,,,,,,,,,,,,,,,,,,,,,,,,,",,,,,,,,,,,,,,,,,,,,,,,,,,,,,,,,,,,,,,,
273,0,0,",,,,,,,,,,,,,,,,,,,,,,,,,,,,,,,,,,,,,,",",,,,,,,,,,,,,,,,,,,,,,,,,,,,,,,,,,,,,,",,,,,,,,,,,,,,,,,,,,,,,,,,,,,,,,,,,,,,,
274,0,0,",,,,,,,,,,,,,,,,,,,,,,,,,,,,,,,,,,,,,,",",,,,,,,,,,,,,,,,,,,,,,,,,,,,,,,,,,,,,,",,,,,,,,,,,,,,,,,,,,,,,,,,,,,,,,,,,,,,,
275,0,0,",,,,,,,,,,,,,,,,,,,,,,,,,,,,,,,,,,,,,,",",,,,,,,,,,,,,,,,,,,,,,,,,,,,,,,,,,,,,,",,,,,,,,,,,,,,,,,,,,,,,,,,,,,,,,,,,,,,,
276,0,0,",,,,,,,,,,,,,,,,,,,,,,,,,,,,,,,,,,,,,,",",,,,,,,,,,,,,,,,,,,,,,,,,,,,,,,,,,,,,,",,,,,,,,,,,,,,,,,,,,,,,,,,,,,,,,,,,,,,,
277,0,0,",,,,,,,,,,,,,,,,,,,,,,,,,,,,,,,,,,,,,,",",,,,,,,,,,,,,,,,,,,,,,,,,,,,,,,,,,,,,,",,,,,,,,,,,,,,,,,,,,,,,,,,,,,,,,,,,,,,,
278,0,0,",,,,,,,,,,,,,,,,,,,,,,,,,,,,,,,,,,,,,,",",,,,,,,,,,,,,,,,,,,,,,,,,,,,,,,,,,,,,,",,,,,,,,,,,,,,,,,,,,,,,,,,,,,,,,,,,,,,,
279,0,0,",,,,,,,,,,,,,,,,,,,,,,,,,,,,,,,,,,,,,,",",,,,,,,,,,,,,,,,,,,,,,,,,,,,,,,,,,,,,,",,,,,,,,,,,,,,,,,,,,,,,,,,,,,,,,,,,,,,,
280,0,0,",,,,,,,,,,,,,,,,,,,,,,,,,,,,,,,,,,,,,,",",,,,,,,,,,,,,,,,,,,,,,,,,,,,,,,,,,,,,,",,,,,,,,,,,,,,,,,,,,,,,,,,,,,,,,,,,,,,,
281,0,0,",,,,,,,,,,,,,,,,,,,,,,,,,,,,,,,,,,,,,,",",,,,,,,,,,,,,,,,,,,,,,,,,,,,,,,,,,,,,,",,,,,,,,,,,,,,,,,,,,,,,,,,,,,,,,,,,,,,,
282,0,0,",,,,,,,,,,,,,,,,,,,,,,,,,,,,,,,,,,,,,,",",,,,,,,,,,,,,,,,,,,,,,,,,,,,,,,,,,,,,,",,,,,,,,,,,,,,,,,,,,,,,,,,,,,,,,,,,,,,,
283,0,0,",,,,,,,,,,,,,,,,,,,,,,,,,,,,,,,,,,,,,,",",,,,,,,,,,,,,,,,,,,,,,,,,,,,,,,,,,,,,,",,,,,,,,,,,,,,,,,,,,,,,,,,,,,,,,,,,,,,,
285,0,0,",,,,,,,,,,,,,,,,,,,,,,,,,,,,,,,,,,,,,,",",,,,,,,,,,,,,,,,,,,,,,,,,,,,,,,,,,,,,,",,,,,,,,,,,,,,,,,,,,,,,,,,,,,,,,,,,,,,,
286,0,0,",,,,,,,,,,,,,,,,,,,,,,,,,,,,,,,,,,,,,,",",,,,,,,,,,,,,,,,,,,,,,,,,,,,,,,,,,,,,,",,,,,,,,,,,,,,,,,,,,,,,,,,,,,,,,,,,,,,,
287,0,0,",,,,,,,,,,,,,,,,,,,,,,,,,,,,,,,,,,,,,,",",,,,,,,,,,,,,,,,,,,,,,,,,,,,,,,,,,,,,,",,,,,,,,,,,,,,,,,,,,,,,,,,,,,,,,,,,,,,,
288,0,0,",,,,,,,,,,,,,,,,,,,,,,,,,,,,,,,,,,,,,,",",,,,,,,,,,,,,,,,,,,,,,,,,,,,,,,,,,,,,,",,,,,,,,,,,,,,,,,,,,,,,,,,,,,,,,,,,,,,,
289,0,0,",,,,,,,,,,,,,,,,,,,,,,,,,,,,,,,,,,,,,,",",,,,,,,,,,,,,,,,,,,,,,,,,,,,,,,,,,,,,,",,,,,,,,,,,,,,,,,,,,,,,,,,,,,,,,,,,,,,,
290,0,0,",,,,,,,,,,,,,,,,,,,,,,,,,,,,,,,,,,,,,,",",,,,,,,,,,,,,,,,,,,,,,,,,,,,,,,,,,,,,,",,,,,,,,,,,,,,,,,,,,,,,,,,,,,,,,,,,,,,,
291,0,0,",,,,,,,,,,,,,,,,,,,,,,,,,,,,,,,,,,,,,,",",,,,,,,,,,,,,,,,,,,,,,,,,,,,,,,,,,,,,,",,,,,,,,,,,,,,,,,,,,,,,,,,,,,,,,,,,,,,,
292,0,0,",,,,,,,,,,,,,,,,,,,,,,,,,,,,,,,,,,,,,,",",,,,,,,,,,,,,,,,,,,,,,,,,,,,,,,,,,,,,,",,,,,,,,,,,,,,,,,,,,,,,,,,,,,,,,,,,,,,,
293,0,0,",,,,,,,,,,,,,,,,,,,,,,,,,,,,,,,,,,,,,,",",,,,,,,,,,,,,,,,,,,,,,,,,,,,,,,,,,,,,,",,,,,,,,,,,,,,,,,,,,,,,,,,,,,,,,,,,,,,,
294,0,0,",,,,,,,,,,,,,,,,,,,,,,,,,,,,,,,,,,,,,,",",,,,,,,,,,,,,,,,,,,,,,,,,,,,,,,,,,,,,,",,,,,,,,,,,,,,,,,,,,,,,,,,,,,,,,,,,,,,,
295,0,0,",,,,,,,,,,,,,,,,,,,,,,,,,,,,,,,,,,,,,,",",,,,,,,,,,,,,,,,,,,,,,,,,,,,,,,,,,,,,,",,,,,,,,,,,,,,,,,,,,,,,,,,,,,,,,,,,,,,,
296,0,0,",,,,,,,,,,,,,,,,,,,,,,,,,,,,,,,,,,,,,,",",,,,,,,,,,,,,,,,,,,,,,,,,,,,,,,,,,,,,,",,,,,,,,,,,,,,,,,,,,,,,,,,,,,,,,,,,,,,,
297,0,0,",,,,,,,,,,,,,,,,,,,,,,,,,,,,,,,,,,,,,,",",,,,,,,,,,,,,,,,,,,,,,,,,,,,,,,,,,,,,,",,,,,,,,,,,,,,,,,,,,,,,,,,,,,,,,,,,,,,,
298,0,0,",,,,,,,,,,,,,,,,,,,,,,,,,,,,,,,,,,,,,,",",,,,,,,,,,,,,,,,,,,,,,,,,,,,,,,,,,,,,,",,,,,,,,,,,,,,,,,,,,,,,,,,,,,,,,,,,,,,,
299,0,0,",,,,,,,,,,,,,,,,,,,,,,,,,,,,,,,,,,,,,,",",,,,,,,,,,,,,,,,,,,,,,,,,,,,,,,,,,,,,,",,,,,,,,,,,,,,,,,,,,,,,,,,,,,,,,,,,,,,,
300,0,0,",,,,,,,,,,,,,,,,,,,,,,,,,,,,,,,,,,,,,,",",,,,,,,,,,,,,,,,,,,,,,,,,,,,,,,,,,,,,,",,,,,,,,,,,,,,,,,,,,,,,,,,,,,,,,,,,,,,,
301,0,0,",,,,,,,,,,,,,,,,,,,,,,,,,,,,,,,,,,,,,,",",,,,,,,,,,,,,,,,,,,,,,,,,,,,,,,,,,,,,,",,,,,,,,,,,,,,,,,,,,,,,,,,,,,,,,,,,,,,,
302,0,0,",,,,,,,,,,,,,,,,,,,,,,,,,,,,,,,,,,,,,,",",,,,,,,,,,,,,,,,,,,,,,,,,,,,,,,,,,,,,,",,,,,,,,,,,,,,,,,,,,,,,,,,,,,,,,,,,,,,,
303,0,0,",,,,,,,,,,,,,,,,,,,,,,,,,,,,,,,,,,,,,,",",,,,,,,,,,,,,,,,,,,,,,,,,,,,,,,,,,,,,,",,,,,,,,,,,,,,,,,,,,,,,,,,,,,,,,,,,,,,,
304,0,0,",,,,,,,,,,,,,,,,,,,,,,,,,,,,,,,,,,,,,,",",,,,,,,,,,,,,,,,,,,,,,,,,,,,,,,,,,,,,,",,,,,,,,,,,,,,,,,,,,,,,,,,,,,,,,,,,,,,,
305,0,0,",,,,,,,,,,,,,,,,,,,,,,,,,,,,,,,,,,,,,,",",,,,,,,,,,,,,,,,,,,,,,,,,,,,,,,,,,,,,,",,,,,,,,,,,,,,,,,,,,,,,,,,,,,,,,,,,,,,,
307,0,0,",,,,,,,,,,,,,,,,,,,,,,,,,,,,,,,,,,,,,,",",,,,,,,,,,,,,,,,,,,,,,,,,,,,,,,,,,,,,,",,,,,,,,,,,,,,,,,,,,,,,,,,,,,,,,,,,,,,,
308,0,0,",,,,,,,,,,,,,,,,,,,,,,,,,,,,,,,,,,,,,,",",,,,,,,,,,,,,,,,,,,,,,,,,,,,,,,,,,,,,,",,,,,,,,,,,,,,,,,,,,,,,,,,,,,,,,,,,,,,,
309,0,0,",,,,,,,,,,,,,,,,,,,,,,,,,,,,,,,,,,,,,,",",,,,,,,,,,,,,,,,,,,,,,,,,,,,,,,,,,,,,,",,,,,,,,,,,,,,,,,,,,,,,,,,,,,,,,,,,,,,,
310,0,0,",,,,,,,,,,,,,,,,,,,,,,,,,,,,,,,,,,,,,,",",,,,,,,,,,,,,,,,,,,,,,,,,,,,,,,,,,,,,,",,,,,,,,,,,,,,,,,,,,,,,,,,,,,,,,,,,,,,,
311,0,0,",,,,,,,,,,,,,,,,,,,,,,,,,,,,,,,,,,,,,,",",,,,,,,,,,,,,,,,,,,,,,,,,,,,,,,,,,,,,,",,,,,,,,,,,,,,,,,,,,,,,,,,,,,,,,,,,,,,,
312,0,0,",,,,,,,,,,,,,,,,,,,,,,,,,,,,,,,,,,,,,,",",,,,,,,,,,,,,,,,,,,,,,,,,,,,,,,,,,,,,,",,,,,,,,,,,,,,,,,,,,,,,,,,,,,,,,,,,,,,,
313,0,0,",,,,,,,,,,,,,,,,,,,,,,,,,,,,,,,,,,,,,,",",,,,,,,,,,,,,,,,,,,,,,,,,,,,,,,,,,,,,,",,,,,,,,,,,,,,,,,,,,,,,,,,,,,,,,,,,,,,,
314,0,0,",,,,,,,,,,,,,,,,,,,,,,,,,,,,,,,,,,,,,,",",,,,,,,,,,,,,,,,,,,,,,,,,,,,,,,,,,,,,,",,,,,,,,,,,,,,,,,,,,,,,,,,,,,,,,,,,,,,,
315,0,0,",,,,,,,,,,,,,,,,,,,,,,,,,,,,,,,,,,,,,,",",,,,,,,,,,,,,,,,,,,,,,,,,,,,,,,,,,,,,,",,,,,,,,,,,,,,,,,,,,,,,,,,,,,,,,,,,,,,,
317,0,0,",,,,,,,,,,,,,,,,,,,,,,,,,,,,,,,,,,,,,,",",,,,,,,,,,,,,,,,,,,,,,,,,,,,,,,,,,,,,,",,,,,,,,,,,,,,,,,,,,,,,,,,,,,,,,,,,,,,,
319,0,0,",,,,,,,,,,,,,,,,,,,,,,,,,,,,,,,,,,,,,,",",,,,,,,,,,,,,,,,,,,,,,,,,,,,,,,,,,,,,,",,,,,,,,,,,,,,,,,,,,,,,,,,,,,,,,,,,,,,,
320,0,0,",,,,,,,,,,,,,,,,,,,,,,,,,,,,,,,,,,,,,,",",,,,,,,,,,,,,,,,,,,,,,,,,,,,,,,,,,,,,,",,,,,,,,,,,,,,,,,,,,,,,,,,,,,,,,,,,,,,,
321,1,1,",32,,,,,,,,,,,,,,,,,,,,,,,,,,,,,,,,,,,,,",",32,,,,,,,,,,,,,,,,,,,,,,,,,,,,,,,,,,,,,",,32,,,,,,,,,,,,,,,,,,,,,,,,,,,,,,,,,,,,,
322,0,0,",,,,,,,,,,,,,,,,,,,,,,,,,,,,,,,,,,,,,,",",,,,,,,,,,,,,,,,,,,,,,,,,,,,,,,,,,,,,,",,,,,,,,,,,,,,,,,,,,,,,,,,,,,,,,,,,,,,,
323,0,0,",,,,,,,,,,,,,,,,,,,,,,,,,,,,,,,,,,,,,,",",,,,,,,,,,,,,,,,,,,,,,,,,,,,,,,,,,,,,,",,,,,,,,,,,,,,,,,,,,,,,,,,,,,,,,,,,,,,,
325,0,0,",,,,,,,,,,,,,,,,,,,,,,,,,,,,,,,,,,,,,,",",,,,,,,,,,,,,,,,,,,,,,,,,,,,,,,,,,,,,,",,,,,,,,,,,,,,,,,,,,,,,,,,,,,,,,,,,,,,,
326,0,0,",,,,,,,,,,,,,,,,,,,,,,,,,,,,,,,,,,,,,,",",,,,,,,,,,,,,,,,,,,,,,,,,,,,,,,,,,,,,,",,,,,,,,,,,,,,,,,,,,,,,,,,,,,,,,,,,,,,,
328,0,0,",,,,,,,,,,,,,,,,,,,,,,,,,,,,,,,,,,,,,,",",,,,,,,,,,,,,,,,,,,,,,,,,,,,,,,,,,,,,,",,,,,,,,,,,,,,,,,,,,,,,,,,,,,,,,,,,,,,,
330,1,1,",51,,,,,,,,,,,,,,,,,,,,,,,,,,,,,,,,,,,,,",",51,,,,,,,,,,,,,,,,,,,,,,,,,,,,,,,,,,,,,",,51,,,,,,,,,,,,,,,,,,,,,,,,,,,,,,,,,,,,,
331,0,0,",,,,,,,,,,,,,,,,,,,,,,,,,,,,,,,,,,,,,,",",,,,,,,,,,,,,,,,,,,,,,,,,,,,,,,,,,,,,,",,,,,,,,,,,,,,,,,,,,,,,,,,,,,,,,,,,,,,,
333,0,0,",,,,,,,,,,,,,,,,,,,,,,,,,,,,,,,,,,,,,,",",,,,,,,,,,,,,,,,,,,,,,,,,,,,,,,,,,,,,,",,,,,,,,,,,,,,,,,,,,,,,,,,,,,,,,,,,,,,,
334,1,1,",25,,,,,,,,,,,,,,,,,,,,,,,,,,,,,,,,,,,,,",",25,,,,,,,,,,,,,,,,,,,,,,,,,,,,,,,,,,,,,",,25,,,,,,,,,,,,,,,,,,,,,,,,,,,,,,,,,,,,,
335,1,1,",26,,,,,,,,,,,,,,,,,,,,,,,,,,,,,,,,,,,,,",",26,,,,,,,,,,,,,,,,,,,,,,,,,,,,,,,,,,,,,",,26,,,,,,,,,,,,,,,,,,,,,,,,,,,,,,,,,,,,,
336,0,0,",,,,,,,,,,,,,,,,,,,,,,,,,,,,,,,,,,,,,,",",,,,,,,,,,,,,,,,,,,,,,,,,,,,,,,,,,,,,,",,,,,,,,,,,,,,,,,,,,,,,,,,,,,,,,,,,,,,,
337,0,0,",,,,,,,,,,,,,,,,,,,,,,,,,,,,,,,,,,,,,,",",,,,,,,,,,,,,,,,,,,,,,,,,,,,,,,,,,,,,,",,,,,,,,,,,,,,,,,,,,,,,,,,,,,,,,,,,,,,,
338,0,0,",,,,,,,,,,,,,,,,,,,,,,,,,,,,,,,,,,,,,,",",,,,,,,,,,,,,,,,,,,,,,,,,,,,,,,,,,,,,,",,,,,,,,,,,,,,,,,,,,,,,,,,,,,,,,,,,,,,,
339,0,0,",,,,,,,,,,,,,,,,,,,,,,,,,,,,,,,,,,,,,,",",,,,,,,,,,,,,,,,,,,,,,,,,,,,,,,,,,,,,,",,,,,,,,,,,,,,,,,,,,,,,,,,,,,,,,,,,,,,,
340,0,0,",,,,,,,,,,,,,,,,,,,,,,,,,,,,,,,,,,,,,,",",,,,,,,,,,,,,,,,,,,,,,,,,,,,,,,,,,,,,,",,,,,,,,,,,,,,,,,,,,,,,,,,,,,,,,,,,,,,,
341,0,0,",,,,,,,,,,,,,,,,,,,,,,,,,,,,,,,,,,,,,,",",,,,,,,,,,,,,,,,,,,,,,,,,,,,,,,,,,,,,,",,,,,,,,,,,,,,,,,,,,,,,,,,,,,,,,,,,,,,,
342,0,0,",,,,,,,,,,,,,,,,,,,,,,,,,,,,,,,,,,,,,,",",,,,,,,,,,,,,,,,,,,,,,,,,,,,,,,,,,,,,,",,,,,,,,,,,,,,,,,,,,,,,,,,,,,,,,,,,,,,,
343,0,0,",,,,,,,,,,,,,,,,,,,,,,,,,,,,,,,,,,,,,,",",,,,,,,,,,,,,,,,,,,,,,,,,,,,,,,,,,,,,,",,,,,,,,,,,,,,,,,,,,,,,,,,,,,,,,,,,,,,,
345,0,0,",,,,,,,,,,,,,,,,,,,,,,,,,,,,,,,,,,,,,,",",,,,,,,,,,,,,,,,,,,,,,,,,,,,,,,,,,,,,,",,,,,,,,,,,,,,,,,,,,,,,,,,,,,,,,,,,,,,,
347,0,0,",,,,,,,,,,,,,,,,,,,,,,,,,,,,,,,,,,,,,,",",,,,,,,,,,,,,,,,,,,,,,,,,,,,,,,,,,,,,,",,,,,,,,,,,,,,,,,,,,,,,,,,,,,,,,,,,,,,,
348,0,0,",,,,,,,,,,,,,,,,,,,,,,,,,,,,,,,,,,,,,,",",,,,,,,,,,,,,,,,,,,,,,,,,,,,,,,,,,,,,,",,,,,,,,,,,,,,,,,,,,,,,,,,,,,,,,,,,,,,,
350,0,0,",,,,,,,,,,,,,,,,,,,,,,,,,,,,,,,,,,,,,,",",,,,,,,,,,,,,,,,,,,,,,,,,,,,,,,,,,,,,,",,,,,,,,,,,,,,,,,,,,,,,,,,,,,,,,,,,,,,,
351,0,0,",,,,,,,,,,,,,,,,,,,,,,,,,,,,,,,,,,,,,,",",,,,,,,,,,,,,,,,,,,,,,,,,,,,,,,,,,,,,,",,,,,,,,,,,,,,,,,,,,,,,,,,,,,,,,,,,,,,,
352,0,0,",,,,,,,,,,,,,,,,,,,,,,,,,,,,,,,,,,,,,,",",,,,,,,,,,,,,,,,,,,,,,,,,,,,,,,,,,,,,,",,,,,,,,,,,,,,,,,,,,,,,,,,,,,,,,,,,,,,,
354,0,0,",,,,,,,,,,,,,,,,,,,,,,,,,,,,,,,,,,,,,,",",,,,,,,,,,,,,,,,,,,,,,,,,,,,,,,,,,,,,,",,,,,,,,,,,,,,,,,,,,,,,,,,,,,,,,,,,,,,,
355,0,0,",,,,,,,,,,,,,,,,,,,,,,,,,,,,,,,,,,,,,,",",,,,,,,,,,,,,,,,,,,,,,,,,,,,,,,,,,,,,,",,,,,,,,,,,,,,,,,,,,,,,,,,,,,,,,,,,,,,,
356,0,0,",,,,,,,,,,,,,,,,,,,,,,,,,,,,,,,,,,,,,,",",,,,,,,,,,,,,,,,,,,,,,,,,,,,,,,,,,,,,,",,,,,,,,,,,,,,,,,,,,,,,,,,,,,,,,,,,,,,,
358,0,0,",,,,,,,,,,,,,,,,,,,,,,,,,,,,,,,,,,,,,,",",,,,,,,,,,,,,,,,,,,,,,,,,,,,,,,,,,,,,,",,,,,,,,,,,,,,,,,,,,,,,,,,,,,,,,,,,,,,,
359,0,0,",,,,,,,,,,,,,,,,,,,,,,,,,,,,,,,,,,,,,,",",,,,,,,,,,,,,,,,,,,,,,,,,,,,,,,,,,,,,,",,,,,,,,,,,,,,,,,,,,,,,,,,,,,,,,,,,,,,,
360,0,0,",,,,,,,,,,,,,,,,,,,,,,,,,,,,,,,,,,,,,,",",,,,,,,,,,,,,,,,,,,,,,,,,,,,,,,,,,,,,,",,,,,,,,,,,,,,,,,,,,,,,,,,,,,,,,,,,,,,,
362,0,0,",,,,,,,,,,,,,,,,,,,,,,,,,,,,,,,,,,,,,,",",,,,,,,,,,,,,,,,,,,,,,,,,,,,,,,,,,,,,,",,,,,,,,,,,,,,,,,,,,,,,,,,,,,,,,,,,,,,,
363,0,0,",,,,,,,,,,,,,,,,,,,,,,,,,,,,,,,,,,,,,,",",,,,,,,,,,,,,,,,,,,,,,,,,,,,,,,,,,,,,,",,,,,,,,,,,,,,,,,,,,,,,,,,,,,,,,,,,,,,,
364,0,0,",,,,,,,,,,,,,,,,,,,,,,,,,,,,,,,,,,,,,,",",,,,,,,,,,,,,,,,,,,,,,,,,,,,,,,,,,,,,,",,,,,,,,,,,,,,,,,,,,,,,,,,,,,,,,,,,,,,,
366,0,0,",,,,,,,,,,,,,,,,,,,,,,,,,,,,,,,,,,,,,,",",,,,,,,,,,,,,,,,,,,,,,,,,,,,,,,,,,,,,,",,,,,,,,,,,,,,,,,,,,,,,,,,,,,,,,,,,,,,,
367,0,0,",,,,,,,,,,,,,,,,,,,,,,,,,,,,,,,,,,,,,,",",,,,,,,,,,,,,,,,,,,,,,,,,,,,,,,,,,,,,,",,,,,,,,,,,,,,,,,,,,,,,,,,,,,,,,,,,,,,,
369,0,0,",,,,,,,,,,,,,,,,,,,,,,,,,,,,,,,,,,,,,,",",,,,,,,,,,,,,,,,,,,,,,,,,,,,,,,,,,,,,,",,,,,,,,,,,,,,,,,,,,,,,,,,,,,,,,,,,,,,,
370,0,0,",,,,,,,,,,,,,,,,,,,,,,,,,,,,,,,,,,,,,,",",,,,,,,,,,,,,,,,,,,,,,,,,,,,,,,,,,,,,,",,,,,,,,,,,,,,,,,,,,,,,,,,,,,,,,,,,,,,,
371,0,0,",,,,,,,,,,,,,,,,,,,,,,,,,,,,,,,,,,,,,,",",,,,,,,,,,,,,,,,,,,,,,,,,,,,,,,,,,,,,,",,,,,,,,,,,,,,,,,,,,,,,,,,,,,,,,,,,,,,,
372,0,0,",,,,,,,,,,,,,,,,,,,,,,,,,,,,,,,,,,,,,,",",,,,,,,,,,,,,,,,,,,,,,,,,,,,,,,,,,,,,,",,,,,,,,,,,,,,,,,,,,,,,,,,,,,,,,,,,,,,,
373,0,0,",,,,,,,,,,,,,,,,,,,,,,,,,,,,,,,,,,,,,,",",,,,,,,,,,,,,,,,,,,,,,,,,,,,,,,,,,,,,,",,,,,,,,,,,,,,,,,,,,,,,,,,,,,,,,,,,,,,,
374,1,1,",37,,,,,,,,,,,,,,,,,,,,,,,,,,,,,,,,,,,,,",",37,,,,,,,,,,,,,,,,,,,,,,,,,,,,,,,,,,,,,",,37,,,,,,,,,,,,,,,,,,,,,,,,,,,,,,,,,,,,,
375,1,1,",46,,,,,,,,,,,,,,,,,,,,,,,,,,,,,,,,,,,,,",",46,,,,,,,,,,,,,,,,,,,,,,,,,,,,,,,,,,,,,",,46,,,,,,,,,,,,,,,,,,,,,,,,,,,,,,,,,,,,,
376,0,0,",,,,,,,,,,,,,,,,,,,,,,,,,,,,,,,,,,,,,,",",,,,,,,,,,,,,,,,,,,,,,,,,,,,,,,,,,,,,,",,,,,,,,,,,,,,,,,,,,,,,,,,,,,,,,,,,,,,,
377,0,0,",,,,,,,,,,,,,,,,,,,,,,,,,,,,,,,,,,,,,,",",,,,,,,,,,,,,,,,,,,,,,,,,,,,,,,,,,,,,,",,,,,,,,,,,,,,,,,,,,,,,,,,,,,,,,,,,,,,,
378,0,0,",,,,,,,,,,,,,,,,,,,,,,,,,,,,,,,,,,,,,,",",,,,,,,,,,,,,,,,,,,,,,,,,,,,,,,,,,,,,,",,,,,,,,,,,,,,,,,,,,,,,,,,,,,,,,,,,,,,,
379,0,0,",,,,,,,,,,,,,,,,,,,,,,,,,,,,,,,,,,,,,,",",,,,,,,,,,,,,,,,,,,,,,,,,,,,,,,,,,,,,,",,,,,,,,,,,,,,,,,,,,,,,,,,,,,,,,,,,,,,,
380,1,1,",43,,,,,,,,,,,,,,,,,,,,,,,,,,,,,,,,,,,,,",",43,,,,,,,,,,,,,,,,,,,,,,,,,,,,,,,,,,,,,",,43,,,,,,,,,,,,,,,,,,,,,,,,,,,,,,,,,,,,,
381,0,0,",,,,,,,,,,,,,,,,,,,,,,,,,,,,,,,,,,,,,,",",,,,,,,,,,,,,,,,,,,,,,,,,,,,,,,,,,,,,,",,,,,,,,,,,,,,,,,,,,,,,,,,,,,,,,,,,,,,,
383,0,0,",,,,,,,,,,,,,,,,,,,,,,,,,,,,,,,,,,,,,,",",,,,,,,,,,,,,,,,,,,,,,,,,,,,,,,,,,,,,,",,,,,,,,,,,,,,,,,,,,,,,,,,,,,,,,,,,,,,,
384,0,0,",,,,,,,,,,,,,,,,,,,,,,,,,,,,,,,,,,,,,,",",,,,,,,,,,,,,,,,,,,,,,,,,,,,,,,,,,,,,,",,,,,,,,,,,,,,,,,,,,,,,,,,,,,,,,,,,,,,,
386,0,0,",,,,,,,,,,,,,,,,,,,,,,,,,,,,,,,,,,,,,,",",,,,,,,,,,,,,,,,,,,,,,,,,,,,,,,,,,,,,,",,,,,,,,,,,,,,,,,,,,,,,,,,,,,,,,,,,,,,,
387,0,0,",,,,,,,,,,,,,,,,,,,,,,,,,,,,,,,,,,,,,,",",,,,,,,,,,,,,,,,,,,,,,,,,,,,,,,,,,,,,,",,,,,,,,,,,,,,,,,,,,,,,,,,,,,,,,,,,,,,,
388,0,0,",,,,,,,,,,,,,,,,,,,,,,,,,,,,,,,,,,,,,,",",,,,,,,,,,,,,,,,,,,,,,,,,,,,,,,,,,,,,,",,,,,,,,,,,,,,,,,,,,,,,,,,,,,,,,,,,,,,,
389,0,0,",,,,,,,,,,,,,,,,,,,,,,,,,,,,,,,,,,,,,,",",,,,,,,,,,,,,,,,,,,,,,,,,,,,,,,,,,,,,,",,,,,,,,,,,,,,,,,,,,,,,,,,,,,,,,,,,,,,,
391,0,0,",,,,,,,,,,,,,,,,,,,,,,,,,,,,,,,,,,,,,,",",,,,,,,,,,,,,,,,,,,,,,,,,,,,,,,,,,,,,,",,,,,,,,,,,,,,,,,,,,,,,,,,,,,,,,,,,,,,,
392,0,0,",,,,,,,,,,,,,,,,,,,,,,,,,,,,,,,,,,,,,,",",,,,,,,,,,,,,,,,,,,,,,,,,,,,,,,,,,,,,,",,,,,,,,,,,,,,,,,,,,,,,,,,,,,,,,,,,,,,,
393,0,0,",,,,,,,,,,,,,,,,,,,,,,,,,,,,,,,,,,,,,,",",,,,,,,,,,,,,,,,,,,,,,,,,,,,,,,,,,,,,,",,,,,,,,,,,,,,,,,,,,,,,,,,,,,,,,,,,,,,,
394,0,0,",,,,,,,,,,,,,,,,,,,,,,,,,,,,,,,,,,,,,,",",,,,,,,,,,,,,,,,,,,,,,,,,,,,,,,,,,,,,,",,,,,,,,,,,,,,,,,,,,,,,,,,,,,,,,,,,,,,,
396,0,0,",,,,,,,,,,,,,,,,,,,,,,,,,,,,,,,,,,,,,,",",,,,,,,,,,,,,,,,,,,,,,,,,,,,,,,,,,,,,,",,,,,,,,,,,,,,,,,,,,,,,,,,,,,,,,,,,,,,,
397,0,0,",,,,,,,,,,,,,,,,,,,,,,,,,,,,,,,,,,,,,,",",,,,,,,,,,,,,,,,,,,,,,,,,,,,,,,,,,,,,,",,,,,,,,,,,,,,,,,,,,,,,,,,,,,,,,,,,,,,,
398,0,0,",,,,,,,,,,,,,,,,,,,,,,,,,,,,,,,,,,,,,,",",,,,,,,,,,,,,,,,,,,,,,,,,,,,,,,,,,,,,,",,,,,,,,,,,,,,,,,,,,,,,,,,,,,,,,,,,,,,,
399,0,0,",,,,,,,,,,,,,,,,,,,,,,,,,,,,,,,,,,,,,,",",,,,,,,,,,,,,,,,,,,,,,,,,,,,,,,,,,,,,,",,,,,,,,,,,,,,,,,,,,,,,,,,,,,,,,,,,,,,,
400,0,0,",,,,,,,,,,,,,,,,,,,,,,,,,,,,,,,,,,,,,,",",,,,,,,,,,,,,,,,,,,,,,,,,,,,,,,,,,,,,,",,,,,,,,,,,,,,,,,,,,,,,,,,,,,,,,,,,,,,,
401,0,0,",,,,,,,,,,,,,,,,,,,,,,,,,,,,,,,,,,,,,,",",,,,,,,,,,,,,,,,,,,,,,,,,,,,,,,,,,,,,,",,,,,,,,,,,,,,,,,,,,,,,,,,,,,,,,,,,,,,,
402,0,0,",,,,,,,,,,,,,,,,,,,,,,,,,,,,,,,,,,,,,,",",,,,,,,,,,,,,,,,,,,,,,,,,,,,,,,,,,,,,,",,,,,,,,,,,,,,,,,,,,,,,,,,,,,,,,,,,,,,,
403,0,0,",,,,,,,,,,,,,,,,,,,,,,,,,,,,,,,,,,,,,,",",,,,,,,,,,,,,,,,,,,,,,,,,,,,,,,,,,,,,,",,,,,,,,,,,,,,,,,,,,,,,,,,,,,,,,,,,,,,,
404,0,0,",,,,,,,,,,,,,,,,,,,,,,,,,,,,,,,,,,,,,,",",,,,,,,,,,,,,,,,,,,,,,,,,,,,,,,,,,,,,,",,,,,,,,,,,,,,,,,,,,,,,,,,,,,,,,,,,,,,,
406,0,0,",,,,,,,,,,,,,,,,,,,,,,,,,,,,,,,,,,,,,,",",,,,,,,,,,,,,,,,,,,,,,,,,,,,,,,,,,,,,,",,,,,,,,,,,,,,,,,,,,,,,,,,,,,,,,,,,,,,,
407,0,0,",,,,,,,,,,,,,,,,,,,,,,,,,,,,,,,,,,,,,,",",,,,,,,,,,,,,,,,,,,,,,,,,,,,,,,,,,,,,,",,,,,,,,,,,,,,,,,,,,,,,,,,,,,,,,,,,,,,,
408,0,0,",,,,,,,,,,,,,,,,,,,,,,,,,,,,,,,,,,,,,,",",,,,,,,,,,,,,,,,,,,,,,,,,,,,,,,,,,,,,,",,,,,,,,,,,,,,,,,,,,,,,,,,,,,,,,,,,,,,,
409,0,0,",,,,,,,,,,,,,,,,,,,,,,,,,,,,,,,,,,,,,,",",,,,,,,,,,,,,,,,,,,,,,,,,,,,,,,,,,,,,,",,,,,,,,,,,,,,,,,,,,,,,,,,,,,,,,,,,,,,,
410,0,0,",,,,,,,,,,,,,,,,,,,,,,,,,,,,,,,,,,,,,,",",,,,,,,,,,,,,,,,,,,,,,,,,,,,,,,,,,,,,,",,,,,,,,,,,,,,,,,,,,,,,,,,,,,,,,,,,,,,,
411,0,0,",,,,,,,,,,,,,,,,,,,,,,,,,,,,,,,,,,,,,,",",,,,,,,,,,,,,,,,,,,,,,,,,,,,,,,,,,,,,,",,,,,,,,,,,,,,,,,,,,,,,,,,,,,,,,,,,,,,,
412,0,0,",,,,,,,,,,,,,,,,,,,,,,,,,,,,,,,,,,,,,,",",,,,,,,,,,,,,,,,,,,,,,,,,,,,,,,,,,,,,,",,,,,,,,,,,,,,,,,,,,,,,,,,,,,,,,,,,,,,,
413,0,0,",,,,,,,,,,,,,,,,,,,,,,,,,,,,,,,,,,,,,,",",,,,,,,,,,,,,,,,,,,,,,,,,,,,,,,,,,,,,,",,,,,,,,,,,,,,,,,,,,,,,,,,,,,,,,,,,,,,,
415,0,0,",,,,,,,,,,,,,,,,,,,,,,,,,,,,,,,,,,,,,,",",,,,,,,,,,,,,,,,,,,,,,,,,,,,,,,,,,,,,,",,,,,,,,,,,,,,,,,,,,,,,,,,,,,,,,,,,,,,,
417,0,0,",,,,,,,,,,,,,,,,,,,,,,,,,,,,,,,,,,,,,,",",,,,,,,,,,,,,,,,,,,,,,,,,,,,,,,,,,,,,,",,,,,,,,,,,,,,,,,,,,,,,,,,,,,,,,,,,,,,,
418,0,0,",,,,,,,,,,,,,,,,,,,,,,,,,,,,,,,,,,,,,,",",,,,,,,,,,,,,,,,,,,,,,,,,,,,,,,,,,,,,,",,,,,,,,,,,,,,,,,,,,,,,,,,,,,,,,,,,,,,,
419,0,0,",,,,,,,,,,,,,,,,,,,,,,,,,,,,,,,,,,,,,,",",,,,,,,,,,,,,,,,,,,,,,,,,,,,,,,,,,,,,,",,,,,,,,,,,,,,,,,,,,,,,,,,,,,,,,,,,,,,,
420,0,0,",,,,,,,,,,,,,,,,,,,,,,,,,,,,,,,,,,,,,,",",,,,,,,,,,,,,,,,,,,,,,,,,,,,,,,,,,,,,,",,,,,,,,,,,,,,,,,,,,,,,,,,,,,,,,,,,,,,,
421,0,0,",,,,,,,,,,,,,,,,,,,,,,,,,,,,,,,,,,,,,,",",,,,,,,,,,,,,,,,,,,,,,,,,,,,,,,,,,,,,,",,,,,,,,,,,,,,,,,,,,,,,,,,,,,,,,,,,,,,,
423,0,0,",,,,,,,,,,,,,,,,,,,,,,,,,,,,,,,,,,,,,,",",,,,,,,,,,,,,,,,,,,,,,,,,,,,,,,,,,,,,,",,,,,,,,,,,,,,,,,,,,,,,,,,,,,,,,,,,,,,,
424,0,0,",,,,,,,,,,,,,,,,,,,,,,,,,,,,,,,,,,,,,,",",,,,,,,,,,,,,,,,,,,,,,,,,,,,,,,,,,,,,,",,,,,,,,,,,,,,,,,,,,,,,,,,,,,,,,,,,,,,,
425,0,0,",,,,,,,,,,,,,,,,,,,,,,,,,,,,,,,,,,,,,,",",,,,,,,,,,,,,,,,,,,,,,,,,,,,,,,,,,,,,,",,,,,,,,,,,,,,,,,,,,,,,,,,,,,,,,,,,,,,,
426,0,0,",,,,,,,,,,,,,,,,,,,,,,,,,,,,,,,,,,,,,,",",,,,,,,,,,,,,,,,,,,,,,,,,,,,,,,,,,,,,,",,,,,,,,,,,,,,,,,,,,,,,,,,,,,,,,,,,,,,,
427,0,0,",,,,,,,,,,,,,,,,,,,,,,,,,,,,,,,,,,,,,,",",,,,,,,,,,,,,,,,,,,,,,,,,,,,,,,,,,,,,,",,,,,,,,,,,,,,,,,,,,,,,,,,,,,,,,,,,,,,,
428,0,0,",,,,,,,,,,,,,,,,,,,,,,,,,,,,,,,,,,,,,,",",,,,,,,,,,,,,,,,,,,,,,,,,,,,,,,,,,,,,,",,,,,,,,,,,,,,,,,,,,,,,,,,,,,,,,,,,,,,,
430,0,0,",,,,,,,,,,,,,,,,,,,,,,,,,,,,,,,,,,,,,,",",,,,,,,,,,,,,,,,,,,,,,,,,,,,,,,,,,,,,,",,,,,,,,,,,,,,,,,,,,,,,,,,,,,,,,,,,,,,,
431,0,0,",,,,,,,,,,,,,,,,,,,,,,,,,,,,,,,,,,,,,,",",,,,,,,,,,,,,,,,,,,,,,,,,,,,,,,,,,,,,,",,,,,,,,,,,,,,,,,,,,,,,,,,,,,,,,,,,,,,,
432,0,0,",,,,,,,,,,,,,,,,,,,,,,,,,,,,,,,,,,,,,,",",,,,,,,,,,,,,,,,,,,,,,,,,,,,,,,,,,,,,,",,,,,,,,,,,,,,,,,,,,,,,,,,,,,,,,,,,,,,,
433,0,0,",,,,,,,,,,,,,,,,,,,,,,,,,,,,,,,,,,,,,,",",,,,,,,,,,,,,,,,,,,,,,,,,,,,,,,,,,,,,,",,,,,,,,,,,,,,,,,,,,,,,,,,,,,,,,,,,,,,,
434,0,0,",,,,,,,,,,,,,,,,,,,,,,,,,,,,,,,,,,,,,,",",,,,,,,,,,,,,,,,,,,,,,,,,,,,,,,,,,,,,,",,,,,,,,,,,,,,,,,,,,,,,,,,,,,,,,,,,,,,,
435,0,0,",,,,,,,,,,,,,,,,,,,,,,,,,,,,,,,,,,,,,,",",,,,,,,,,,,,,,,,,,,,,,,,,,,,,,,,,,,,,,",,,,,,,,,,,,,,,,,,,,,,,,,,,,,,,,,,,,,,,
436,0,0,",,,,,,,,,,,,,,,,,,,,,,,,,,,,,,,,,,,,,,",",,,,,,,,,,,,,,,,,,,,,,,,,,,,,,,,,,,,,,",,,,,,,,,,,,,,,,,,,,,,,,,,,,,,,,,,,,,,,
437,0,0,",,,,,,,,,,,,,,,,,,,,,,,,,,,,,,,,,,,,,,",",,,,,,,,,,,,,,,,,,,,,,,,,,,,,,,,,,,,,,",,,,,,,,,,,,,,,,,,,,,,,,,,,,,,,,,,,,,,,
438,0,0,",,,,,,,,,,,,,,,,,,,,,,,,,,,,,,,,,,,,,,",",,,,,,,,,,,,,,,,,,,,,,,,,,,,,,,,,,,,,,",,,,,,,,,,,,,,,,,,,,,,,,,,,,,,,,,,,,,,,
439,0,0,",,,,,,,,,,,,,,,,,,,,,,,,,,,,,,,,,,,,,,",",,,,,,,,,,,,,,,,,,,,,,,,,,,,,,,,,,,,,,",,,,,,,,,,,,,,,,,,,,,,,,,,,,,,,,,,,,,,,
441,0,0,",,,,,,,,,,,,,,,,,,,,,,,,,,,,,,,,,,,,,,",",,,,,,,,,,,,,,,,,,,,,,,,,,,,,,,,,,,,,,",,,,,,,,,,,,,,,,,,,,,,,,,,,,,,,,,,,,,,,
442,0,0,",,,,,,,,,,,,,,,,,,,,,,,,,,,,,,,,,,,,,,",",,,,,,,,,,,,,,,,,,,,,,,,,,,,,,,,,,,,,,",,,,,,,,,,,,,,,,,,,,,,,,,,,,,,,,,,,,,,,
443,0,0,",,,,,,,,,,,,,,,,,,,,,,,,,,,,,,,,,,,,,,",",,,,,,,,,,,,,,,,,,,,,,,,,,,,,,,,,,,,,,",,,,,,,,,,,,,,,,,,,,,,,,,,,,,,,,,,,,,,,
444,1,1,",37,,,,,,,,,,,,,,,,,,,,,,,,,,,,,,,,,,,,,",",37,,,,,,,,,,,,,,,,,,,,,,,,,,,,,,,,,,,,,",,37,,,,,,,,,,,,,,,,,,,,,,,,,,,,,,,,,,,,,
445,0,0,",,,,,,,,,,,,,,,,,,,,,,,,,,,,,,,,,,,,,,",",,,,,,,,,,,,,,,,,,,,,,,,,,,,,,,,,,,,,,",,,,,,,,,,,,,,,,,,,,,,,,,,,,,,,,,,,,,,,
446,0,0,",,,,,,,,,,,,,,,,,,,,,,,,,,,,,,,,,,,,,,",",,,,,,,,,,,,,,,,,,,,,,,,,,,,,,,,,,,,,,",,,,,,,,,,,,,,,,,,,,,,,,,,,,,,,,,,,,,,,
448,1,1,",53,,,,,,,,,,,,,,,,,,,,,,,,,,,,,,,,,,,,,",",53,,,,,,,,,,,,,,,,,,,,,,,,,,,,,,,,,,,,,",,53,,,,,,,,,,,,,,,,,,,,,,,,,,,,,,,,,,,,,
449,0,0,",,,,,,,,,,,,,,,,,,,,,,,,,,,,,,,,,,,,,,",",,,,,,,,,,,,,,,,,,,,,,,,,,,,,,,,,,,,,,",,,,,,,,,,,,,,,,,,,,,,,,,,,,,,,,,,,,,,,
450,0,0,",,,,,,,,,,,,,,,,,,,,,,,,,,,,,,,,,,,,,,",",,,,,,,,,,,,,,,,,,,,,,,,,,,,,,,,,,,,,,",,,,,,,,,,,,,,,,,,,,,,,,,,,,,,,,,,,,,,,
453,0,0,",,,,,,,,,,,,,,,,,,,,,,,,,,,,,,,,,,,,,,",",,,,,,,,,,,,,,,,,,,,,,,,,,,,,,,,,,,,,,",,,,,,,,,,,,,,,,,,,,,,,,,,,,,,,,,,,,,,,
454,0,0,",,,,,,,,,,,,,,,,,,,,,,,,,,,,,,,,,,,,,,",",,,,,,,,,,,,,,,,,,,,,,,,,,,,,,,,,,,,,,",,,,,,,,,,,,,,,,,,,,,,,,,,,,,,,,,,,,,,,
455,0,0,",,,,,,,,,,,,,,,,,,,,,,,,,,,,,,,,,,,,,,",",,,,,,,,,,,,,,,,,,,,,,,,,,,,,,,,,,,,,,",,,,,,,,,,,,,,,,,,,,,,,,,,,,,,,,,,,,,,,
456,0,0,",,,,,,,,,,,,,,,,,,,,,,,,,,,,,,,,,,,,,,",",,,,,,,,,,,,,,,,,,,,,,,,,,,,,,,,,,,,,,",,,,,,,,,,,,,,,,,,,,,,,,,,,,,,,,,,,,,,,
457,0,0,",,,,,,,,,,,,,,,,,,,,,,,,,,,,,,,,,,,,,,",",,,,,,,,,,,,,,,,,,,,,,,,,,,,,,,,,,,,,,",,,,,,,,,,,,,,,,,,,,,,,,,,,,,,,,,,,,,,,
458,0,0,",,,,,,,,,,,,,,,,,,,,,,,,,,,,,,,,,,,,,,",",,,,,,,,,,,,,,,,,,,,,,,,,,,,,,,,,,,,,,",,,,,,,,,,,,,,,,,,,,,,,,,,,,,,,,,,,,,,,
459,0,0,",,,,,,,,,,,,,,,,,,,,,,,,,,,,,,,,,,,,,,",",,,,,,,,,,,,,,,,,,,,,,,,,,,,,,,,,,,,,,",,,,,,,,,,,,,,,,,,,,,,,,,,,,,,,,,,,,,,,
460,0,0,",,,,,,,,,,,,,,,,,,,,,,,,,,,,,,,,,,,,,,",",,,,,,,,,,,,,,,,,,,,,,,,,,,,,,,,,,,,,,",,,,,,,,,,,,,,,,,,,,,,,,,,,,,,,,,,,,,,,
461,0,0,",,,,,,,,,,,,,,,,,,,,,,,,,,,,,,,,,,,,,,",",,,,,,,,,,,,,,,,,,,,,,,,,,,,,,,,,,,,,,",,,,,,,,,,,,,,,,,,,,,,,,,,,,,,,,,,,,,,,
462,0,0,",,,,,,,,,,,,,,,,,,,,,,,,,,,,,,,,,,,,,,",",,,,,,,,,,,,,,,,,,,,,,,,,,,,,,,,,,,,,,",,,,,,,,,,,,,,,,,,,,,,,,,,,,,,,,,,,,,,,
463,0,0,",,,,,,,,,,,,,,,,,,,,,,,,,,,,,,,,,,,,,,",",,,,,,,,,,,,,,,,,,,,,,,,,,,,,,,,,,,,,,",,,,,,,,,,,,,,,,,,,,,,,,,,,,,,,,,,,,,,,
464,0,0,",,,,,,,,,,,,,,,,,,,,,,,,,,,,,,,,,,,,,,",",,,,,,,,,,,,,,,,,,,,,,,,,,,,,,,,,,,,,,",,,,,,,,,,,,,,,,,,,,,,,,,,,,,,,,,,,,,,,
465,0,0,",,,,,,,,,,,,,,,,,,,,,,,,,,,,,,,,,,,,,,",",,,,,,,,,,,,,,,,,,,,,,,,,,,,,,,,,,,,,,",,,,,,,,,,,,,,,,,,,,,,,,,,,,,,,,,,,,,,,
468,0,0,",,,,,,,,,,,,,,,,,,,,,,,,,,,,,,,,,,,,,,",",,,,,,,,,,,,,,,,,,,,,,,,,,,,,,,,,,,,,,",,,,,,,,,,,,,,,,,,,,,,,,,,,,,,,,,,,,,,,
469,0,0,",,,,,,,,,,,,,,,,,,,,,,,,,,,,,,,,,,,,,,",",,,,,,,,,,,,,,,,,,,,,,,,,,,,,,,,,,,,,,",,,,,,,,,,,,,,,,,,,,,,,,,,,,,,,,,,,,,,,
470,0,0,",,,,,,,,,,,,,,,,,,,,,,,,,,,,,,,,,,,,,,",",,,,,,,,,,,,,,,,,,,,,,,,,,,,,,,,,,,,,,",,,,,,,,,,,,,,,,,,,,,,,,,,,,,,,,,,,,,,,
471,0,0,",,,,,,,,,,,,,,,,,,,,,,,,,,,,,,,,,,,,,,",",,,,,,,,,,,,,,,,,,,,,,,,,,,,,,,,,,,,,,",,,,,,,,,,,,,,,,,,,,,,,,,,,,,,,,,,,,,,,
472,1,1,",26,,,,,,,,,,,,,,,,,,,,,,,,,,,,,,,,,,,,,",",26,,,,,,,,,,,,,,,,,,,,,,,,,,,,,,,,,,,,,",,26,,,,,,,,,,,,,,,,,,,,,,,,,,,,,,,,,,,,,
473,0,0,",,,,,,,,,,,,,,,,,,,,,,,,,,,,,,,,,,,,,,",",,,,,,,,,,,,,,,,,,,,,,,,,,,,,,,,,,,,,,",,,,,,,,,,,,,,,,,,,,,,,,,,,,,,,,,,,,,,,
474,0,0,",,,,,,,,,,,,,,,,,,,,,,,,,,,,,,,,,,,,,,",",,,,,,,,,,,,,,,,,,,,,,,,,,,,,,,,,,,,,,",,,,,,,,,,,,,,,,,,,,,,,,,,,,,,,,,,,,,,,
476,0,0,",,,,,,,,,,,,,,,,,,,,,,,,,,,,,,,,,,,,,,",",,,,,,,,,,,,,,,,,,,,,,,,,,,,,,,,,,,,,,",,,,,,,,,,,,,,,,,,,,,,,,,,,,,,,,,,,,,,,
477,0,0,",,,,,,,,,,,,,,,,,,,,,,,,,,,,,,,,,,,,,,",",,,,,,,,,,,,,,,,,,,,,,,,,,,,,,,,,,,,,,",,,,,,,,,,,,,,,,,,,,,,,,,,,,,,,,,,,,,,,
479,0,0,",,,,,,,,,,,,,,,,,,,,,,,,,,,,,,,,,,,,,,",",,,,,,,,,,,,,,,,,,,,,,,,,,,,,,,,,,,,,,",,,,,,,,,,,,,,,,,,,,,,,,,,,,,,,,,,,,,,,
480,0,0,",,,,,,,,,,,,,,,,,,,,,,,,,,,,,,,,,,,,,,",",,,,,,,,,,,,,,,,,,,,,,,,,,,,,,,,,,,,,,",,,,,,,,,,,,,,,,,,,,,,,,,,,,,,,,,,,,,,,
481,0,0,",,,,,,,,,,,,,,,,,,,,,,,,,,,,,,,,,,,,,,",",,,,,,,,,,,,,,,,,,,,,,,,,,,,,,,,,,,,,,",,,,,,,,,,,,,,,,,,,,,,,,,,,,,,,,,,,,,,,
482,0,0,",,,,,,,,,,,,,,,,,,,,,,,,,,,,,,,,,,,,,,",",,,,,,,,,,,,,,,,,,,,,,,,,,,,,,,,,,,,,,",,,,,,,,,,,,,,,,,,,,,,,,,,,,,,,,,,,,,,,
483,0,0,",,,,,,,,,,,,,,,,,,,,,,,,,,,,,,,,,,,,,,",",,,,,,,,,,,,,,,,,,,,,,,,,,,,,,,,,,,,,,",,,,,,,,,,,,,,,,,,,,,,,,,,,,,,,,,,,,,,,
484,0,0,",,,,,,,,,,,,,,,,,,,,,,,,,,,,,,,,,,,,,,",",,,,,,,,,,,,,,,,,,,,,,,,,,,,,,,,,,,,,,",,,,,,,,,,,,,,,,,,,,,,,,,,,,,,,,,,,,,,,
485,0,0,",,,,,,,,,,,,,,,,,,,,,,,,,,,,,,,,,,,,,,",",,,,,,,,,,,,,,,,,,,,,,,,,,,,,,,,,,,,,,",,,,,,,,,,,,,,,,,,,,,,,,,,,,,,,,,,,,,,,
486,0,0,",,,,,,,,,,,,,,,,,,,,,,,,,,,,,,,,,,,,,,",",,,,,,,,,,,,,,,,,,,,,,,,,,,,,,,,,,,,,,",,,,,,,,,,,,,,,,,,,,,,,,,,,,,,,,,,,,,,,
487,0,0,",,,,,,,,,,,,,,,,,,,,,,,,,,,,,,,,,,,,,,",",,,,,,,,,,,,,,,,,,,,,,,,,,,,,,,,,,,,,,",,,,,,,,,,,,,,,,,,,,,,,,,,,,,,,,,,,,,,,
488,0,0,",,,,,,,,,,,,,,,,,,,,,,,,,,,,,,,,,,,,,,",",,,,,,,,,,,,,,,,,,,,,,,,,,,,,,,,,,,,,,",,,,,,,,,,,,,,,,,,,,,,,,,,,,,,,,,,,,,,,
489,0,0,",,,,,,,,,,,,,,,,,,,,,,,,,,,,,,,,,,,,,,",",,,,,,,,,,,,,,,,,,,,,,,,,,,,,,,,,,,,,,",,,,,,,,,,,,,,,,,,,,,,,,,,,,,,,,,,,,,,,
490,0,0,",,,,,,,,,,,,,,,,,,,,,,,,,,,,,,,,,,,,,,",",,,,,,,,,,,,,,,,,,,,,,,,,,,,,,,,,,,,,,",,,,,,,,,,,,,,,,,,,,,,,,,,,,,,,,,,,,,,,
491,0,0,",,,,,,,,,,,,,,,,,,,,,,,,,,,,,,,,,,,,,,",",,,,,,,,,,,,,,,,,,,,,,,,,,,,,,,,,,,,,,",,,,,,,,,,,,,,,,,,,,,,,,,,,,,,,,,,,,,,,
492,0,0,",,,,,,,,,,,,,,,,,,,,,,,,,,,,,,,,,,,,,,",",,,,,,,,,,,,,,,,,,,,,,,,,,,,,,,,,,,,,,",,,,,,,,,,,,,,,,,,,,,,,,,,,,,,,,,,,,,,,
494,0,0,",,,,,,,,,,,,,,,,,,,,,,,,,,,,,,,,,,,,,,",",,,,,,,,,,,,,,,,,,,,,,,,,,,,,,,,,,,,,,",,,,,,,,,,,,,,,,,,,,,,,,,,,,,,,,,,,,,,,
495,0,0,",,,,,,,,,,,,,,,,,,,,,,,,,,,,,,,,,,,,,,",",,,,,,,,,,,,,,,,,,,,,,,,,,,,,,,,,,,,,,",,,,,,,,,,,,,,,,,,,,,,,,,,,,,,,,,,,,,,,
496,0,0,",,,,,,,,,,,,,,,,,,,,,,,,,,,,,,,,,,,,,,",",,,,,,,,,,,,,,,,,,,,,,,,,,,,,,,,,,,,,,",,,,,,,,,,,,,,,,,,,,,,,,,,,,,,,,,,,,,,,
497,0,0,",,,,,,,,,,,,,,,,,,,,,,,,,,,,,,,,,,,,,,",",,,,,,,,,,,,,,,,,,,,,,,,,,,,,,,,,,,,,,",,,,,,,,,,,,,,,,,,,,,,,,,,,,,,,,,,,,,,,
498,0,0,",,,,,,,,,,,,,,,,,,,,,,,,,,,,,,,,,,,,,,",",,,,,,,,,,,,,,,,,,,,,,,,,,,,,,,,,,,,,,",,,,,,,,,,,,,,,,,,,,,,,,,,,,,,,,,,,,,,,
500,0,0,",,,,,,,,,,,,,,,,,,,,,,,,,,,,,,,,,,,,,,",",,,,,,,,,,,,,,,,,,,,,,,,,,,,,,,,,,,,,,",,,,,,,,,,,,,,,,,,,,,,,,,,,,,,,,,,,,,,,
501,0,0,",,,,,,,,,,,,,,,,,,,,,,,,,,,,,,,,,,,,,,",",,,,,,,,,,,,,,,,,,,,,,,,,,,,,,,,,,,,,,",,,,,,,,,,,,,,,,,,,,,,,,,,,,,,,,,,,,,,,
502,0,0,",,,,,,,,,,,,,,,,,,,,,,,,,,,,,,,,,,,,,,",",,,,,,,,,,,,,,,,,,,,,,,,,,,,,,,,,,,,,,",,,,,,,,,,,,,,,,,,,,,,,,,,,,,,,,,,,,,,,
503,0,0,",,,,,,,,,,,,,,,,,,,,,,,,,,,,,,,,,,,,,,",",,,,,,,,,,,,,,,,,,,,,,,,,,,,,,,,,,,,,,",,,,,,,,,,,,,,,,,,,,,,,,,,,,,,,,,,,,,,,
504,0,0,",,,,,,,,,,,,,,,,,,,,,,,,,,,,,,,,,,,,,,",",,,,,,,,,,,,,,,,,,,,,,,,,,,,,,,,,,,,,,",,,,,,,,,,,,,,,,,,,,,,,,,,,,,,,,,,,,,,,
505,0,0,",,,,,,,,,,,,,,,,,,,,,,,,,,,,,,,,,,,,,,",",,,,,,,,,,,,,,,,,,,,,,,,,,,,,,,,,,,,,,",,,,,,,,,,,,,,,,,,,,,,,,,,,,,,,,,,,,,,,
506,0,0,",,,,,,,,,,,,,,,,,,,,,,,,,,,,,,,,,,,,,,",",,,,,,,,,,,,,,,,,,,,,,,,,,,,,,,,,,,,,,",,,,,,,,,,,,,,,,,,,,,,,,,,,,,,,,,,,,,,,
507,0,0,",,,,,,,,,,,,,,,,,,,,,,,,,,,,,,,,,,,,,,",",,,,,,,,,,,,,,,,,,,,,,,,,,,,,,,,,,,,,,",,,,,,,,,,,,,,,,,,,,,,,,,,,,,,,,,,,,,,,
508,0,0,",,,,,,,,,,,,,,,,,,,,,,,,,,,,,,,,,,,,,,",",,,,,,,,,,,,,,,,,,,,,,,,,,,,,,,,,,,,,,",,,,,,,,,,,,,,,,,,,,,,,,,,,,,,,,,,,,,,,
509,0,0,",,,,,,,,,,,,,,,,,,,,,,,,,,,,,,,,,,,,,,",",,,,,,,,,,,,,,,,,,,,,,,,,,,,,,,,,,,,,,",,,,,,,,,,,,,,,,,,,,,,,,,,,,,,,,,,,,,,,
510,0,0,",,,,,,,,,,,,,,,,,,,,,,,,,,,,,,,,,,,,,,",",,,,,,,,,,,,,,,,,,,,,,,,,,,,,,,,,,,,,,",,,,,,,,,,,,,,,,,,,,,,,,,,,,,,,,,,,,,,,
511,0,0,",,,,,,,,,,,,,,,,,,,,,,,,,,,,,,,,,,,,,,",",,,,,,,,,,,,,,,,,,,,,,,,,,,,,,,,,,,,,,",,,,,,,,,,,,,,,,,,,,,,,,,,,,,,,,,,,,,,,
512,0,0,",,,,,,,,,,,,,,,,,,,,,,,,,,,,,,,,,,,,,,",",,,,,,,,,,,,,,,,,,,,,,,,,,,,,,,,,,,,,,",,,,,,,,,,,,,,,,,,,,,,,,,,,,,,,,,,,,,,,
513,0,0,",,,,,,,,,,,,,,,,,,,,,,,,,,,,,,,,,,,,,,",",,,,,,,,,,,,,,,,,,,,,,,,,,,,,,,,,,,,,,",,,,,,,,,,,,,,,,,,,,,,,,,,,,,,,,,,,,,,,
516,0,0,",,,,,,,,,,,,,,,,,,,,,,,,,,,,,,,,,,,,,,",",,,,,,,,,,,,,,,,,,,,,,,,,,,,,,,,,,,,,,",,,,,,,,,,,,,,,,,,,,,,,,,,,,,,,,,,,,,,,
517,0,0,",,,,,,,,,,,,,,,,,,,,,,,,,,,,,,,,,,,,,,",",,,,,,,,,,,,,,,,,,,,,,,,,,,,,,,,,,,,,,",,,,,,,,,,,,,,,,,,,,,,,,,,,,,,,,,,,,,,,
519,0,0,",,,,,,,,,,,,,,,,,,,,,,,,,,,,,,,,,,,,,,",",,,,,,,,,,,,,,,,,,,,,,,,,,,,,,,,,,,,,,",,,,,,,,,,,,,,,,,,,,,,,,,,,,,,,,,,,,,,,
520,0,0,",,,,,,,,,,,,,,,,,,,,,,,,,,,,,,,,,,,,,,",",,,,,,,,,,,,,,,,,,,,,,,,,,,,,,,,,,,,,,",,,,,,,,,,,,,,,,,,,,,,,,,,,,,,,,,,,,,,,
522,0,0,",,,,,,,,,,,,,,,,,,,,,,,,,,,,,,,,,,,,,,",",,,,,,,,,,,,,,,,,,,,,,,,,,,,,,,,,,,,,,",,,,,,,,,,,,,,,,,,,,,,,,,,,,,,,,,,,,,,,
523,0,0,",,,,,,,,,,,,,,,,,,,,,,,,,,,,,,,,,,,,,,",",,,,,,,,,,,,,,,,,,,,,,,,,,,,,,,,,,,,,,",,,,,,,,,,,,,,,,,,,,,,,,,,,,,,,,,,,,,,,
524,0,0,",,,,,,,,,,,,,,,,,,,,,,,,,,,,,,,,,,,,,,",",,,,,,,,,,,,,,,,,,,,,,,,,,,,,,,,,,,,,,",,,,,,,,,,,,,,,,,,,,,,,,,,,,,,,,,,,,,,,
526,0,0,",,,,,,,,,,,,,,,,,,,,,,,,,,,,,,,,,,,,,,",",,,,,,,,,,,,,,,,,,,,,,,,,,,,,,,,,,,,,,",,,,,,,,,,,,,,,,,,,,,,,,,,,,,,,,,,,,,,,
527,0,0,",,,,,,,,,,,,,,,,,,,,,,,,,,,,,,,,,,,,,,",",,,,,,,,,,,,,,,,,,,,,,,,,,,,,,,,,,,,,,",,,,,,,,,,,,,,,,,,,,,,,,,,,,,,,,,,,,,,,
528,0,0,",,,,,,,,,,,,,,,,,,,,,,,,,,,,,,,,,,,,,,",",,,,,,,,,,,,,,,,,,,,,,,,,,,,,,,,,,,,,,",,,,,,,,,,,,,,,,,,,,,,,,,,,,,,,,,,,,,,,
530,0,0,",,,,,,,,,,,,,,,,,,,,,,,,,,,,,,,,,,,,,,",",,,,,,,,,,,,,,,,,,,,,,,,,,,,,,,,,,,,,,",,,,,,,,,,,,,,,,,,,,,,,,,,,,,,,,,,,,,,,
532,0,0,",,,,,,,,,,,,,,,,,,,,,,,,,,,,,,,,,,,,,,",",,,,,,,,,,,,,,,,,,,,,,,,,,,,,,,,,,,,,,",,,,,,,,,,,,,,,,,,,,,,,,,,,,,,,,,,,,,,,
534,0,0,",,,,,,,,,,,,,,,,,,,,,,,,,,,,,,,,,,,,,,",",,,,,,,,,,,,,,,,,,,,,,,,,,,,,,,,,,,,,,",,,,,,,,,,,,,,,,,,,,,,,,,,,,,,,,,,,,,,,
536,1,1,",36,,,,,,,,,,,,,,,,,,,,,,,,,,,,,,,,,,,,,",",36,,,,,,,,,,,,,,,,,,,,,,,,,,,,,,,,,,,,,",,36,,,,,,,,,,,,,,,,,,,,,,,,,,,,,,,,,,,,,
537,0,0,",,,,,,,,,,,,,,,,,,,,,,,,,,,,,,,,,,,,,,",",,,,,,,,,,,,,,,,,,,,,,,,,,,,,,,,,,,,,,",,,,,,,,,,,,,,,,,,,,,,,,,,,,,,,,,,,,,,,
538,0,0,",,,,,,,,,,,,,,,,,,,,,,,,,,,,,,,,,,,,,,",",,,,,,,,,,,,,,,,,,,,,,,,,,,,,,,,,,,,,,",,,,,,,,,,,,,,,,,,,,,,,,,,,,,,,,,,,,,,,
539,0,0,",,,,,,,,,,,,,,,,,,,,,,,,,,,,,,,,,,,,,,",",,,,,,,,,,,,,,,,,,,,,,,,,,,,,,,,,,,,,,",,,,,,,,,,,,,,,,,,,,,,,,,,,,,,,,,,,,,,,
540,0,0,",,,,,,,,,,,,,,,,,,,,,,,,,,,,,,,,,,,,,,",",,,,,,,,,,,,,,,,,,,,,,,,,,,,,,,,,,,,,,",,,,,,,,,,,,,,,,,,,,,,,,,,,,,,,,,,,,,,,
542,0,0,",,,,,,,,,,,,,,,,,,,,,,,,,,,,,,,,,,,,,,",",,,,,,,,,,,,,,,,,,,,,,,,,,,,,,,,,,,,,,",,,,,,,,,,,,,,,,,,,,,,,,,,,,,,,,,,,,,,,
543,0,0,",,,,,,,,,,,,,,,,,,,,,,,,,,,,,,,,,,,,,,",",,,,,,,,,,,,,,,,,,,,,,,,,,,,,,,,,,,,,,",,,,,,,,,,,,,,,,,,,,,,,,,,,,,,,,,,,,,,,
544,0,0,",,,,,,,,,,,,,,,,,,,,,,,,,,,,,,,,,,,,,,",",,,,,,,,,,,,,,,,,,,,,,,,,,,,,,,,,,,,,,",,,,,,,,,,,,,,,,,,,,,,,,,,,,,,,,,,,,,,,
545,0,0,",,,,,,,,,,,,,,,,,,,,,,,,,,,,,,,,,,,,,,",",,,,,,,,,,,,,,,,,,,,,,,,,,,,,,,,,,,,,,",,,,,,,,,,,,,,,,,,,,,,,,,,,,,,,,,,,,,,,
547,1,1,",37,,,,,,,,,,,,,,,,,,,,,,,,,,,,,,,,,,,,,",",37,,,,,,,,,,,,,,,,,,,,,,,,,,,,,,,,,,,,,",,37,,,,,,,,,,,,,,,,,,,,,,,,,,,,,,,,,,,,,
548,0,0,",,,,,,,,,,,,,,,,,,,,,,,,,,,,,,,,,,,,,,",",,,,,,,,,,,,,,,,,,,,,,,,,,,,,,,,,,,,,,",,,,,,,,,,,,,,,,,,,,,,,,,,,,,,,,,,,,,,,
549,0,0,",,,,,,,,,,,,,,,,,,,,,,,,,,,,,,,,,,,,,,",",,,,,,,,,,,,,,,,,,,,,,,,,,,,,,,,,,,,,,",,,,,,,,,,,,,,,,,,,,,,,,,,,,,,,,,,,,,,,
550,0,0,",,,,,,,,,,,,,,,,,,,,,,,,,,,,,,,,,,,,,,",",,,,,,,,,,,,,,,,,,,,,,,,,,,,,,,,,,,,,,",,,,,,,,,,,,,,,,,,,,,,,,,,,,,,,,,,,,,,,
551,0,0,",,,,,,,,,,,,,,,,,,,,,,,,,,,,,,,,,,,,,,",",,,,,,,,,,,,,,,,,,,,,,,,,,,,,,,,,,,,,,",,,,,,,,,,,,,,,,,,,,,,,,,,,,,,,,,,,,,,,
552,0,0,",,,,,,,,,,,,,,,,,,,,,,,,,,,,,,,,,,,,,,",",,,,,,,,,,,,,,,,,,,,,,,,,,,,,,,,,,,,,,",,,,,,,,,,,,,,,,,,,,,,,,,,,,,,,,,,,,,,,
553,0,0,",,,,,,,,,,,,,,,,,,,,,,,,,,,,,,,,,,,,,,",",,,,,,,,,,,,,,,,,,,,,,,,,,,,,,,,,,,,,,",,,,,,,,,,,,,,,,,,,,,,,,,,,,,,,,,,,,,,,
554,0,0,",,,,,,,,,,,,,,,,,,,,,,,,,,,,,,,,,,,,,,",",,,,,,,,,,,,,,,,,,,,,,,,,,,,,,,,,,,,,,",,,,,,,,,,,,,,,,,,,,,,,,,,,,,,,,,,,,,,,
555,0,0,",,,,,,,,,,,,,,,,,,,,,,,,,,,,,,,,,,,,,,",",,,,,,,,,,,,,,,,,,,,,,,,,,,,,,,,,,,,,,",,,,,,,,,,,,,,,,,,,,,,,,,,,,,,,,,,,,,,,
557,0,0,",,,,,,,,,,,,,,,,,,,,,,,,,,,,,,,,,,,,,,",",,,,,,,,,,,,,,,,,,,,,,,,,,,,,,,,,,,,,,",,,,,,,,,,,,,,,,,,,,,,,,,,,,,,,,,,,,,,,
558,0,0,",,,,,,,,,,,,,,,,,,,,,,,,,,,,,,,,,,,,,,",",,,,,,,,,,,,,,,,,,,,,,,,,,,,,,,,,,,,,,",,,,,,,,,,,,,,,,,,,,,,,,,,,,,,,,,,,,,,,
559,0,0,",,,,,,,,,,,,,,,,,,,,,,,,,,,,,,,,,,,,,,",",,,,,,,,,,,,,,,,,,,,,,,,,,,,,,,,,,,,,,",,,,,,,,,,,,,,,,,,,,,,,,,,,,,,,,,,,,,,,
560,0,0,",,,,,,,,,,,,,,,,,,,,,,,,,,,,,,,,,,,,,,",",,,,,,,,,,,,,,,,,,,,,,,,,,,,,,,,,,,,,,",,,,,,,,,,,,,,,,,,,,,,,,,,,,,,,,,,,,,,,
561,0,0,",,,,,,,,,,,,,,,,,,,,,,,,,,,,,,,,,,,,,,",",,,,,,,,,,,,,,,,,,,,,,,,,,,,,,,,,,,,,,",,,,,,,,,,,,,,,,,,,,,,,,,,,,,,,,,,,,,,,
563,0,0,",,,,,,,,,,,,,,,,,,,,,,,,,,,,,,,,,,,,,,",",,,,,,,,,,,,,,,,,,,,,,,,,,,,,,,,,,,,,,",,,,,,,,,,,,,,,,,,,,,,,,,,,,,,,,,,,,,,,
564,0,0,",,,,,,,,,,,,,,,,,,,,,,,,,,,,,,,,,,,,,,",",,,,,,,,,,,,,,,,,,,,,,,,,,,,,,,,,,,,,,",,,,,,,,,,,,,,,,,,,,,,,,,,,,,,,,,,,,,,,
565,0,0,",,,,,,,,,,,,,,,,,,,,,,,,,,,,,,,,,,,,,,",",,,,,,,,,,,,,,,,,,,,,,,,,,,,,,,,,,,,,,",,,,,,,,,,,,,,,,,,,,,,,,,,,,,,,,,,,,,,,
566,0,0,",,,,,,,,,,,,,,,,,,,,,,,,,,,,,,,,,,,,,,",",,,,,,,,,,,,,,,,,,,,,,,,,,,,,,,,,,,,,,",,,,,,,,,,,,,,,,,,,,,,,,,,,,,,,,,,,,,,,
568,0,0,",,,,,,,,,,,,,,,,,,,,,,,,,,,,,,,,,,,,,,",",,,,,,,,,,,,,,,,,,,,,,,,,,,,,,,,,,,,,,",,,,,,,,,,,,,,,,,,,,,,,,,,,,,,,,,,,,,,,
570,0,0,",,,,,,,,,,,,,,,,,,,,,,,,,,,,,,,,,,,,,,",",,,,,,,,,,,,,,,,,,,,,,,,,,,,,,,,,,,,,,",,,,,,,,,,,,,,,,,,,,,,,,,,,,,,,,,,,,,,,
571,0,0,",,,,,,,,,,,,,,,,,,,,,,,,,,,,,,,,,,,,,,",",,,,,,,,,,,,,,,,,,,,,,,,,,,,,,,,,,,,,,",,,,,,,,,,,,,,,,,,,,,,,,,,,,,,,,,,,,,,,
572,0,0,",,,,,,,,,,,,,,,,,,,,,,,,,,,,,,,,,,,,,,",",,,,,,,,,,,,,,,,,,,,,,,,,,,,,,,,,,,,,,",,,,,,,,,,,,,,,,,,,,,,,,,,,,,,,,,,,,,,,
574,0,0,",,,,,,,,,,,,,,,,,,,,,,,,,,,,,,,,,,,,,,",",,,,,,,,,,,,,,,,,,,,,,,,,,,,,,,,,,,,,,",,,,,,,,,,,,,,,,,,,,,,,,,,,,,,,,,,,,,,,
575,0,0,",,,,,,,,,,,,,,,,,,,,,,,,,,,,,,,,,,,,,,",",,,,,,,,,,,,,,,,,,,,,,,,,,,,,,,,,,,,,,",,,,,,,,,,,,,,,,,,,,,,,,,,,,,,,,,,,,,,,
576,0,0,",,,,,,,,,,,,,,,,,,,,,,,,,,,,,,,,,,,,,,",",,,,,,,,,,,,,,,,,,,,,,,,,,,,,,,,,,,,,,",,,,,,,,,,,,,,,,,,,,,,,,,,,,,,,,,,,,,,,
577,0,0,",,,,,,,,,,,,,,,,,,,,,,,,,,,,,,,,,,,,,,",",,,,,,,,,,,,,,,,,,,,,,,,,,,,,,,,,,,,,,",,,,,,,,,,,,,,,,,,,,,,,,,,,,,,,,,,,,,,,
578,0,0,",,,,,,,,,,,,,,,,,,,,,,,,,,,,,,,,,,,,,,",",,,,,,,,,,,,,,,,,,,,,,,,,,,,,,,,,,,,,,",,,,,,,,,,,,,,,,,,,,,,,,,,,,,,,,,,,,,,,
579,0,0,",,,,,,,,,,,,,,,,,,,,,,,,,,,,,,,,,,,,,,",",,,,,,,,,,,,,,,,,,,,,,,,,,,,,,,,,,,,,,",,,,,,,,,,,,,,,,,,,,,,,,,,,,,,,,,,,,,,,
580,0,0,",,,,,,,,,,,,,,,,,,,,,,,,,,,,,,,,,,,,,,",",,,,,,,,,,,,,,,,,,,,,,,,,,,,,,,,,,,,,,",,,,,,,,,,,,,,,,,,,,,,,,,,,,,,,,,,,,,,,
581,0,0,",,,,,,,,,,,,,,,,,,,,,,,,,,,,,,,,,,,,,,",",,,,,,,,,,,,,,,,,,,,,,,,,,,,,,,,,,,,,,",,,,,,,,,,,,,,,,,,,,,,,,,,,,,,,,,,,,,,,
583,0,0,",,,,,,,,,,,,,,,,,,,,,,,,,,,,,,,,,,,,,,",",,,,,,,,,,,,,,,,,,,,,,,,,,,,,,,,,,,,,,",,,,,,,,,,,,,,,,,,,,,,,,,,,,,,,,,,,,,,,
584,0,0,",,,,,,,,,,,,,,,,,,,,,,,,,,,,,,,,,,,,,,",",,,,,,,,,,,,,,,,,,,,,,,,,,,,,,,,,,,,,,",,,,,,,,,,,,,,,,,,,,,,,,,,,,,,,,,,,,,,,
585,0,0,",,,,,,,,,,,,,,,,,,,,,,,,,,,,,,,,,,,,,,",",,,,,,,,,,,,,,,,,,,,,,,,,,,,,,,,,,,,,,",,,,,,,,,,,,,,,,,,,,,,,,,,,,,,,,,,,,,,,
586,0,0,",,,,,,,,,,,,,,,,,,,,,,,,,,,,,,,,,,,,,,",",,,,,,,,,,,,,,,,,,,,,,,,,,,,,,,,,,,,,,",,,,,,,,,,,,,,,,,,,,,,,,,,,,,,,,,,,,,,,
589,0,0,",,,,,,,,,,,,,,,,,,,,,,,,,,,,,,,,,,,,,,",",,,,,,,,,,,,,,,,,,,,,,,,,,,,,,,,,,,,,,",,,,,,,,,,,,,,,,,,,,,,,,,,,,,,,,,,,,,,,
590,0,0,",,,,,,,,,,,,,,,,,,,,,,,,,,,,,,,,,,,,,,",",,,,,,,,,,,,,,,,,,,,,,,,,,,,,,,,,,,,,,",,,,,,,,,,,,,,,,,,,,,,,,,,,,,,,,,,,,,,,
591,0,0,",,,,,,,,,,,,,,,,,,,,,,,,,,,,,,,,,,,,,,",",,,,,,,,,,,,,,,,,,,,,,,,,,,,,,,,,,,,,,",,,,,,,,,,,,,,,,,,,,,,,,,,,,,,,,,,,,,,,
592,0,0,",,,,,,,,,,,,,,,,,,,,,,,,,,,,,,,,,,,,,,",",,,,,,,,,,,,,,,,,,,,,,,,,,,,,,,,,,,,,,",,,,,,,,,,,,,,,,,,,,,,,,,,,,,,,,,,,,,,,
593,1,1,",40,,,,,,,,,,,,,,,,,,,,,,,,,,,,,,,,,,,,,",",40,,,,,,,,,,,,,,,,,,,,,,,,,,,,,,,,,,,,,",,40,,,,,,,,,,,,,,,,,,,,,,,,,,,,,,,,,,,,,
594,1,1,",43,,,,,,,,,,,,,,,,,,,,,,,,,,,,,,,,,,,,,",",43,,,,,,,,,,,,,,,,,,,,,,,,,,,,,,,,,,,,,",,43,,,,,,,,,,,,,,,,,,,,,,,,,,,,,,,,,,,,,
595,0,0,",,,,,,,,,,,,,,,,,,,,,,,,,,,,,,,,,,,,,,",",,,,,,,,,,,,,,,,,,,,,,,,,,,,,,,,,,,,,,",,,,,,,,,,,,,,,,,,,,,,,,,,,,,,,,,,,,,,,
596,0,0,",,,,,,,,,,,,,,,,,,,,,,,,,,,,,,,,,,,,,,",",,,,,,,,,,,,,,,,,,,,,,,,,,,,,,,,,,,,,,",,,,,,,,,,,,,,,,,,,,,,,,,,,,,,,,,,,,,,,
597,0,0,",,,,,,,,,,,,,,,,,,,,,,,,,,,,,,,,,,,,,,",",,,,,,,,,,,,,,,,,,,,,,,,,,,,,,,,,,,,,,",,,,,,,,,,,,,,,,,,,,,,,,,,,,,,,,,,,,,,,
598,0,0,",,,,,,,,,,,,,,,,,,,,,,,,,,,,,,,,,,,,,,",",,,,,,,,,,,,,,,,,,,,,,,,,,,,,,,,,,,,,,",,,,,,,,,,,,,,,,,,,,,,,,,,,,,,,,,,,,,,,
599,0,0,",,,,,,,,,,,,,,,,,,,,,,,,,,,,,,,,,,,,,,",",,,,,,,,,,,,,,,,,,,,,,,,,,,,,,,,,,,,,,",,,,,,,,,,,,,,,,,,,,,,,,,,,,,,,,,,,,,,,
600,0,0,",,,,,,,,,,,,,,,,,,,,,,,,,,,,,,,,,,,,,,",",,,,,,,,,,,,,,,,,,,,,,,,,,,,,,,,,,,,,,",,,,,,,,,,,,,,,,,,,,,,,,,,,,,,,,,,,,,,,
601,0,0,",,,,,,,,,,,,,,,,,,,,,,,,,,,,,,,,,,,,,,",",,,,,,,,,,,,,,,,,,,,,,,,,,,,,,,,,,,,,,",,,,,,,,,,,,,,,,,,,,,,,,,,,,,,,,,,,,,,,
602,0,0,",,,,,,,,,,,,,,,,,,,,,,,,,,,,,,,,,,,,,,",",,,,,,,,,,,,,,,,,,,,,,,,,,,,,,,,,,,,,,",,,,,,,,,,,,,,,,,,,,,,,,,,,,,,,,,,,,,,,
603,0,0,",,,,,,,,,,,,,,,,,,,,,,,,,,,,,,,,,,,,,,",",,,,,,,,,,,,,,,,,,,,,,,,,,,,,,,,,,,,,,",,,,,,,,,,,,,,,,,,,,,,,,,,,,,,,,,,,,,,,
604,0,0,",,,,,,,,,,,,,,,,,,,,,,,,,,,,,,,,,,,,,,",",,,,,,,,,,,,,,,,,,,,,,,,,,,,,,,,,,,,,,",,,,,,,,,,,,,,,,,,,,,,,,,,,,,,,,,,,,,,,
606,0,0,",,,,,,,,,,,,,,,,,,,,,,,,,,,,,,,,,,,,,,",",,,,,,,,,,,,,,,,,,,,,,,,,,,,,,,,,,,,,,",,,,,,,,,,,,,,,,,,,,,,,,,,,,,,,,,,,,,,,
608,0,0,",,,,,,,,,,,,,,,,,,,,,,,,,,,,,,,,,,,,,,",",,,,,,,,,,,,,,,,,,,,,,,,,,,,,,,,,,,,,,",,,,,,,,,,,,,,,,,,,,,,,,,,,,,,,,,,,,,,,
609,1,1,",43,,,,,,,,,,,,,,,,,,,,,,,,,,,,,,,,,,,,,",",43,,,,,,,,,,,,,,,,,,,,,,,,,,,,,,,,,,,,,",,43,,,,,,,,,,,,,,,,,,,,,,,,,,,,,,,,,,,,,
610,1,1,",40,,,,,,,,,,,,,,,,,,,,,,,,,,,,,,,,,,,,,",",40,,,,,,,,,,,,,,,,,,,,,,,,,,,,,,,,,,,,,",,40,,,,,,,,,,,,,,,,,,,,,,,,,,,,,,,,,,,,,
611,0,0,",,,,,,,,,,,,,,,,,,,,,,,,,,,,,,,,,,,,,,",",,,,,,,,,,,,,,,,,,,,,,,,,,,,,,,,,,,,,,",,,,,,,,,,,,,,,,,,,,,,,,,,,,,,,,,,,,,,,
612,1,1,",37,,,,,,,,,,,,,,,,,,,,,,,,,,,,,,,,,,,,,",",37,,,,,,,,,,,,,,,,,,,,,,,,,,,,,,,,,,,,,",,37,,,,,,,,,,,,,,,,,,,,,,,,,,,,,,,,,,,,,
613,0,0,",,,,,,,,,,,,,,,,,,,,,,,,,,,,,,,,,,,,,,",",,,,,,,,,,,,,,,,,,,,,,,,,,,,,,,,,,,,,,",,,,,,,,,,,,,,,,,,,,,,,,,,,,,,,,,,,,,,,
614,0,0,",,,,,,,,,,,,,,,,,,,,,,,,,,,,,,,,,,,,,,",",,,,,,,,,,,,,,,,,,,,,,,,,,,,,,,,,,,,,,",,,,,,,,,,,,,,,,,,,,,,,,,,,,,,,,,,,,,,,
615,0,0,",,,,,,,,,,,,,,,,,,,,,,,,,,,,,,,,,,,,,,",",,,,,,,,,,,,,,,,,,,,,,,,,,,,,,,,,,,,,,",,,,,,,,,,,,,,,,,,,,,,,,,,,,,,,,,,,,,,,
616,0,0,",,,,,,,,,,,,,,,,,,,,,,,,,,,,,,,,,,,,,,",",,,,,,,,,,,,,,,,,,,,,,,,,,,,,,,,,,,,,,",,,,,,,,,,,,,,,,,,,,,,,,,,,,,,,,,,,,,,,
618,0,0,",,,,,,,,,,,,,,,,,,,,,,,,,,,,,,,,,,,,,,",",,,,,,,,,,,,,,,,,,,,,,,,,,,,,,,,,,,,,,",,,,,,,,,,,,,,,,,,,,,,,,,,,,,,,,,,,,,,,
620,0,0,",,,,,,,,,,,,,,,,,,,,,,,,,,,,,,,,,,,,,,",",,,,,,,,,,,,,,,,,,,,,,,,,,,,,,,,,,,,,,",,,,,,,,,,,,,,,,,,,,,,,,,,,,,,,,,,,,,,,
622,0,0,",,,,,,,,,,,,,,,,,,,,,,,,,,,,,,,,,,,,,,",",,,,,,,,,,,,,,,,,,,,,,,,,,,,,,,,,,,,,,",,,,,,,,,,,,,,,,,,,,,,,,,,,,,,,,,,,,,,,
624,0,0,",,,,,,,,,,,,,,,,,,,,,,,,,,,,,,,,,,,,,,",",,,,,,,,,,,,,,,,,,,,,,,,,,,,,,,,,,,,,,",,,,,,,,,,,,,,,,,,,,,,,,,,,,,,,,,,,,,,,
625,0,0,",,,,,,,,,,,,,,,,,,,,,,,,,,,,,,,,,,,,,,",",,,,,,,,,,,,,,,,,,,,,,,,,,,,,,,,,,,,,,",,,,,,,,,,,,,,,,,,,,,,,,,,,,,,,,,,,,,,,
626,0,0,",,,,,,,,,,,,,,,,,,,,,,,,,,,,,,,,,,,,,,",",,,,,,,,,,,,,,,,,,,,,,,,,,,,,,,,,,,,,,",,,,,,,,,,,,,,,,,,,,,,,,,,,,,,,,,,,,,,,
627,0,0,",,,,,,,,,,,,,,,,,,,,,,,,,,,,,,,,,,,,,,",",,,,,,,,,,,,,,,,,,,,,,,,,,,,,,,,,,,,,,",,,,,,,,,,,,,,,,,,,,,,,,,,,,,,,,,,,,,,,
628,0,0,",,,,,,,,,,,,,,,,,,,,,,,,,,,,,,,,,,,,,,",",,,,,,,,,,,,,,,,,,,,,,,,,,,,,,,,,,,,,,",,,,,,,,,,,,,,,,,,,,,,,,,,,,,,,,,,,,,,,
629,0,0,",,,,,,,,,,,,,,,,,,,,,,,,,,,,,,,,,,,,,,",",,,,,,,,,,,,,,,,,,,,,,,,,,,,,,,,,,,,,,",,,,,,,,,,,,,,,,,,,,,,,,,,,,,,,,,,,,,,,
630,0,0,",,,,,,,,,,,,,,,,,,,,,,,,,,,,,,,,,,,,,,",",,,,,,,,,,,,,,,,,,,,,,,,,,,,,,,,,,,,,,",,,,,,,,,,,,,,,,,,,,,,,,,,,,,,,,,,,,,,,
631,0,0,",,,,,,,,,,,,,,,,,,,,,,,,,,,,,,,,,,,,,,",",,,,,,,,,,,,,,,,,,,,,,,,,,,,,,,,,,,,,,",,,,,,,,,,,,,,,,,,,,,,,,,,,,,,,,,,,,,,,
633,0,0,",,,,,,,,,,,,,,,,,,,,,,,,,,,,,,,,,,,,,,",",,,,,,,,,,,,,,,,,,,,,,,,,,,,,,,,,,,,,,",,,,,,,,,,,,,,,,,,,,,,,,,,,,,,,,,,,,,,,
634,0,0,",,,,,,,,,,,,,,,,,,,,,,,,,,,,,,,,,,,,,,",",,,,,,,,,,,,,,,,,,,,,,,,,,,,,,,,,,,,,,",,,,,,,,,,,,,,,,,,,,,,,,,,,,,,,,,,,,,,,
635,0,0,",,,,,,,,,,,,,,,,,,,,,,,,,,,,,,,,,,,,,,",",,,,,,,,,,,,,,,,,,,,,,,,,,,,,,,,,,,,,,",,,,,,,,,,,,,,,,,,,,,,,,,,,,,,,,,,,,,,,
636,0,0,",,,,,,,,,,,,,,,,,,,,,,,,,,,,,,,,,,,,,,",",,,,,,,,,,,,,,,,,,,,,,,,,,,,,,,,,,,,,,",,,,,,,,,,,,,,,,,,,,,,,,,,,,,,,,,,,,,,,
637,0,0,",,,,,,,,,,,,,,,,,,,,,,,,,,,,,,,,,,,,,,",",,,,,,,,,,,,,,,,,,,,,,,,,,,,,,,,,,,,,,",,,,,,,,,,,,,,,,,,,,,,,,,,,,,,,,,,,,,,,
638,0,0,",,,,,,,,,,,,,,,,,,,,,,,,,,,,,,,,,,,,,,",",,,,,,,,,,,,,,,,,,,,,,,,,,,,,,,,,,,,,,",,,,,,,,,,,,,,,,,,,,,,,,,,,,,,,,,,,,,,,
639,0,0,",,,,,,,,,,,,,,,,,,,,,,,,,,,,,,,,,,,,,,",",,,,,,,,,,,,,,,,,,,,,,,,,,,,,,,,,,,,,,",,,,,,,,,,,,,,,,,,,,,,,,,,,,,,,,,,,,,,,
643,0,0,",,,,,,,,,,,,,,,,,,,,,,,,,,,,,,,,,,,,,,",",,,,,,,,,,,,,,,,,,,,,,,,,,,,,,,,,,,,,,",,,,,,,,,,,,,,,,,,,,,,,,,,,,,,,,,,,,,,,
644,0,0,",,,,,,,,,,,,,,,,,,,,,,,,,,,,,,,,,,,,,,",",,,,,,,,,,,,,,,,,,,,,,,,,,,,,,,,,,,,,,",,,,,,,,,,,,,,,,,,,,,,,,,,,,,,,,,,,,,,,
645,0,0,",,,,,,,,,,,,,,,,,,,,,,,,,,,,,,,,,,,,,,",",,,,,,,,,,,,,,,,,,,,,,,,,,,,,,,,,,,,,,",,,,,,,,,,,,,,,,,,,,,,,,,,,,,,,,,,,,,,,
646,0,0,",,,,,,,,,,,,,,,,,,,,,,,,,,,,,,,,,,,,,,",",,,,,,,,,,,,,,,,,,,,,,,,,,,,,,,,,,,,,,",,,,,,,,,,,,,,,,,,,,,,,,,,,,,,,,,,,,,,,
647,0,0,",,,,,,,,,,,,,,,,,,,,,,,,,,,,,,,,,,,,,,",",,,,,,,,,,,,,,,,,,,,,,,,,,,,,,,,,,,,,,",,,,,,,,,,,,,,,,,,,,,,,,,,,,,,,,,,,,,,,
648,0,0,",,,,,,,,,,,,,,,,,,,,,,,,,,,,,,,,,,,,,,",",,,,,,,,,,,,,,,,,,,,,,,,,,,,,,,,,,,,,,",,,,,,,,,,,,,,,,,,,,,,,,,,,,,,,,,,,,,,,
649,0,0,",,,,,,,,,,,,,,,,,,,,,,,,,,,,,,,,,,,,,,",",,,,,,,,,,,,,,,,,,,,,,,,,,,,,,,,,,,,,,",,,,,,,,,,,,,,,,,,,,,,,,,,,,,,,,,,,,,,,
650,0,0,",,,,,,,,,,,,,,,,,,,,,,,,,,,,,,,,,,,,,,",",,,,,,,,,,,,,,,,,,,,,,,,,,,,,,,,,,,,,,",,,,,,,,,,,,,,,,,,,,,,,,,,,,,,,,,,,,,,,
652,1,1,"25,,,,,,,,,,,,,,,,,,,,,,,,,,,,,,,,,,,,,,","25,,,,,,,,,,,,,,,,,,,,,,,,,,,,,,,,,,,,,,",25,,,,,,,,,,,,,,,,,,,,,,,,,,,,,,,,,,,,,,
654,1,1,"25,,,,,,,,,,,,,,,,,,,,,,,,,,,,,,,,,,,,,,","25,,,,,,,,,,,,,,,,,,,,,,,,,,,,,,,,,,,,,,",25,,,,,,,,,,,,,,,,,,,,,,,,,,,,,,,,,,,,,,
656,1,1,"25,,,,,,,,,,,,,,,,,,,,,,,,,,,,,,,,,,,,,,","25,,,,,,,,,,,,,,,,,,,,,,,,,,,,,,,,,,,,,,",25,,,,,,,,,,,,,,,,,,,,,,,,,,,,,,,,,,,,,,
657,1,1,"28,,,,,,,,,,,,,,,,,,,,,,,,,,,,,,,,,,,,,,","28,,,,,,,,,,,,,,,,,,,,,,,,,,,,,,,,,,,,,,",28,,,,,,,,,,,,,,,,,,,,,,,,,,,,,,,,,,,,,,
659,1,1,"28,,,,,,,,,,,,,,,,,,,,,,,,,,,,,,,,,,,,,,","28,,,,,,,,,,,,,,,,,,,,,,,,,,,,,,,,,,,,,,",28,,,,,,,,,,,,,,,,,,,,,,,,,,,,,,,,,,,,,,
661,1,1,"28,,,,,,,,,,,,,,,,,,,,,,,,,,,,,,,,,,,,,,","28,,,,,,,,,,,,,,,,,,,,,,,,,,,,,,,,,,,,,,",28,,,,,,,,,,,,,,,,,,,,,,,,,,,,,,,,,,,,,,
663,1,1,"31,,,,,,,,,,,,,,,,,,,,,,,,,,,,,,,,,,,,,,","31,,,,,,,,,,,,,,,,,,,,,,,,,,,,,,,,,,,,,,",31,,,,,,,,,,,,,,,,,,,,,,,,,,,,,,,,,,,,,,
667,1,1,"35,,,,,,,,,,,,,,,,,,,,,,,,,,,,,,,,,,,,,,","35,,,,,,,,,,,,,,,,,,,,,,,,,,,,,,,,,,,,,,",35,,,,,,,,,,,,,,,,,,,,,,,,,,,,,,,,,,,,,,
670,1,1,"37,,,,,,,,,,,,,,,,,,,,,,,,,,,,,,,,,,,,,,","37,,,,,,,,,,,,,,,,,,,,,,,,,,,,,,,,,,,,,,",37,,,,,,,,,,,,,,,,,,,,,,,,,,,,,,,,,,,,,,
671,1,1,"37,,,,,,,,,,,,,,,,,,,,,,,,,,,,,,,,,,,,,,","37,,,,,,,,,,,,,,,,,,,,,,,,,,,,,,,,,,,,,,",37,,,,,,,,,,,,,,,,,,,,,,,,,,,,,,,,,,,,,,
672,1,1,"37,,,,,,,,,,,,,,,,,,,,,,,,,,,,,,,,,,,,,,","37,,,,,,,,,,,,,,,,,,,,,,,,,,,,,,,,,,,,,,",37,,,,,,,,,,,,,,,,,,,,,,,,,,,,,,,,,,,,,,
673,1,1,"37,,,,,,,,,,,,,,,,,,,,,,,,,,,,,,,,,,,,,,","37,,,,,,,,,,,,,,,,,,,,,,,,,,,,,,,,,,,,,,",37,,,,,,,,,,,,,,,,,,,,,,,,,,,,,,,,,,,,,,
676,1,1,"40,,,,,,,,,,,,,,,,,,,,,,,,,,,,,,,,,,,,,,","40,,,,,,,,,,,,,,,,,,,,,,,,,,,,,,,,,,,,,,",40,,,,,,,,,,,,,,,,,,,,,,,,,,,,,,,,,,,,,,
678,1,1,"43,,,,,,,,,,,,,,,,,,,,,,,,,,,,,,,,,,,,,,","43,,,,,,,,,,,,,,,,,,,,,,,,,,,,,,,,,,,,,,",43,,,,,,,,,,,,,,,,,,,,,,,,,,,,,,,,,,,,,,
679,1,1,"44,,,,,,,,,,,,,,,,,,,,,,,,,,,,,,,,,,,,,,","44,,,,,,,,,,,,,,,,,,,,,,,,,,,,,,,,,,,,,,",44,,,,,,,,,,,,,,,,,,,,,,,,,,,,,,,,,,,,,,
689,0,0,",,,,,,,,,,,,,,,,,,,,,,,,,,,,,,,,,,,,,,",",,,,,,,,,,,,,,,,,,,,,,,,,,,,,,,,,,,,,,",,,,,,,,,,,,,,,,,,,,,,,,,,,,,,,,,,,,,,,
690,0,0,",,,,,,,,,,,,,,,,,,,,,,,,,,,,,,,,,,,,,,",",,,,,,,,,,,,,,,,,,,,,,,,,,,,,,,,,,,,,,",,,,,,,,,,,,,,,,,,,,,,,,,,,,,,,,,,,,,,,
694,1,1,"52,,,,,,,,,,,,,,,,,,,,,,,,,,,,,,,,,,,,,,","52,,,,,,,,,,,,,,,,,,,,,,,,,,,,,,,,,,,,,,",52,,,,,,,,,,,,,,,,,,,,,,,,,,,,,,,,,,,,,,
695,1,1,"55,,,,,,,,,,,,,,,,,,,,,,,,,,,,,,,,,,,,,,","55,,,,,,,,,,,,,,,,,,,,,,,,,,,,,,,,,,,,,,",55,,,,,,,,,,,,,,,,,,,,,,,,,,,,,,,,,,,,,,
