Rowno,Count,Count,Row,Row,Row,,,,,,,,,,,,,,,,,,,,,,,,,,,,,,,,,,,,,,,,
1,39,39,"1,2,7,11,12,13,14,15,16,17,19,20,21,22,23,24,25,27,,29,30,31,,33,34,35,38,39,40,41,42,43,44,46,47,48,49,52,53,54,55,,,,,","1,2,7,11,12,13,14,15,16,17,19,20,21,22,23,24,25,27,,29,30,31,,33,34,35,38,39,40,41,42,43,44,46,47,48,49,52,53,54,55,,,,,",1,2,7,11,12,13,14,15,16,17,19,20,21,22,23,24,25,27,,29,30,31,,33,34,35,38,39,40,41,42,43,44,46,47,48,49,52,53,54,55
40,33,33,"4,5,7,8,11,12,15,17,18,19,20,21,24,25,26,27,29,30,33,34,36,39,40,41,43,44,47,48,50,52,53,54,55,,,,,,,,,,,,,","4,5,7,8,11,12,15,17,18,19,20,21,24,25,26,27,29,30,33,34,36,39,40,41,43,44,47,48,50,52,53,54,55,,,,,,,,,,,,,",4,5,7,8,11,12,15,17,18,19,20,21,24,25,26,27,29,30,33,34,36,39,40,41,43,44,47,48,50,52,53,54,55,,,,,,,,
3,31,31,"2,3,4,8,11,13,14,15,16,17,18,19,21,22,23,24,25,,29,30,31,,34,35,40,41,42,43,44,49,50,,52,53,,,,,,,,,,,,","2,3,4,8,11,13,14,15,16,17,18,19,21,22,23,24,25,,29,30,31,,34,35,40,41,42,43,44,49,50,,52,53,,,,,,,,,,,,",2,3,4,8,11,13,14,15,16,17,18,19,21,22,23,24,25,,29,30,31,,34,35,40,41,42,43,44,49,50,,52,53,,,,,,,
19,31,31,"3,7,11,12,14,15,16,17,18,19,21,24,25,26,27,,31,33,34,36,38,39,40,41,45,46,47,49,52,53,54,55,,,,,,,,,,,,,,","3,7,11,12,14,15,16,17,18,19,21,24,25,26,27,,31,33,34,36,38,39,40,41,45,46,47,49,52,53,54,55,,,,,,,,,,,,,,",3,7,11,12,14,15,16,17,18,19,21,24,25,26,27,,31,33,34,36,38,39,40,41,45,46,47,49,52,53,54,55,,,,,,,,,
7,27,27,"3,4,7,11,12,15,17,20,24,25,26,27,29,31,,33,34,35,39,40,45,46,47,50,,52,53,54,55,,,,,,,,,,,,,,,,,","3,4,7,11,12,15,17,20,24,25,26,27,29,31,,33,34,35,39,40,45,46,47,50,,52,53,54,55,,,,,,,,,,,,,,,,,",3,4,7,11,12,15,17,20,24,25,26,27,29,31,,33,34,35,39,40,45,46,47,50,,52,53,54,55,,,,,,,,,,,,
13,28,28,"3,5,6,7,11,12,14,15,17,20,24,27,,29,30,38,39,40,41,43,44,45,46,47,48,50,52,53,55,,,,,,,,,,,,,,,,,","3,5,6,7,11,12,14,15,17,20,24,27,,29,30,38,39,40,41,43,44,45,46,47,48,50,52,53,55,,,,,,,,,,,,,,,,,",3,5,6,7,11,12,14,15,17,20,24,27,,29,30,38,39,40,41,43,44,45,46,47,48,50,52,53,55,,,,,,,,,,,,
33,28,28,"4,7,11,12,17,19,24,25,26,27,,30,31,,33,35,36,38,39,40,43,45,46,47,48,50,52,53,54,55,,,,,,,,,,,,,,,,","4,7,11,12,17,19,24,25,26,27,,30,31,,33,35,36,38,39,40,43,45,46,47,48,50,52,53,54,55,,,,,,,,,,,,,,,,",4,7,11,12,17,19,24,25,26,27,,30,31,,33,35,36,38,39,40,43,45,46,47,48,50,52,53,54,55,,,,,,,,,,,
5,27,27,"2,3,4,7,8,11,12,14,15,18,19,21,23,24,,29,31,,38,39,41,42,43,44,45,49,50,52,53,,,,,,,,,,,,,,,,,","2,3,4,7,8,11,12,14,15,18,19,21,23,24,,29,31,,38,39,41,42,43,44,45,49,50,52,53,,,,,,,,,,,,,,,,,",2,3,4,7,8,11,12,14,15,18,19,21,23,24,,29,31,,38,39,41,42,43,44,45,49,50,52,53,,,,,,,,,,,,
14,27,27,"3,7,10,11,12,13,14,15,17,19,20,21,26,27,30,34,35,38,39,40,41,43,45,49,50,53,54,,,,,,,,,,,,,,,,,,,","3,7,10,11,12,13,14,15,17,19,20,21,26,27,30,34,35,38,39,40,41,43,45,49,50,53,54,,,,,,,,,,,,,,,,,,,",3,7,10,11,12,13,14,15,17,19,20,21,26,27,30,34,35,38,39,40,41,43,45,49,50,53,54,,,,,,,,,,,,,,
20,26,26,"3,4,5,7,14,16,18,20,22,23,25,27,,30,33,35,36,41,42,45,47,48,50,52,53,54,55,,,,,,,,,,,,,,,,,,,","3,4,5,7,14,16,18,20,22,23,25,27,,30,33,35,36,41,42,45,47,48,50,52,53,54,55,,,,,,,,,,,,,,,,,,,",3,4,5,7,14,16,18,20,22,23,25,27,,30,33,35,36,41,42,45,47,48,50,52,53,54,55,,,,,,,,,,,,,,
23,25,25,"3,4,5,7,11,12,15,18,19,21,24,25,26,,29,33,38,39,41,45,46,47,48,49,52,55,,,,,,,,,,,,,,,,,,,,","3,4,5,7,11,12,15,18,19,21,24,25,26,,29,33,38,39,41,45,46,47,48,49,52,55,,,,,,,,,,,,,,,,,,,,",3,4,5,7,11,12,15,18,19,21,24,25,26,,29,33,38,39,41,45,46,47,48,49,52,55,,,,,,,,,,,,,,,
52,23,23,"5,7,11,12,16,17,18,24,25,26,27,,29,31,,38,39,40,41,46,48,50,53,54,55,,,,,,,,,,,,,,,,,,,,,","5,7,11,12,16,17,18,24,25,26,27,,29,31,,38,39,40,41,46,48,50,53,54,55,,,,,,,,,,,,,,,,,,,,,",5,7,11,12,16,17,18,24,25,26,27,,29,31,,38,39,40,41,46,48,50,53,54,55,,,,,,,,,,,,,,,,
51,22,22,"5,7,13,16,19,20,24,25,27,,29,,33,34,35,36,39,40,41,46,47,48,50,55,,,,,,,,,,,,,,,,,,,,,,","5,7,13,16,19,20,24,25,27,,29,,33,34,35,36,39,40,41,46,47,48,50,55,,,,,,,,,,,,,,,,,,,,,,",5,7,13,16,19,20,24,25,27,,29,,33,34,35,36,39,40,41,46,47,48,50,55,,,,,,,,,,,,,,,,,
35,19,19,"4,7,11,12,15,18,20,24,30,38,39,40,41,46,48,50,53,54,55,,,,,,,,,,,,,,,,,,,,,,,,,,,","4,7,11,12,15,18,20,24,30,38,39,40,41,46,48,50,53,54,55,,,,,,,,,,,,,,,,,,,,,,,,,,,",4,7,11,12,15,18,20,24,30,38,39,40,41,46,48,50,53,54,55,,,,,,,,,,,,,,,,,,,,,,
66,19,19,"6,11,12,14,15,17,18,25,26,29,33,38,39,41,45,47,52,53,54,,,,,,,,,,,,,,,,,,,,,,,,,,,","6,11,12,14,15,17,18,25,26,29,33,38,39,41,45,47,52,53,54,,,,,,,,,,,,,,,,,,,,,,,,,,,",6,11,12,14,15,17,18,25,26,29,33,38,39,41,45,47,52,53,54,,,,,,,,,,,,,,,,,,,,,,
27,17,17,",3,4,5,7,8,11,14,18,20,24,33,39,48,52,53,54,55,,,,,,,,,,,,,,,,,,,,,,,,,,,,",",3,4,5,7,8,11,14,18,20,24,33,39,48,52,53,54,55,,,,,,,,,,,,,,,,,,,,,,,,,,,,",,3,4,5,7,8,11,14,18,20,24,33,39,48,52,53,54,55,,,,,,,,,,,,,,,,,,,,,,,
49,17,17,"4,6,7,24,27,33,34,35,36,39,41,45,48,50,52,53,54,,,,,,,,,,,,,,,,,,,,,,,,,,,,,","4,6,7,24,27,33,34,35,36,39,41,45,48,50,52,53,54,,,,,,,,,,,,,,,,,,,,,,,,,,,,,",4,6,7,24,27,33,34,35,36,39,41,45,48,50,52,53,54,,,,,,,,,,,,,,,,,,,,,,,,
73,17,17,"7,8,11,16,21,22,26,,29,30,31,33,35,39,47,50,52,53,,,,,,,,,,,,,,,,,,,,,,,,,,,,","7,8,11,16,21,22,26,,29,30,31,33,35,39,47,50,52,53,,,,,,,,,,,,,,,,,,,,,,,,,,,,",7,8,11,16,21,22,26,,29,30,31,33,35,39,47,50,52,53,,,,,,,,,,,,,,,,,,,,,,,
88,17,17,"7,11,16,20,24,25,,30,33,38,39,40,41,46,50,53,54,55,,,,,,,,,,,,,,,,,,,,,,,,,,,,","7,11,16,20,24,25,,30,33,38,39,40,41,46,50,53,54,55,,,,,,,,,,,,,,,,,,,,,,,,,,,,",7,11,16,20,24,25,,30,33,38,39,40,41,46,50,53,54,55,,,,,,,,,,,,,,,,,,,,,,,
28,16,16,"3,11,12,15,17,19,21,24,25,27,45,47,49,50,52,54,,,,,,,,,,,,,,,,,,,,,,,,,,,,,,","3,11,12,15,17,19,21,24,25,27,45,47,49,50,52,54,,,,,,,,,,,,,,,,,,,,,,,,,,,,,,",3,11,12,15,17,19,21,24,25,27,45,47,49,50,52,54,,,,,,,,,,,,,,,,,,,,,,,,,
39,15,15,"4,5,7,12,20,24,25,27,,31,39,43,46,52,53,55,,,,,,,,,,,,,,,,,,,,,,,,,,,,,,","4,5,7,12,20,24,25,27,,31,39,43,46,52,53,55,,,,,,,,,,,,,,,,,,,,,,,,,,,,,,",4,5,7,12,20,24,25,27,,31,39,43,46,52,53,55,,,,,,,,,,,,,,,,,,,,,,,,,
55,15,15,"5,7,11,12,15,17,18,19,24,26,33,38,41,49,52,,,,,,,,,,,,,,,,,,,,,,,,,,,,,,,","5,7,11,12,15,17,18,19,24,26,33,38,41,49,52,,,,,,,,,,,,,,,,,,,,,,,,,,,,,,,",5,7,11,12,15,17,18,19,24,26,33,38,41,49,52,,,,,,,,,,,,,,,,,,,,,,,,,,
56,15,15,"6,7,11,17,24,25,,29,30,,40,41,43,45,50,52,53,,,,,,,,,,,,,,,,,,,,,,,,,,,,,","6,7,11,17,24,25,,29,30,,40,41,43,45,50,52,53,,,,,,,,,,,,,,,,,,,,,,,,,,,,,",6,7,11,17,24,25,,29,30,,40,41,43,45,50,52,53,,,,,,,,,,,,,,,,,,,,,,,,
18,14,14,"3,4,5,18,20,27,,30,,33,35,39,41,46,48,50,,,,,,,,,,,,,,,,,,,,,,,,,,,,,,","3,4,5,18,20,27,,30,,33,35,39,41,46,48,50,,,,,,,,,,,,,,,,,,,,,,,,,,,,,,",3,4,5,18,20,27,,30,,33,35,39,41,46,48,50,,,,,,,,,,,,,,,,,,,,,,,,,
30,14,14,"3,4,7,11,18,25,30,31,39,40,41,48,53,54,,,,,,,,,,,,,,,,,,,,,,,,,,,,,,,,","3,4,7,11,18,25,30,31,39,40,41,48,53,54,,,,,,,,,,,,,,,,,,,,,,,,,,,,,,,,",3,4,7,11,18,25,30,31,39,40,41,48,53,54,,,,,,,,,,,,,,,,,,,,,,,,,,,
36,14,14,"4,11,12,15,17,26,,30,31,,33,38,39,41,47,52,,,,,,,,,,,,,,,,,,,,,,,,,,,,,,","4,11,12,15,17,26,,30,31,,33,38,39,41,47,52,,,,,,,,,,,,,,,,,,,,,,,,,,,,,,",4,11,12,15,17,26,,30,31,,33,38,39,41,47,52,,,,,,,,,,,,,,,,,,,,,,,,,
21,13,13,"3,6,11,12,15,19,,29,31,38,39,41,52,54,,,,,,,,,,,,,,,,,,,,,,,,,,,,,,,,","3,6,11,12,15,19,,29,31,38,39,41,52,54,,,,,,,,,,,,,,,,,,,,,,,,,,,,,,,,",3,6,11,12,15,19,,29,31,38,39,41,52,54,,,,,,,,,,,,,,,,,,,,,,,,,,,
24,13,13,"3,14,15,16,17,21,25,26,,45,47,50,52,54,,,,,,,,,,,,,,,,,,,,,,,,,,,,,,,,","3,14,15,16,17,21,25,26,,45,47,50,52,54,,,,,,,,,,,,,,,,,,,,,,,,,,,,,,,,",3,14,15,16,17,21,25,26,,45,47,50,52,54,,,,,,,,,,,,,,,,,,,,,,,,,,,
42,13,13,"4,6,8,17,18,20,24,26,30,,33,42,45,54,,,,,,,,,,,,,,,,,,,,,,,,,,,,,,,,","4,6,8,17,18,20,24,26,30,,33,42,45,54,,,,,,,,,,,,,,,,,,,,,,,,,,,,,,,,",4,6,8,17,18,20,24,26,30,,33,42,45,54,,,,,,,,,,,,,,,,,,,,,,,,,,,
62,13,13,"6,8,15,16,19,24,25,31,,35,45,50,52,53,,,,,,,,,,,,,,,,,,,,,,,,,,,,,,,,","6,8,15,16,19,24,25,31,,35,45,50,52,53,,,,,,,,,,,,,,,,,,,,,,,,,,,,,,,,",6,8,15,16,19,24,25,31,,35,45,50,52,53,,,,,,,,,,,,,,,,,,,,,,,,,,,
80,13,13,"4,7,11,15,24,25,,39,40,41,45,48,53,54,,,,,,,,,,,,,,,,,,,,,,,,,,,,,,,,","4,7,11,15,24,25,,39,40,41,45,48,53,54,,,,,,,,,,,,,,,,,,,,,,,,,,,,,,,,",4,7,11,15,24,25,,39,40,41,45,48,53,54,,,,,,,,,,,,,,,,,,,,,,,,,,,
94,13,13,"9,11,16,17,31,35,36,40,41,45,50,53,54,,,,,,,,,,,,,,,,,,,,,,,,,,,,,,,,,","9,11,16,17,31,35,36,40,41,45,50,53,54,,,,,,,,,,,,,,,,,,,,,,,,,,,,,,,,,",9,11,16,17,31,35,36,40,41,45,50,53,54,,,,,,,,,,,,,,,,,,,,,,,,,,,,
83,12,12,"7,11,,29,31,33,38,39,45,52,53,54,55,,,,,,,,,,,,,,,,,,,,,,,,,,,,,,,,,","7,11,,29,31,33,38,39,45,52,53,54,55,,,,,,,,,,,,,,,,,,,,,,,,,,,,,,,,,",7,11,,29,31,33,38,39,45,52,53,54,55,,,,,,,,,,,,,,,,,,,,,,,,,,,,
9,11,11,"3,8,11,17,18,19,20,24,,29,,43,50,,,,,,,,,,,,,,,,,,,,,,,,,,,,,,,,,","3,8,11,17,18,19,20,24,,29,,43,50,,,,,,,,,,,,,,,,,,,,,,,,,,,,,,,,,",3,8,11,17,18,19,20,24,,29,,43,50,,,,,,,,,,,,,,,,,,,,,,,,,,,,
101,11,11,"12,17,20,27,30,33,46,47,50,52,55,,,,,,,,,,,,,,,,,,,,,,,,,,,,,,,,,,,","12,17,20,27,30,33,46,47,50,52,55,,,,,,,,,,,,,,,,,,,,,,,,,,,,,,,,,,,",12,17,20,27,30,33,46,47,50,52,55,,,,,,,,,,,,,,,,,,,,,,,,,,,,,,
43,10,10,"4,6,7,12,15,24,,,45,50,53,54,,,,,,,,,,,,,,,,,,,,,,,,,,,,,,,,,,","4,6,7,12,15,24,,,45,50,53,54,,,,,,,,,,,,,,,,,,,,,,,,,,,,,,,,,,",4,6,7,12,15,24,,,45,50,53,54,,,,,,,,,,,,,,,,,,,,,,,,,,,,,
58,10,10,"6,24,25,,31,,38,47,49,50,53,54,,,,,,,,,,,,,,,,,,,,,,,,,,,,,,,,,,","6,24,25,,31,,38,47,49,50,53,54,,,,,,,,,,,,,,,,,,,,,,,,,,,,,,,,,,",6,24,25,,31,,38,47,49,50,53,54,,,,,,,,,,,,,,,,,,,,,,,,,,,,,
63,10,10,"6,14,19,20,,30,33,41,47,50,52,,,,,,,,,,,,,,,,,,,,,,,,,,,,,,,,,,,","6,14,19,20,,30,33,41,47,50,52,,,,,,,,,,,,,,,,,,,,,,,,,,,,,,,,,,,",6,14,19,20,,30,33,41,47,50,52,,,,,,,,,,,,,,,,,,,,,,,,,,,,,,
70,10,10,"7,15,24,,,33,36,38,40,41,50,53,,,,,,,,,,,,,,,,,,,,,,,,,,,,,,,,,,","7,15,24,,,33,36,38,40,41,50,53,,,,,,,,,,,,,,,,,,,,,,,,,,,,,,,,,,",7,15,24,,,33,36,38,40,41,50,53,,,,,,,,,,,,,,,,,,,,,,,,,,,,,
126,10,10,"15,19,24,29,38,41,47,49,52,54,,,,,,,,,,,,,,,,,,,,,,,,,,,,,,,,,,,,","15,19,24,29,38,41,47,49,52,54,,,,,,,,,,,,,,,,,,,,,,,,,,,,,,,,,,,,",15,19,24,29,38,41,47,49,52,54,,,,,,,,,,,,,,,,,,,,,,,,,,,,,,,
137,10,10,"17,18,20,24,,34,42,45,53,54,55,,,,,,,,,,,,,,,,,,,,,,,,,,,,,,,,,,,","17,18,20,24,,34,42,45,53,54,55,,,,,,,,,,,,,,,,,,,,,,,,,,,,,,,,,,,",17,18,20,24,,34,42,45,53,54,55,,,,,,,,,,,,,,,,,,,,,,,,,,,,,,
26,8,8,"3,15,24,26,29,38,41,,54,,,,,,,,,,,,,,,,,,,,,,,,,,,,,,,,,,,,,","3,15,24,26,29,38,41,,54,,,,,,,,,,,,,,,,,,,,,,,,,,,,,,,,,,,,,",3,15,24,26,29,38,41,,54,,,,,,,,,,,,,,,,,,,,,,,,,,,,,,,,
31,9,9,"3,6,12,15,17,19,26,,38,54,,,,,,,,,,,,,,,,,,,,,,,,,,,,,,,,,,,,","3,6,12,15,17,19,26,,38,54,,,,,,,,,,,,,,,,,,,,,,,,,,,,,,,,,,,,",3,6,12,15,17,19,26,,38,54,,,,,,,,,,,,,,,,,,,,,,,,,,,,,,,
25,9,9,"3,15,19,25,,29,30,35,50,55,,,,,,,,,,,,,,,,,,,,,,,,,,,,,,,,,,,,","3,15,19,25,,29,30,35,50,55,,,,,,,,,,,,,,,,,,,,,,,,,,,,,,,,,,,,",3,15,19,25,,29,30,35,50,55,,,,,,,,,,,,,,,,,,,,,,,,,,,,,,,
95,9,9,"9,11,18,,30,33,40,41,46,48,,,,,,,,,,,,,,,,,,,,,,,,,,,,,,,,,,,,","9,11,18,,30,33,40,41,46,48,,,,,,,,,,,,,,,,,,,,,,,,,,,,,,,,,,,,",9,11,18,,30,33,40,41,46,48,,,,,,,,,,,,,,,,,,,,,,,,,,,,,,,
103,9,9,"12,15,19,24,29,33,49,50,54,,,,,,,,,,,,,,,,,,,,,,,,,,,,,,,,,,,,,","12,15,19,24,29,33,49,50,54,,,,,,,,,,,,,,,,,,,,,,,,,,,,,,,,,,,,,",12,15,19,24,29,33,49,50,54,,,,,,,,,,,,,,,,,,,,,,,,,,,,,,,,
12,8,8,"3,17,25,27,,31,,35,45,52,,,,,,,,,,,,,,,,,,,,,,,,,,,,,,,,,,,,","3,17,25,27,,31,,35,45,52,,,,,,,,,,,,,,,,,,,,,,,,,,,,,,,,,,,,",3,17,25,27,,31,,35,45,52,,,,,,,,,,,,,,,,,,,,,,,,,,,,,,,
22,8,8,"3,11,15,19,24,,33,45,52,,,,,,,,,,,,,,,,,,,,,,,,,,,,,,,,,,,,,","3,11,15,19,24,,33,45,52,,,,,,,,,,,,,,,,,,,,,,,,,,,,,,,,,,,,,",3,11,15,19,24,,33,45,52,,,,,,,,,,,,,,,,,,,,,,,,,,,,,,,,
32,8,8,"4,16,20,26,,30,,33,42,53,,,,,,,,,,,,,,,,,,,,,,,,,,,,,,,,,,,,","4,16,20,26,,30,,33,42,53,,,,,,,,,,,,,,,,,,,,,,,,,,,,,,,,,,,,",4,16,20,26,,30,,33,42,53,,,,,,,,,,,,,,,,,,,,,,,,,,,,,,,
45,7,7,"4,7,27,,29,41,50,,53,,,,,,,,,,,,,,,,,,,,,,,,,,,,,,,,,,,,,","4,7,27,,29,41,50,,53,,,,,,,,,,,,,,,,,,,,,,,,,,,,,,,,,,,,,",4,7,27,,29,41,50,,53,,,,,,,,,,,,,,,,,,,,,,,,,,,,,,,,
48,8,8,"4,12,14,24,26,,30,35,38,,,,,,,,,,,,,,,,,,,,,,,,,,,,,,,,,,,,,","4,12,14,24,26,,30,35,38,,,,,,,,,,,,,,,,,,,,,,,,,,,,,,,,,,,,,",4,12,14,24,26,,30,35,38,,,,,,,,,,,,,,,,,,,,,,,,,,,,,,,,
60,8,8,"6,18,24,33,40,46,50,54,,,,,,,,,,,,,,,,,,,,,,,,,,,,,,,,,,,,,,","6,18,24,33,40,46,50,54,,,,,,,,,,,,,,,,,,,,,,,,,,,,,,,,,,,,,,",6,18,24,33,40,46,50,54,,,,,,,,,,,,,,,,,,,,,,,,,,,,,,,,,
86,7,7,"7,11,,33,39,40,46,,54,,,,,,,,,,,,,,,,,,,,,,,,,,,,,,,,,,,,,","7,11,,33,39,40,46,,54,,,,,,,,,,,,,,,,,,,,,,,,,,,,,,,,,,,,,",7,11,,33,39,40,46,,54,,,,,,,,,,,,,,,,,,,,,,,,,,,,,,,,
123,8,8,"15,17,24,,38,46,49,52,54,,,,,,,,,,,,,,,,,,,,,,,,,,,,,,,,,,,,,","15,17,24,,38,46,49,52,54,,,,,,,,,,,,,,,,,,,,,,,,,,,,,,,,,,,,,",15,17,24,,38,46,49,52,54,,,,,,,,,,,,,,,,,,,,,,,,,,,,,,,,
81,7,7,"7,24,,33,35,41,53,54,,,,,,,,,,,,,,,,,,,,,,,,,,,,,,,,,,,,,,","7,24,,33,35,41,53,54,,,,,,,,,,,,,,,,,,,,,,,,,,,,,,,,,,,,,,",7,24,,33,35,41,53,54,,,,,,,,,,,,,,,,,,,,,,,,,,,,,,,,,
84,7,7,"7,27,33,40,41,45,52,,,,,,,,,,,,,,,,,,,,,,,,,,,,,,,,,,,,,,,","7,27,33,40,41,45,52,,,,,,,,,,,,,,,,,,,,,,,,,,,,,,,,,,,,,,,",7,27,33,40,41,45,52,,,,,,,,,,,,,,,,,,,,,,,,,,,,,,,,,,
100,7,7,"12,17,24,29,43,52,54,,,,,,,,,,,,,,,,,,,,,,,,,,,,,,,,,,,,,,,","12,17,24,29,43,52,54,,,,,,,,,,,,,,,,,,,,,,,,,,,,,,,,,,,,,,,",12,17,24,29,43,52,54,,,,,,,,,,,,,,,,,,,,,,,,,,,,,,,,,,
115,7,7,"15,16,20,24,27,,45,53,,,,,,,,,,,,,,,,,,,,,,,,,,,,,,,,,,,,,,","15,16,20,24,27,,45,53,,,,,,,,,,,,,,,,,,,,,,,,,,,,,,,,,,,,,,",15,16,20,24,27,,45,53,,,,,,,,,,,,,,,,,,,,,,,,,,,,,,,,,
162,7,7,"24,,29,33,36,40,52,53,,,,,,,,,,,,,,,,,,,,,,,,,,,,,,,,,,,,,,","24,,29,33,36,40,52,53,,,,,,,,,,,,,,,,,,,,,,,,,,,,,,,,,,,,,,",24,,29,33,36,40,52,53,,,,,,,,,,,,,,,,,,,,,,,,,,,,,,,,,
10,6,6,"3,8,,29,,43,46,50,,,,,,,,,,,,,,,,,,,,,,,,,,,,,,,,,,,,,,","3,8,,29,,43,46,50,,,,,,,,,,,,,,,,,,,,,,,,,,,,,,,,,,,,,,",3,8,,29,,43,46,50,,,,,,,,,,,,,,,,,,,,,,,,,,,,,,,,,
29,6,6,"3,15,19,29,31,52,,,,,,,,,,,,,,,,,,,,,,,,,,,,,,,,,,,,,,,,","3,15,19,29,31,52,,,,,,,,,,,,,,,,,,,,,,,,,,,,,,,,,,,,,,,,",3,15,19,29,31,52,,,,,,,,,,,,,,,,,,,,,,,,,,,,,,,,,,,
54,6,6,"5,7,20,24,,40,52,,,,,,,,,,,,,,,,,,,,,,,,,,,,,,,,,,,,,,,","5,7,20,24,,40,52,,,,,,,,,,,,,,,,,,,,,,,,,,,,,,,,,,,,,,,",5,7,20,24,,40,52,,,,,,,,,,,,,,,,,,,,,,,,,,,,,,,,,,
59,6,6,"6,26,29,47,50,54,,,,,,,,,,,,,,,,,,,,,,,,,,,,,,,,,,,,,,,,","6,26,29,47,50,54,,,,,,,,,,,,,,,,,,,,,,,,,,,,,,,,,,,,,,,,",6,26,29,47,50,54,,,,,,,,,,,,,,,,,,,,,,,,,,,,,,,,,,,
68,6,6,"6,16,24,33,36,50,,,,,,,,,,,,,,,,,,,,,,,,,,,,,,,,,,,,,,,,","6,16,24,33,36,50,,,,,,,,,,,,,,,,,,,,,,,,,,,,,,,,,,,,,,,,",6,16,24,33,36,50,,,,,,,,,,,,,,,,,,,,,,,,,,,,,,,,,,,
69,6,6,"7,10,16,24,,,46,50,,,,,,,,,,,,,,,,,,,,,,,,,,,,,,,,,,,,,,","7,10,16,24,,,46,50,,,,,,,,,,,,,,,,,,,,,,,,,,,,,,,,,,,,,,",7,10,16,24,,,46,50,,,,,,,,,,,,,,,,,,,,,,,,,,,,,,,,,
79,6,6,"7,26,31,,33,38,54,,,,,,,,,,,,,,,,,,,,,,,,,,,,,,,,,,,,,,,","7,26,31,,33,38,54,,,,,,,,,,,,,,,,,,,,,,,,,,,,,,,,,,,,,,,",7,26,31,,33,38,54,,,,,,,,,,,,,,,,,,,,,,,,,,,,,,,,,,
82,5,5,"7,,40,41,50,,52,,,,,,,,,,,,,,,,,,,,,,,,,,,,,,,,,,,,,,,","7,,40,41,50,,52,,,,,,,,,,,,,,,,,,,,,,,,,,,,,,,,,,,,,,,",7,,40,41,50,,52,,,,,,,,,,,,,,,,,,,,,,,,,,,,,,,,,,
97,6,6,"11,16,19,24,30,43,,,,,,,,,,,,,,,,,,,,,,,,,,,,,,,,,,,,,,,,","11,16,19,24,30,43,,,,,,,,,,,,,,,,,,,,,,,,,,,,,,,,,,,,,,,,",11,16,19,24,30,43,,,,,,,,,,,,,,,,,,,,,,,,,,,,,,,,,,,
118,5,5,"15,19,24,43,,54,,,,,,,,,,,,,,,,,,,,,,,,,,,,,,,,,,,,,,,,","15,19,24,43,,54,,,,,,,,,,,,,,,,,,,,,,,,,,,,,,,,,,,,,,,,",15,19,24,43,,54,,,,,,,,,,,,,,,,,,,,,,,,,,,,,,,,,,,
152,6,6,"24,,,34,43,48,50,53,,,,,,,,,,,,,,,,,,,,,,,,,,,,,,,,,,,,,,","24,,,34,43,48,50,53,,,,,,,,,,,,,,,,,,,,,,,,,,,,,,,,,,,,,,",24,,,34,43,48,50,53,,,,,,,,,,,,,,,,,,,,,,,,,,,,,,,,,
17,5,5,"3,15,17,38,54,,,,,,,,,,,,,,,,,,,,,,,,,,,,,,,,,,,,,,,,,","3,15,17,38,54,,,,,,,,,,,,,,,,,,,,,,,,,,,,,,,,,,,,,,,,,",3,15,17,38,54,,,,,,,,,,,,,,,,,,,,,,,,,,,,,,,,,,,,
71,5,5,",7,24,,36,48,55,,,,,,,,,,,,,,,,,,,,,,,,,,,,,,,,,,,,,,,",",7,24,,36,48,55,,,,,,,,,,,,,,,,,,,,,,,,,,,,,,,,,,,,,,,",,7,24,,36,48,55,,,,,,,,,,,,,,,,,,,,,,,,,,,,,,,,,,
78,5,5,"7,15,38,52,53,,,,,,,,,,,,,,,,,,,,,,,,,,,,,,,,,,,,,,,,,","7,15,38,52,53,,,,,,,,,,,,,,,,,,,,,,,,,,,,,,,,,,,,,,,,,",7,15,38,52,53,,,,,,,,,,,,,,,,,,,,,,,,,,,,,,,,,,,,
98,5,5,"11,12,,38,50,55,,,,,,,,,,,,,,,,,,,,,,,,,,,,,,,,,,,,,,,,","11,12,,38,50,55,,,,,,,,,,,,,,,,,,,,,,,,,,,,,,,,,,,,,,,,",11,12,,38,50,55,,,,,,,,,,,,,,,,,,,,,,,,,,,,,,,,,,,
117,5,5,"15,43,44,49,52,,,,,,,,,,,,,,,,,,,,,,,,,,,,,,,,,,,,,,,,,","15,43,44,49,52,,,,,,,,,,,,,,,,,,,,,,,,,,,,,,,,,,,,,,,,,",15,43,44,49,52,,,,,,,,,,,,,,,,,,,,,,,,,,,,,,,,,,,,
139,5,5,"18,24,,30,,41,52,,,,,,,,,,,,,,,,,,,,,,,,,,,,,,,,,,,,,,,","18,24,,30,,41,52,,,,,,,,,,,,,,,,,,,,,,,,,,,,,,,,,,,,,,,",18,24,,30,,41,52,,,,,,,,,,,,,,,,,,,,,,,,,,,,,,,,,,
144,5,5,"19,23,27,30,52,,,,,,,,,,,,,,,,,,,,,,,,,,,,,,,,,,,,,,,,,","19,23,27,30,52,,,,,,,,,,,,,,,,,,,,,,,,,,,,,,,,,,,,,,,,,",19,23,27,30,52,,,,,,,,,,,,,,,,,,,,,,,,,,,,,,,,,,,,
145,4,4,"20,,30,,42,,53,,,,,,,,,,,,,,,,,,,,,,,,,,,,,,,,,,,,,,,","20,,30,,42,,53,,,,,,,,,,,,,,,,,,,,,,,,,,,,,,,,,,,,,,,",20,,30,,42,,53,,,,,,,,,,,,,,,,,,,,,,,,,,,,,,,,,,
155,5,5,"24,,30,,35,36,50,,,,,,,,,,,,,,,,,,,,,,,,,,,,,,,,,,,,,,,","24,,30,,35,36,50,,,,,,,,,,,,,,,,,,,,,,,,,,,,,,,,,,,,,,,",24,,30,,35,36,50,,,,,,,,,,,,,,,,,,,,,,,,,,,,,,,,,,
164,5,5,"24,30,33,50,55,,,,,,,,,,,,,,,,,,,,,,,,,,,,,,,,,,,,,,,,,","24,30,33,50,55,,,,,,,,,,,,,,,,,,,,,,,,,,,,,,,,,,,,,,,,,",24,30,33,50,55,,,,,,,,,,,,,,,,,,,,,,,,,,,,,,,,,,,,
173,5,5,"27,30,33,50,52,,,,,,,,,,,,,,,,,,,,,,,,,,,,,,,,,,,,,,,,,","27,30,33,50,52,,,,,,,,,,,,,,,,,,,,,,,,,,,,,,,,,,,,,,,,,",27,30,33,50,52,,,,,,,,,,,,,,,,,,,,,,,,,,,,,,,,,,,,
15,4,4,"3,12,24,,42,,,,,,,,,,,,,,,,,,,,,,,,,,,,,,,,,,,,,,,,,","3,12,24,,42,,,,,,,,,,,,,,,,,,,,,,,,,,,,,,,,,,,,,,,,,",3,12,24,,42,,,,,,,,,,,,,,,,,,,,,,,,,,,,,,,,,,,,
38,4,4,"4,8,24,,29,,,,,,,,,,,,,,,,,,,,,,,,,,,,,,,,,,,,,,,,,","4,8,24,,29,,,,,,,,,,,,,,,,,,,,,,,,,,,,,,,,,,,,,,,,,",4,8,24,,29,,,,,,,,,,,,,,,,,,,,,,,,,,,,,,,,,,,,
46,4,4,"4,24,36,41,,,,,,,,,,,,,,,,,,,,,,,,,,,,,,,,,,,,,,,,,,","4,24,36,41,,,,,,,,,,,,,,,,,,,,,,,,,,,,,,,,,,,,,,,,,,",4,24,36,41,,,,,,,,,,,,,,,,,,,,,,,,,,,,,,,,,,,,,
64,4,4,"6,19,24,,47,,,,,,,,,,,,,,,,,,,,,,,,,,,,,,,,,,,,,,,,,","6,19,24,,47,,,,,,,,,,,,,,,,,,,,,,,,,,,,,,,,,,,,,,,,,",6,19,24,,47,,,,,,,,,,,,,,,,,,,,,,,,,,,,,,,,,,,,
65,4,4,"6,24,40,53,,,,,,,,,,,,,,,,,,,,,,,,,,,,,,,,,,,,,,,,,,","6,24,40,53,,,,,,,,,,,,,,,,,,,,,,,,,,,,,,,,,,,,,,,,,,",6,24,40,53,,,,,,,,,,,,,,,,,,,,,,,,,,,,,,,,,,,,,
72,3,3,",7,,,35,,54,,,,,,,,,,,,,,,,,,,,,,,,,,,,,,,,,,,,,,,",",7,,,35,,54,,,,,,,,,,,,,,,,,,,,,,,,,,,,,,,,,,,,,,,",,7,,,35,,54,,,,,,,,,,,,,,,,,,,,,,,,,,,,,,,,,,
96,4,4,"9,16,36,48,,,,,,,,,,,,,,,,,,,,,,,,,,,,,,,,,,,,,,,,,,","9,16,36,48,,,,,,,,,,,,,,,,,,,,,,,,,,,,,,,,,,,,,,,,,,",9,16,36,48,,,,,,,,,,,,,,,,,,,,,,,,,,,,,,,,,,,,,
119,4,4,"15,18,,31,,43,,,,,,,,,,,,,,,,,,,,,,,,,,,,,,,,,,,,,,,,","15,18,,31,,43,,,,,,,,,,,,,,,,,,,,,,,,,,,,,,,,,,,,,,,,",15,18,,31,,43,,,,,,,,,,,,,,,,,,,,,,,,,,,,,,,,,,,
124,4,4,"15,19,,41,52,,,,,,,,,,,,,,,,,,,,,,,,,,,,,,,,,,,,,,,,,","15,19,,41,52,,,,,,,,,,,,,,,,,,,,,,,,,,,,,,,,,,,,,,,,,",15,19,,41,52,,,,,,,,,,,,,,,,,,,,,,,,,,,,,,,,,,,,
125,4,4,"15,,29,38,54,,,,,,,,,,,,,,,,,,,,,,,,,,,,,,,,,,,,,,,,,","15,,29,38,54,,,,,,,,,,,,,,,,,,,,,,,,,,,,,,,,,,,,,,,,,",15,,29,38,54,,,,,,,,,,,,,,,,,,,,,,,,,,,,,,,,,,,,
140,4,4,"18,,,33,43,50,,,,,,,,,,,,,,,,,,,,,,,,,,,,,,,,,,,,,,,,","18,,,33,43,50,,,,,,,,,,,,,,,,,,,,,,,,,,,,,,,,,,,,,,,,",18,,,33,43,50,,,,,,,,,,,,,,,,,,,,,,,,,,,,,,,,,,,
143,4,4,"19,20,,30,47,,,,,,,,,,,,,,,,,,,,,,,,,,,,,,,,,,,,,,,,,","19,20,,30,47,,,,,,,,,,,,,,,,,,,,,,,,,,,,,,,,,,,,,,,,,",19,20,,30,47,,,,,,,,,,,,,,,,,,,,,,,,,,,,,,,,,,,,
172,4,4,"27,45,47,52,,,,,,,,,,,,,,,,,,,,,,,,,,,,,,,,,,,,,,,,,,","27,45,47,52,,,,,,,,,,,,,,,,,,,,,,,,,,,,,,,,,,,,,,,,,,",27,45,47,52,,,,,,,,,,,,,,,,,,,,,,,,,,,,,,,,,,,,,
61,3,3,"6,7,48,,,,,,,,,,,,,,,,,,,,,,,,,,,,,,,,,,,,,,,,,,,","6,7,48,,,,,,,,,,,,,,,,,,,,,,,,,,,,,,,,,,,,,,,,,,,",6,7,48,,,,,,,,,,,,,,,,,,,,,,,,,,,,,,,,,,,,,,
74,3,3,"7,,33,36,,,,,,,,,,,,,,,,,,,,,,,,,,,,,,,,,,,,,,,,,,","7,,33,36,,,,,,,,,,,,,,,,,,,,,,,,,,,,,,,,,,,,,,,,,,",7,,33,36,,,,,,,,,,,,,,,,,,,,,,,,,,,,,,,,,,,,,
76,3,3,"7,,29,46,,,,,,,,,,,,,,,,,,,,,,,,,,,,,,,,,,,,,,,,,,","7,,29,46,,,,,,,,,,,,,,,,,,,,,,,,,,,,,,,,,,,,,,,,,,",7,,29,46,,,,,,,,,,,,,,,,,,,,,,,,,,,,,,,,,,,,,
91,3,3,"8,45,52,,,,,,,,,,,,,,,,,,,,,,,,,,,,,,,,,,,,,,,,,,,","8,45,52,,,,,,,,,,,,,,,,,,,,,,,,,,,,,,,,,,,,,,,,,,,",8,45,52,,,,,,,,,,,,,,,,,,,,,,,,,,,,,,,,,,,,,,
99,3,3,"11,15,,52,,,,,,,,,,,,,,,,,,,,,,,,,,,,,,,,,,,,,,,,,,","11,15,,52,,,,,,,,,,,,,,,,,,,,,,,,,,,,,,,,,,,,,,,,,,",11,15,,52,,,,,,,,,,,,,,,,,,,,,,,,,,,,,,,,,,,,,
113,3,3,"15,24,,,50,,,,,,,,,,,,,,,,,,,,,,,,,,,,,,,,,,,,,,,,,","15,24,,,50,,,,,,,,,,,,,,,,,,,,,,,,,,,,,,,,,,,,,,,,,",15,24,,,50,,,,,,,,,,,,,,,,,,,,,,,,,,,,,,,,,,,,
122,3,3,"15,39,46,,,,,,,,,,,,,,,,,,,,,,,,,,,,,,,,,,,,,,,,,,,","15,39,46,,,,,,,,,,,,,,,,,,,,,,,,,,,,,,,,,,,,,,,,,,,",15,39,46,,,,,,,,,,,,,,,,,,,,,,,,,,,,,,,,,,,,,,
134,3,3,",16,31,40,,,,,,,,,,,,,,,,,,,,,,,,,,,,,,,,,,,,,,,,,,",",16,31,40,,,,,,,,,,,,,,,,,,,,,,,,,,,,,,,,,,,,,,,,,,",,16,31,40,,,,,,,,,,,,,,,,,,,,,,,,,,,,,,,,,,,,,
136,3,3,"16,20,46,,,,,,,,,,,,,,,,,,,,,,,,,,,,,,,,,,,,,,,,,,,","16,20,46,,,,,,,,,,,,,,,,,,,,,,,,,,,,,,,,,,,,,,,,,,,",16,20,46,,,,,,,,,,,,,,,,,,,,,,,,,,,,,,,,,,,,,,
146,3,3,"20,,,52,53,,,,,,,,,,,,,,,,,,,,,,,,,,,,,,,,,,,,,,,,,","20,,,52,53,,,,,,,,,,,,,,,,,,,,,,,,,,,,,,,,,,,,,,,,,",20,,,52,53,,,,,,,,,,,,,,,,,,,,,,,,,,,,,,,,,,,,
151,3,3,"24,,,36,54,,,,,,,,,,,,,,,,,,,,,,,,,,,,,,,,,,,,,,,,,","24,,,36,54,,,,,,,,,,,,,,,,,,,,,,,,,,,,,,,,,,,,,,,,,",24,,,36,54,,,,,,,,,,,,,,,,,,,,,,,,,,,,,,,,,,,,
154,3,3,"24,,,34,50,,,,,,,,,,,,,,,,,,,,,,,,,,,,,,,,,,,,,,,,,","24,,,34,50,,,,,,,,,,,,,,,,,,,,,,,,,,,,,,,,,,,,,,,,,",24,,,34,50,,,,,,,,,,,,,,,,,,,,,,,,,,,,,,,,,,,,
544,3,3,",31,46,50,,,,,,,,,,,,,,,,,,,,,,,,,,,,,,,,,,,,,,,,,,",",31,46,50,,,,,,,,,,,,,,,,,,,,,,,,,,,,,,,,,,,,,,,,,,",,31,46,50,,,,,,,,,,,,,,,,,,,,,,,,,,,,,,,,,,,,,
598,2,2,",40,47,,,,,,,,,,,,,,,,,,,,,,,,,,,,,,,,,,,,,,,,,,,",",40,47,,,,,,,,,,,,,,,,,,,,,,,,,,,,,,,,,,,,,,,,,,,",,40,47,,,,,,,,,,,,,,,,,,,,,,,,,,,,,,,,,,,,,,
682,3,3,"33,36,40,,,,,,,,,,,,,,,,,,,,,,,,,,,,,,,,,,,,,,,,,,,","33,36,40,,,,,,,,,,,,,,,,,,,,,,,,,,,,,,,,,,,,,,,,,,,",33,36,40,,,,,,,,,,,,,,,,,,,,,,,,,,,,,,,,,,,,,,
683,3,3,"33,40,53,,,,,,,,,,,,,,,,,,,,,,,,,,,,,,,,,,,,,,,,,,,","33,40,53,,,,,,,,,,,,,,,,,,,,,,,,,,,,,,,,,,,,,,,,,,,",33,40,53,,,,,,,,,,,,,,,,,,,,,,,,,,,,,,,,,,,,,,
8,2,2,"3,24,,,,,,,,,,,,,,,,,,,,,,,,,,,,,,,,,,,,,,,,,,,,","3,24,,,,,,,,,,,,,,,,,,,,,,,,,,,,,,,,,,,,,,,,,,,,",3,24,,,,,,,,,,,,,,,,,,,,,,,,,,,,,,,,,,,,,,,
34,2,2,"4,,,43,,,,,,,,,,,,,,,,,,,,,,,,,,,,,,,,,,,,,,,,,,","4,,,43,,,,,,,,,,,,,,,,,,,,,,,,,,,,,,,,,,,,,,,,,,",4,,,43,,,,,,,,,,,,,,,,,,,,,,,,,,,,,,,,,,,,,
47,2,2,"4,,33,,,,,,,,,,,,,,,,,,,,,,,,,,,,,,,,,,,,,,,,,,,","4,,33,,,,,,,,,,,,,,,,,,,,,,,,,,,,,,,,,,,,,,,,,,,",4,,33,,,,,,,,,,,,,,,,,,,,,,,,,,,,,,,,,,,,,,
75,2,2,"7,,33,,,,,,,,,,,,,,,,,,,,,,,,,,,,,,,,,,,,,,,,,,,","7,,33,,,,,,,,,,,,,,,,,,,,,,,,,,,,,,,,,,,,,,,,,,,",7,,33,,,,,,,,,,,,,,,,,,,,,,,,,,,,,,,,,,,,,,
85,2,2,"7,24,,,,,,,,,,,,,,,,,,,,,,,,,,,,,,,,,,,,,,,,,,,,","7,24,,,,,,,,,,,,,,,,,,,,,,,,,,,,,,,,,,,,,,,,,,,,",7,24,,,,,,,,,,,,,,,,,,,,,,,,,,,,,,,,,,,,,,,
93,2,2,"9,24,,,,,,,,,,,,,,,,,,,,,,,,,,,,,,,,,,,,,,,,,,,,","9,24,,,,,,,,,,,,,,,,,,,,,,,,,,,,,,,,,,,,,,,,,,,,",9,24,,,,,,,,,,,,,,,,,,,,,,,,,,,,,,,,,,,,,,,
102,2,2,"12,,33,,,,,,,,,,,,,,,,,,,,,,,,,,,,,,,,,,,,,,,,,,,","12,,33,,,,,,,,,,,,,,,,,,,,,,,,,,,,,,,,,,,,,,,,,,,",12,,33,,,,,,,,,,,,,,,,,,,,,,,,,,,,,,,,,,,,,,
10,2,2,"14,15,,,,,,,,,,,,,,,,,,,,,,,,,,,,,,,,,,,,,,,,,,,,","14,15,,,,,,,,,,,,,,,,,,,,,,,,,,,,,,,,,,,,,,,,,,,,",14,15,,,,,,,,,,,,,,,,,,,,,,,,,,,,,,,,,,,,,,,
112,2,2,"14,15,,,,,,,,,,,,,,,,,,,,,,,,,,,,,,,,,,,,,,,,,,,,","14,15,,,,,,,,,,,,,,,,,,,,,,,,,,,,,,,,,,,,,,,,,,,,",14,15,,,,,,,,,,,,,,,,,,,,,,,,,,,,,,,,,,,,,,,
114,2,2,"15,,52,,,,,,,,,,,,,,,,,,,,,,,,,,,,,,,,,,,,,,,,,,,","15,,52,,,,,,,,,,,,,,,,,,,,,,,,,,,,,,,,,,,,,,,,,,,",15,,52,,,,,,,,,,,,,,,,,,,,,,,,,,,,,,,,,,,,,,
120,2,2,"15,52,,,,,,,,,,,,,,,,,,,,,,,,,,,,,,,,,,,,,,,,,,,,","15,52,,,,,,,,,,,,,,,,,,,,,,,,,,,,,,,,,,,,,,,,,,,,",15,52,,,,,,,,,,,,,,,,,,,,,,,,,,,,,,,,,,,,,,,
121,2,2,"15,24,,,,,,,,,,,,,,,,,,,,,,,,,,,,,,,,,,,,,,,,,,,,","15,24,,,,,,,,,,,,,,,,,,,,,,,,,,,,,,,,,,,,,,,,,,,,",15,24,,,,,,,,,,,,,,,,,,,,,,,,,,,,,,,,,,,,,,,
128,2,2,"16,,,54,,,,,,,,,,,,,,,,,,,,,,,,,,,,,,,,,,,,,,,,,,","16,,,54,,,,,,,,,,,,,,,,,,,,,,,,,,,,,,,,,,,,,,,,,,",16,,,54,,,,,,,,,,,,,,,,,,,,,,,,,,,,,,,,,,,,,
129,2,2,"16,33,,,,,,,,,,,,,,,,,,,,,,,,,,,,,,,,,,,,,,,,,,,,","16,33,,,,,,,,,,,,,,,,,,,,,,,,,,,,,,,,,,,,,,,,,,,,",16,33,,,,,,,,,,,,,,,,,,,,,,,,,,,,,,,,,,,,,,,
130,2,2,"16,36,,,,,,,,,,,,,,,,,,,,,,,,,,,,,,,,,,,,,,,,,,,,","16,36,,,,,,,,,,,,,,,,,,,,,,,,,,,,,,,,,,,,,,,,,,,,",16,36,,,,,,,,,,,,,,,,,,,,,,,,,,,,,,,,,,,,,,,
132,1,1,"16,,,,,,,,,,,,,,,,,,,,,,,,,,,,,,,,,,,,,,,,,,,,,","16,,,,,,,,,,,,,,,,,,,,,,,,,,,,,,,,,,,,,,,,,,,,,",16,,,,,,,,,,,,,,,,,,,,,,,,,,,,,,,,,,,,,,,,
141,2,2,"18,,41,,,,,,,,,,,,,,,,,,,,,,,,,,,,,,,,,,,,,,,,,,,","18,,41,,,,,,,,,,,,,,,,,,,,,,,,,,,,,,,,,,,,,,,,,,,",18,,41,,,,,,,,,,,,,,,,,,,,,,,,,,,,,,,,,,,,,,
153,2,2,"24,,,52,,,,,,,,,,,,,,,,,,,,,,,,,,,,,,,,,,,,,,,,,,","24,,,52,,,,,,,,,,,,,,,,,,,,,,,,,,,,,,,,,,,,,,,,,,",24,,,52,,,,,,,,,,,,,,,,,,,,,,,,,,,,,,,,,,,,,
156,2,2,"24,,50,,,,,,,,,,,,,,,,,,,,,,,,,,,,,,,,,,,,,,,,,,,","24,,50,,,,,,,,,,,,,,,,,,,,,,,,,,,,,,,,,,,,,,,,,,,",24,,50,,,,,,,,,,,,,,,,,,,,,,,,,,,,,,,,,,,,,,
158,2,2,"24,,50,,,,,,,,,,,,,,,,,,,,,,,,,,,,,,,,,,,,,,,,,,,","24,,50,,,,,,,,,,,,,,,,,,,,,,,,,,,,,,,,,,,,,,,,,,,",24,,50,,,,,,,,,,,,,,,,,,,,,,,,,,,,,,,,,,,,,,
160,2,2,"24,,43,,,,,,,,,,,,,,,,,,,,,,,,,,,,,,,,,,,,,,,,,,,","24,,43,,,,,,,,,,,,,,,,,,,,,,,,,,,,,,,,,,,,,,,,,,,",24,,43,,,,,,,,,,,,,,,,,,,,,,,,,,,,,,,,,,,,,,
165,2,2,"24,54,,,,,,,,,,,,,,,,,,,,,,,,,,,,,,,,,,,,,,,,,,,,","24,54,,,,,,,,,,,,,,,,,,,,,,,,,,,,,,,,,,,,,,,,,,,,",24,54,,,,,,,,,,,,,,,,,,,,,,,,,,,,,,,,,,,,,,,
181,2,2,",,52,54,,,,,,,,,,,,,,,,,,,,,,,,,,,,,,,,,,,,,,,,,,",",,52,54,,,,,,,,,,,,,,,,,,,,,,,,,,,,,,,,,,,,,,,,,,",,,52,54,,,,,,,,,,,,,,,,,,,,,,,,,,,,,,,,,,,,,
199,2,2,",,42,54,,,,,,,,,,,,,,,,,,,,,,,,,,,,,,,,,,,,,,,,,,",",,42,54,,,,,,,,,,,,,,,,,,,,,,,,,,,,,,,,,,,,,,,,,,",,,42,54,,,,,,,,,,,,,,,,,,,,,,,,,,,,,,,,,,,,,
269,1,1,",,33,,,,,,,,,,,,,,,,,,,,,,,,,,,,,,,,,,,,,,,,,,,",",,33,,,,,,,,,,,,,,,,,,,,,,,,,,,,,,,,,,,,,,,,,,,",,,33,,,,,,,,,,,,,,,,,,,,,,,,,,,,,,,,,,,,,,
274,2,2,",,45,54,,,,,,,,,,,,,,,,,,,,,,,,,,,,,,,,,,,,,,,,,,",",,45,54,,,,,,,,,,,,,,,,,,,,,,,,,,,,,,,,,,,,,,,,,,",,,45,54,,,,,,,,,,,,,,,,,,,,,,,,,,,,,,,,,,,,,
283,1,1,",33,,,,,,,,,,,,,,,,,,,,,,,,,,,,,,,,,,,,,,,,,,,,",",33,,,,,,,,,,,,,,,,,,,,,,,,,,,,,,,,,,,,,,,,,,,,",,33,,,,,,,,,,,,,,,,,,,,,,,,,,,,,,,,,,,,,,,
361,2,2,",41,45,,,,,,,,,,,,,,,,,,,,,,,,,,,,,,,,,,,,,,,,,,,",",41,45,,,,,,,,,,,,,,,,,,,,,,,,,,,,,,,,,,,,,,,,,,,",,41,45,,,,,,,,,,,,,,,,,,,,,,,,,,,,,,,,,,,,,,
576,2,2,",,33,54,,,,,,,,,,,,,,,,,,,,,,,,,,,,,,,,,,,,,,,,,,",",,33,54,,,,,,,,,,,,,,,,,,,,,,,,,,,,,,,,,,,,,,,,,,",,,33,54,,,,,,,,,,,,,,,,,,,,,,,,,,,,,,,,,,,,,
688,2,2,"35,46,,,,,,,,,,,,,,,,,,,,,,,,,,,,,,,,,,,,,,,,,,,,","35,46,,,,,,,,,,,,,,,,,,,,,,,,,,,,,,,,,,,,,,,,,,,,",35,46,,,,,,,,,,,,,,,,,,,,,,,,,,,,,,,,,,,,,,,
694,2,2,"45,48,,,,,,,,,,,,,,,,,,,,,,,,,,,,,,,,,,,,,,,,,,,,","45,48,,,,,,,,,,,,,,,,,,,,,,,,,,,,,,,,,,,,,,,,,,,,",45,48,,,,,,,,,,,,,,,,,,,,,,,,,,,,,,,,,,,,,,,
704,2,2,"50,52,,,,,,,,,,,,,,,,,,,,,,,,,,,,,,,,,,,,,,,,,,,,","50,52,,,,,,,,,,,,,,,,,,,,,,,,,,,,,,,,,,,,,,,,,,,,",50,52,,,,,,,,,,,,,,,,,,,,,,,,,,,,,,,,,,,,,,,
16,1,1,"3,,,,,,,,,,,,,,,,,,,,,,,,,,,,,,,,,,,,,,,,,,,,,","3,,,,,,,,,,,,,,,,,,,,,,,,,,,,,,,,,,,,,,,,,,,,,",3,,,,,,,,,,,,,,,,,,,,,,,,,,,,,,,,,,,,,,,,
37,1,1,"4,,,,,,,,,,,,,,,,,,,,,,,,,,,,,,,,,,,,,,,,,,,,,","4,,,,,,,,,,,,,,,,,,,,,,,,,,,,,,,,,,,,,,,,,,,,,",4,,,,,,,,,,,,,,,,,,,,,,,,,,,,,,,,,,,,,,,,
44,1,1,"4,,,,,,,,,,,,,,,,,,,,,,,,,,,,,,,,,,,,,,,,,,,,,","4,,,,,,,,,,,,,,,,,,,,,,,,,,,,,,,,,,,,,,,,,,,,,",4,,,,,,,,,,,,,,,,,,,,,,,,,,,,,,,,,,,,,,,,
53,1,1,"5,,,,,,,,,,,,,,,,,,,,,,,,,,,,,,,,,,,,,,,,,,,,,","5,,,,,,,,,,,,,,,,,,,,,,,,,,,,,,,,,,,,,,,,,,,,,",5,,,,,,,,,,,,,,,,,,,,,,,,,,,,,,,,,,,,,,,,
67,1,1,"6,,,,,,,,,,,,,,,,,,,,,,,,,,,,,,,,,,,,,,,,,,,,,","6,,,,,,,,,,,,,,,,,,,,,,,,,,,,,,,,,,,,,,,,,,,,,",6,,,,,,,,,,,,,,,,,,,,,,,,,,,,,,,,,,,,,,,,
77,1,1,"7,,,,,,,,,,,,,,,,,,,,,,,,,,,,,,,,,,,,,,,,,,,,,","7,,,,,,,,,,,,,,,,,,,,,,,,,,,,,,,,,,,,,,,,,,,,,",7,,,,,,,,,,,,,,,,,,,,,,,,,,,,,,,,,,,,,,,,
87,1,1,"7,,,,,,,,,,,,,,,,,,,,,,,,,,,,,,,,,,,,,,,,,,,,,","7,,,,,,,,,,,,,,,,,,,,,,,,,,,,,,,,,,,,,,,,,,,,,",7,,,,,,,,,,,,,,,,,,,,,,,,,,,,,,,,,,,,,,,,
92,1,1,"9,,,,,,,,,,,,,,,,,,,,,,,,,,,,,,,,,,,,,,,,,,,,,","9,,,,,,,,,,,,,,,,,,,,,,,,,,,,,,,,,,,,,,,,,,,,,",9,,,,,,,,,,,,,,,,,,,,,,,,,,,,,,,,,,,,,,,,
116,1,1,"15,,,,,,,,,,,,,,,,,,,,,,,,,,,,,,,,,,,,,,,,,,,,,","15,,,,,,,,,,,,,,,,,,,,,,,,,,,,,,,,,,,,,,,,,,,,,",15,,,,,,,,,,,,,,,,,,,,,,,,,,,,,,,,,,,,,,,,
127,1,1,"16,,,,,,,,,,,,,,,,,,,,,,,,,,,,,,,,,,,,,,,,,,,,,","16,,,,,,,,,,,,,,,,,,,,,,,,,,,,,,,,,,,,,,,,,,,,,",16,,,,,,,,,,,,,,,,,,,,,,,,,,,,,,,,,,,,,,,,
131,1,1,"16,,,,,,,,,,,,,,,,,,,,,,,,,,,,,,,,,,,,,,,,,,,,,","16,,,,,,,,,,,,,,,,,,,,,,,,,,,,,,,,,,,,,,,,,,,,,",16,,,,,,,,,,,,,,,,,,,,,,,,,,,,,,,,,,,,,,,,
133,1,1,"16,,,,,,,,,,,,,,,,,,,,,,,,,,,,,,,,,,,,,,,,,,,,,","16,,,,,,,,,,,,,,,,,,,,,,,,,,,,,,,,,,,,,,,,,,,,,",16,,,,,,,,,,,,,,,,,,,,,,,,,,,,,,,,,,,,,,,,
135,1,1,"16,,,,,,,,,,,,,,,,,,,,,,,,,,,,,,,,,,,,,,,,,,,,,","16,,,,,,,,,,,,,,,,,,,,,,,,,,,,,,,,,,,,,,,,,,,,,",16,,,,,,,,,,,,,,,,,,,,,,,,,,,,,,,,,,,,,,,,
138,1,1,"18,,,,,,,,,,,,,,,,,,,,,,,,,,,,,,,,,,,,,,,,,,,,,","18,,,,,,,,,,,,,,,,,,,,,,,,,,,,,,,,,,,,,,,,,,,,,",18,,,,,,,,,,,,,,,,,,,,,,,,,,,,,,,,,,,,,,,,
142,1,1,"18,,,,,,,,,,,,,,,,,,,,,,,,,,,,,,,,,,,,,,,,,,,,,","18,,,,,,,,,,,,,,,,,,,,,,,,,,,,,,,,,,,,,,,,,,,,,",18,,,,,,,,,,,,,,,,,,,,,,,,,,,,,,,,,,,,,,,,
147,1,1,"20,,,,,,,,,,,,,,,,,,,,,,,,,,,,,,,,,,,,,,,,,,,,,","20,,,,,,,,,,,,,,,,,,,,,,,,,,,,,,,,,,,,,,,,,,,,,",20,,,,,,,,,,,,,,,,,,,,,,,,,,,,,,,,,,,,,,,,
157,1,1,"24,,,,,,,,,,,,,,,,,,,,,,,,,,,,,,,,,,,,,,,,,,,,,","24,,,,,,,,,,,,,,,,,,,,,,,,,,,,,,,,,,,,,,,,,,,,,",24,,,,,,,,,,,,,,,,,,,,,,,,,,,,,,,,,,,,,,,,
159,1,1,"24,,,,,,,,,,,,,,,,,,,,,,,,,,,,,,,,,,,,,,,,,,,,,","24,,,,,,,,,,,,,,,,,,,,,,,,,,,,,,,,,,,,,,,,,,,,,",24,,,,,,,,,,,,,,,,,,,,,,,,,,,,,,,,,,,,,,,,
161,1,1,"24,,,,,,,,,,,,,,,,,,,,,,,,,,,,,,,,,,,,,,,,,,,,,","24,,,,,,,,,,,,,,,,,,,,,,,,,,,,,,,,,,,,,,,,,,,,,",24,,,,,,,,,,,,,,,,,,,,,,,,,,,,,,,,,,,,,,,,
163,1,1,"24,,,,,,,,,,,,,,,,,,,,,,,,,,,,,,,,,,,,,,,,,,,,,","24,,,,,,,,,,,,,,,,,,,,,,,,,,,,,,,,,,,,,,,,,,,,,",24,,,,,,,,,,,,,,,,,,,,,,,,,,,,,,,,,,,,,,,,
166,1,1,"24,,,,,,,,,,,,,,,,,,,,,,,,,,,,,,,,,,,,,,,,,,,,,","24,,,,,,,,,,,,,,,,,,,,,,,,,,,,,,,,,,,,,,,,,,,,,",24,,,,,,,,,,,,,,,,,,,,,,,,,,,,,,,,,,,,,,,,
167,1,1,"25,,,,,,,,,,,,,,,,,,,,,,,,,,,,,,,,,,,,,,,,,,,,,","25,,,,,,,,,,,,,,,,,,,,,,,,,,,,,,,,,,,,,,,,,,,,,",25,,,,,,,,,,,,,,,,,,,,,,,,,,,,,,,,,,,,,,,,
168,1,1,"25,,,,,,,,,,,,,,,,,,,,,,,,,,,,,,,,,,,,,,,,,,,,,","25,,,,,,,,,,,,,,,,,,,,,,,,,,,,,,,,,,,,,,,,,,,,,",25,,,,,,,,,,,,,,,,,,,,,,,,,,,,,,,,,,,,,,,,
170,1,1,"26,,,,,,,,,,,,,,,,,,,,,,,,,,,,,,,,,,,,,,,,,,,,,","26,,,,,,,,,,,,,,,,,,,,,,,,,,,,,,,,,,,,,,,,,,,,,",26,,,,,,,,,,,,,,,,,,,,,,,,,,,,,,,,,,,,,,,,
175,0,0,",,,,,,,,,,,,,,,,,,,,,,,,,,,,,,,,,,,,,,,,,,,,,",",,,,,,,,,,,,,,,,,,,,,,,,,,,,,,,,,,,,,,,,,,,,,",,,,,,,,,,,,,,,,,,,,,,,,,,,,,,,,,,,,,,,,,
176,0,0,",,,,,,,,,,,,,,,,,,,,,,,,,,,,,,,,,,,,,,,,,,,,,",",,,,,,,,,,,,,,,,,,,,,,,,,,,,,,,,,,,,,,,,,,,,,",,,,,,,,,,,,,,,,,,,,,,,,,,,,,,,,,,,,,,,,,
178,0,0,",,,,,,,,,,,,,,,,,,,,,,,,,,,,,,,,,,,,,,,,,,,,,",",,,,,,,,,,,,,,,,,,,,,,,,,,,,,,,,,,,,,,,,,,,,,",,,,,,,,,,,,,,,,,,,,,,,,,,,,,,,,,,,,,,,,,
179,0,0,",,,,,,,,,,,,,,,,,,,,,,,,,,,,,,,,,,,,,,,,,,,,,",",,,,,,,,,,,,,,,,,,,,,,,,,,,,,,,,,,,,,,,,,,,,,",,,,,,,,,,,,,,,,,,,,,,,,,,,,,,,,,,,,,,,,,
180,0,0,",,,,,,,,,,,,,,,,,,,,,,,,,,,,,,,,,,,,,,,,,,,,,",",,,,,,,,,,,,,,,,,,,,,,,,,,,,,,,,,,,,,,,,,,,,,",,,,,,,,,,,,,,,,,,,,,,,,,,,,,,,,,,,,,,,,,
182,0,0,",,,,,,,,,,,,,,,,,,,,,,,,,,,,,,,,,,,,,,,,,,,,,",",,,,,,,,,,,,,,,,,,,,,,,,,,,,,,,,,,,,,,,,,,,,,",,,,,,,,,,,,,,,,,,,,,,,,,,,,,,,,,,,,,,,,,
184,1,1,",,33,,,,,,,,,,,,,,,,,,,,,,,,,,,,,,,,,,,,,,,,,,,",",,33,,,,,,,,,,,,,,,,,,,,,,,,,,,,,,,,,,,,,,,,,,,",,,33,,,,,,,,,,,,,,,,,,,,,,,,,,,,,,,,,,,,,,
185,0,0,",,,,,,,,,,,,,,,,,,,,,,,,,,,,,,,,,,,,,,,,,,,,,",",,,,,,,,,,,,,,,,,,,,,,,,,,,,,,,,,,,,,,,,,,,,,",,,,,,,,,,,,,,,,,,,,,,,,,,,,,,,,,,,,,,,,,
186,0,0,",,,,,,,,,,,,,,,,,,,,,,,,,,,,,,,,,,,,,,,,,,,,,",",,,,,,,,,,,,,,,,,,,,,,,,,,,,,,,,,,,,,,,,,,,,,",,,,,,,,,,,,,,,,,,,,,,,,,,,,,,,,,,,,,,,,,
187,0,0,",,,,,,,,,,,,,,,,,,,,,,,,,,,,,,,,,,,,,,,,,,,,,",",,,,,,,,,,,,,,,,,,,,,,,,,,,,,,,,,,,,,,,,,,,,,",,,,,,,,,,,,,,,,,,,,,,,,,,,,,,,,,,,,,,,,,
188,0,0,",,,,,,,,,,,,,,,,,,,,,,,,,,,,,,,,,,,,,,,,,,,,,",",,,,,,,,,,,,,,,,,,,,,,,,,,,,,,,,,,,,,,,,,,,,,",,,,,,,,,,,,,,,,,,,,,,,,,,,,,,,,,,,,,,,,,
189,0,0,",,,,,,,,,,,,,,,,,,,,,,,,,,,,,,,,,,,,,,,,,,,,,",",,,,,,,,,,,,,,,,,,,,,,,,,,,,,,,,,,,,,,,,,,,,,",,,,,,,,,,,,,,,,,,,,,,,,,,,,,,,,,,,,,,,,,
190,0,0,",,,,,,,,,,,,,,,,,,,,,,,,,,,,,,,,,,,,,,,,,,,,,",",,,,,,,,,,,,,,,,,,,,,,,,,,,,,,,,,,,,,,,,,,,,,",,,,,,,,,,,,,,,,,,,,,,,,,,,,,,,,,,,,,,,,,
191,0,0,",,,,,,,,,,,,,,,,,,,,,,,,,,,,,,,,,,,,,,,,,,,,,",",,,,,,,,,,,,,,,,,,,,,,,,,,,,,,,,,,,,,,,,,,,,,",,,,,,,,,,,,,,,,,,,,,,,,,,,,,,,,,,,,,,,,,
192,0,0,",,,,,,,,,,,,,,,,,,,,,,,,,,,,,,,,,,,,,,,,,,,,,",",,,,,,,,,,,,,,,,,,,,,,,,,,,,,,,,,,,,,,,,,,,,,",,,,,,,,,,,,,,,,,,,,,,,,,,,,,,,,,,,,,,,,,
193,0,0,",,,,,,,,,,,,,,,,,,,,,,,,,,,,,,,,,,,,,,,,,,,,,",",,,,,,,,,,,,,,,,,,,,,,,,,,,,,,,,,,,,,,,,,,,,,",,,,,,,,,,,,,,,,,,,,,,,,,,,,,,,,,,,,,,,,,
194,0,0,",,,,,,,,,,,,,,,,,,,,,,,,,,,,,,,,,,,,,,,,,,,,,",",,,,,,,,,,,,,,,,,,,,,,,,,,,,,,,,,,,,,,,,,,,,,",,,,,,,,,,,,,,,,,,,,,,,,,,,,,,,,,,,,,,,,,
195,0,0,",,,,,,,,,,,,,,,,,,,,,,,,,,,,,,,,,,,,,,,,,,,,,",",,,,,,,,,,,,,,,,,,,,,,,,,,,,,,,,,,,,,,,,,,,,,",,,,,,,,,,,,,,,,,,,,,,,,,,,,,,,,,,,,,,,,,
196,0,0,",,,,,,,,,,,,,,,,,,,,,,,,,,,,,,,,,,,,,,,,,,,,,",",,,,,,,,,,,,,,,,,,,,,,,,,,,,,,,,,,,,,,,,,,,,,",,,,,,,,,,,,,,,,,,,,,,,,,,,,,,,,,,,,,,,,,
197,0,0,",,,,,,,,,,,,,,,,,,,,,,,,,,,,,,,,,,,,,,,,,,,,,",",,,,,,,,,,,,,,,,,,,,,,,,,,,,,,,,,,,,,,,,,,,,,",,,,,,,,,,,,,,,,,,,,,,,,,,,,,,,,,,,,,,,,,
198,0,0,",,,,,,,,,,,,,,,,,,,,,,,,,,,,,,,,,,,,,,,,,,,,,",",,,,,,,,,,,,,,,,,,,,,,,,,,,,,,,,,,,,,,,,,,,,,",,,,,,,,,,,,,,,,,,,,,,,,,,,,,,,,,,,,,,,,,
200,0,0,",,,,,,,,,,,,,,,,,,,,,,,,,,,,,,,,,,,,,,,,,,,,,",",,,,,,,,,,,,,,,,,,,,,,,,,,,,,,,,,,,,,,,,,,,,,",,,,,,,,,,,,,,,,,,,,,,,,,,,,,,,,,,,,,,,,,
201,0,0,",,,,,,,,,,,,,,,,,,,,,,,,,,,,,,,,,,,,,,,,,,,,,",",,,,,,,,,,,,,,,,,,,,,,,,,,,,,,,,,,,,,,,,,,,,,",,,,,,,,,,,,,,,,,,,,,,,,,,,,,,,,,,,,,,,,,
203,0,0,",,,,,,,,,,,,,,,,,,,,,,,,,,,,,,,,,,,,,,,,,,,,,",",,,,,,,,,,,,,,,,,,,,,,,,,,,,,,,,,,,,,,,,,,,,,",,,,,,,,,,,,,,,,,,,,,,,,,,,,,,,,,,,,,,,,,
204,0,0,",,,,,,,,,,,,,,,,,,,,,,,,,,,,,,,,,,,,,,,,,,,,,",",,,,,,,,,,,,,,,,,,,,,,,,,,,,,,,,,,,,,,,,,,,,,",,,,,,,,,,,,,,,,,,,,,,,,,,,,,,,,,,,,,,,,,
205,0,0,",,,,,,,,,,,,,,,,,,,,,,,,,,,,,,,,,,,,,,,,,,,,,",",,,,,,,,,,,,,,,,,,,,,,,,,,,,,,,,,,,,,,,,,,,,,",,,,,,,,,,,,,,,,,,,,,,,,,,,,,,,,,,,,,,,,,
206,0,0,",,,,,,,,,,,,,,,,,,,,,,,,,,,,,,,,,,,,,,,,,,,,,",",,,,,,,,,,,,,,,,,,,,,,,,,,,,,,,,,,,,,,,,,,,,,",,,,,,,,,,,,,,,,,,,,,,,,,,,,,,,,,,,,,,,,,
207,0,0,",,,,,,,,,,,,,,,,,,,,,,,,,,,,,,,,,,,,,,,,,,,,,",",,,,,,,,,,,,,,,,,,,,,,,,,,,,,,,,,,,,,,,,,,,,,",,,,,,,,,,,,,,,,,,,,,,,,,,,,,,,,,,,,,,,,,
208,0,0,",,,,,,,,,,,,,,,,,,,,,,,,,,,,,,,,,,,,,,,,,,,,,",",,,,,,,,,,,,,,,,,,,,,,,,,,,,,,,,,,,,,,,,,,,,,",,,,,,,,,,,,,,,,,,,,,,,,,,,,,,,,,,,,,,,,,
209,0,0,",,,,,,,,,,,,,,,,,,,,,,,,,,,,,,,,,,,,,,,,,,,,,",",,,,,,,,,,,,,,,,,,,,,,,,,,,,,,,,,,,,,,,,,,,,,",,,,,,,,,,,,,,,,,,,,,,,,,,,,,,,,,,,,,,,,,
211,0,0,",,,,,,,,,,,,,,,,,,,,,,,,,,,,,,,,,,,,,,,,,,,,,",",,,,,,,,,,,,,,,,,,,,,,,,,,,,,,,,,,,,,,,,,,,,,",,,,,,,,,,,,,,,,,,,,,,,,,,,,,,,,,,,,,,,,,
213,0,0,",,,,,,,,,,,,,,,,,,,,,,,,,,,,,,,,,,,,,,,,,,,,,",",,,,,,,,,,,,,,,,,,,,,,,,,,,,,,,,,,,,,,,,,,,,,",,,,,,,,,,,,,,,,,,,,,,,,,,,,,,,,,,,,,,,,,
214,0,0,",,,,,,,,,,,,,,,,,,,,,,,,,,,,,,,,,,,,,,,,,,,,,",",,,,,,,,,,,,,,,,,,,,,,,,,,,,,,,,,,,,,,,,,,,,,",,,,,,,,,,,,,,,,,,,,,,,,,,,,,,,,,,,,,,,,,
215,0,0,",,,,,,,,,,,,,,,,,,,,,,,,,,,,,,,,,,,,,,,,,,,,,",",,,,,,,,,,,,,,,,,,,,,,,,,,,,,,,,,,,,,,,,,,,,,",,,,,,,,,,,,,,,,,,,,,,,,,,,,,,,,,,,,,,,,,
216,0,0,",,,,,,,,,,,,,,,,,,,,,,,,,,,,,,,,,,,,,,,,,,,,,",",,,,,,,,,,,,,,,,,,,,,,,,,,,,,,,,,,,,,,,,,,,,,",,,,,,,,,,,,,,,,,,,,,,,,,,,,,,,,,,,,,,,,,
217,0,0,",,,,,,,,,,,,,,,,,,,,,,,,,,,,,,,,,,,,,,,,,,,,,",",,,,,,,,,,,,,,,,,,,,,,,,,,,,,,,,,,,,,,,,,,,,,",,,,,,,,,,,,,,,,,,,,,,,,,,,,,,,,,,,,,,,,,
218,0,0,",,,,,,,,,,,,,,,,,,,,,,,,,,,,,,,,,,,,,,,,,,,,,",",,,,,,,,,,,,,,,,,,,,,,,,,,,,,,,,,,,,,,,,,,,,,",,,,,,,,,,,,,,,,,,,,,,,,,,,,,,,,,,,,,,,,,
219,0,0,",,,,,,,,,,,,,,,,,,,,,,,,,,,,,,,,,,,,,,,,,,,,,",",,,,,,,,,,,,,,,,,,,,,,,,,,,,,,,,,,,,,,,,,,,,,",,,,,,,,,,,,,,,,,,,,,,,,,,,,,,,,,,,,,,,,,
220,0,0,",,,,,,,,,,,,,,,,,,,,,,,,,,,,,,,,,,,,,,,,,,,,,",",,,,,,,,,,,,,,,,,,,,,,,,,,,,,,,,,,,,,,,,,,,,,",,,,,,,,,,,,,,,,,,,,,,,,,,,,,,,,,,,,,,,,,
221,0,0,",,,,,,,,,,,,,,,,,,,,,,,,,,,,,,,,,,,,,,,,,,,,,",",,,,,,,,,,,,,,,,,,,,,,,,,,,,,,,,,,,,,,,,,,,,,",,,,,,,,,,,,,,,,,,,,,,,,,,,,,,,,,,,,,,,,,
222,0,0,",,,,,,,,,,,,,,,,,,,,,,,,,,,,,,,,,,,,,,,,,,,,,",",,,,,,,,,,,,,,,,,,,,,,,,,,,,,,,,,,,,,,,,,,,,,",,,,,,,,,,,,,,,,,,,,,,,,,,,,,,,,,,,,,,,,,
224,0,0,",,,,,,,,,,,,,,,,,,,,,,,,,,,,,,,,,,,,,,,,,,,,,",",,,,,,,,,,,,,,,,,,,,,,,,,,,,,,,,,,,,,,,,,,,,,",,,,,,,,,,,,,,,,,,,,,,,,,,,,,,,,,,,,,,,,,
225,0,0,",,,,,,,,,,,,,,,,,,,,,,,,,,,,,,,,,,,,,,,,,,,,,",",,,,,,,,,,,,,,,,,,,,,,,,,,,,,,,,,,,,,,,,,,,,,",,,,,,,,,,,,,,,,,,,,,,,,,,,,,,,,,,,,,,,,,
226,0,0,",,,,,,,,,,,,,,,,,,,,,,,,,,,,,,,,,,,,,,,,,,,,,",",,,,,,,,,,,,,,,,,,,,,,,,,,,,,,,,,,,,,,,,,,,,,",,,,,,,,,,,,,,,,,,,,,,,,,,,,,,,,,,,,,,,,,
227,0,0,",,,,,,,,,,,,,,,,,,,,,,,,,,,,,,,,,,,,,,,,,,,,,",",,,,,,,,,,,,,,,,,,,,,,,,,,,,,,,,,,,,,,,,,,,,,",,,,,,,,,,,,,,,,,,,,,,,,,,,,,,,,,,,,,,,,,
228,0,0,",,,,,,,,,,,,,,,,,,,,,,,,,,,,,,,,,,,,,,,,,,,,,",",,,,,,,,,,,,,,,,,,,,,,,,,,,,,,,,,,,,,,,,,,,,,",,,,,,,,,,,,,,,,,,,,,,,,,,,,,,,,,,,,,,,,,
229,0,0,",,,,,,,,,,,,,,,,,,,,,,,,,,,,,,,,,,,,,,,,,,,,,",",,,,,,,,,,,,,,,,,,,,,,,,,,,,,,,,,,,,,,,,,,,,,",,,,,,,,,,,,,,,,,,,,,,,,,,,,,,,,,,,,,,,,,
230,0,0,",,,,,,,,,,,,,,,,,,,,,,,,,,,,,,,,,,,,,,,,,,,,,",",,,,,,,,,,,,,,,,,,,,,,,,,,,,,,,,,,,,,,,,,,,,,",,,,,,,,,,,,,,,,,,,,,,,,,,,,,,,,,,,,,,,,,
232,0,0,",,,,,,,,,,,,,,,,,,,,,,,,,,,,,,,,,,,,,,,,,,,,,",",,,,,,,,,,,,,,,,,,,,,,,,,,,,,,,,,,,,,,,,,,,,,",,,,,,,,,,,,,,,,,,,,,,,,,,,,,,,,,,,,,,,,,
234,0,0,",,,,,,,,,,,,,,,,,,,,,,,,,,,,,,,,,,,,,,,,,,,,,",",,,,,,,,,,,,,,,,,,,,,,,,,,,,,,,,,,,,,,,,,,,,,",,,,,,,,,,,,,,,,,,,,,,,,,,,,,,,,,,,,,,,,,
236,0,0,",,,,,,,,,,,,,,,,,,,,,,,,,,,,,,,,,,,,,,,,,,,,,",",,,,,,,,,,,,,,,,,,,,,,,,,,,,,,,,,,,,,,,,,,,,,",,,,,,,,,,,,,,,,,,,,,,,,,,,,,,,,,,,,,,,,,
237,0,0,",,,,,,,,,,,,,,,,,,,,,,,,,,,,,,,,,,,,,,,,,,,,,",",,,,,,,,,,,,,,,,,,,,,,,,,,,,,,,,,,,,,,,,,,,,,",,,,,,,,,,,,,,,,,,,,,,,,,,,,,,,,,,,,,,,,,
238,0,0,",,,,,,,,,,,,,,,,,,,,,,,,,,,,,,,,,,,,,,,,,,,,,",",,,,,,,,,,,,,,,,,,,,,,,,,,,,,,,,,,,,,,,,,,,,,",,,,,,,,,,,,,,,,,,,,,,,,,,,,,,,,,,,,,,,,,
239,0,0,",,,,,,,,,,,,,,,,,,,,,,,,,,,,,,,,,,,,,,,,,,,,,",",,,,,,,,,,,,,,,,,,,,,,,,,,,,,,,,,,,,,,,,,,,,,",,,,,,,,,,,,,,,,,,,,,,,,,,,,,,,,,,,,,,,,,
241,0,0,",,,,,,,,,,,,,,,,,,,,,,,,,,,,,,,,,,,,,,,,,,,,,",",,,,,,,,,,,,,,,,,,,,,,,,,,,,,,,,,,,,,,,,,,,,,",,,,,,,,,,,,,,,,,,,,,,,,,,,,,,,,,,,,,,,,,
242,0,0,",,,,,,,,,,,,,,,,,,,,,,,,,,,,,,,,,,,,,,,,,,,,,",",,,,,,,,,,,,,,,,,,,,,,,,,,,,,,,,,,,,,,,,,,,,,",,,,,,,,,,,,,,,,,,,,,,,,,,,,,,,,,,,,,,,,,
243,0,0,",,,,,,,,,,,,,,,,,,,,,,,,,,,,,,,,,,,,,,,,,,,,,",",,,,,,,,,,,,,,,,,,,,,,,,,,,,,,,,,,,,,,,,,,,,,",,,,,,,,,,,,,,,,,,,,,,,,,,,,,,,,,,,,,,,,,
244,0,0,",,,,,,,,,,,,,,,,,,,,,,,,,,,,,,,,,,,,,,,,,,,,,",",,,,,,,,,,,,,,,,,,,,,,,,,,,,,,,,,,,,,,,,,,,,,",,,,,,,,,,,,,,,,,,,,,,,,,,,,,,,,,,,,,,,,,
245,0,0,",,,,,,,,,,,,,,,,,,,,,,,,,,,,,,,,,,,,,,,,,,,,,",",,,,,,,,,,,,,,,,,,,,,,,,,,,,,,,,,,,,,,,,,,,,,",,,,,,,,,,,,,,,,,,,,,,,,,,,,,,,,,,,,,,,,,
246,0,0,",,,,,,,,,,,,,,,,,,,,,,,,,,,,,,,,,,,,,,,,,,,,,",",,,,,,,,,,,,,,,,,,,,,,,,,,,,,,,,,,,,,,,,,,,,,",,,,,,,,,,,,,,,,,,,,,,,,,,,,,,,,,,,,,,,,,
202,0,0,",,,,,,,,,,,,,,,,,,,,,,,,,,,,,,,,,,,,,,,,,,,,,",",,,,,,,,,,,,,,,,,,,,,,,,,,,,,,,,,,,,,,,,,,,,,",,,,,,,,,,,,,,,,,,,,,,,,,,,,,,,,,,,,,,,,,
248,0,0,",,,,,,,,,,,,,,,,,,,,,,,,,,,,,,,,,,,,,,,,,,,,,",",,,,,,,,,,,,,,,,,,,,,,,,,,,,,,,,,,,,,,,,,,,,,",,,,,,,,,,,,,,,,,,,,,,,,,,,,,,,,,,,,,,,,,
249,0,0,",,,,,,,,,,,,,,,,,,,,,,,,,,,,,,,,,,,,,,,,,,,,,",",,,,,,,,,,,,,,,,,,,,,,,,,,,,,,,,,,,,,,,,,,,,,",,,,,,,,,,,,,,,,,,,,,,,,,,,,,,,,,,,,,,,,,
250,0,0,",,,,,,,,,,,,,,,,,,,,,,,,,,,,,,,,,,,,,,,,,,,,,",",,,,,,,,,,,,,,,,,,,,,,,,,,,,,,,,,,,,,,,,,,,,,",,,,,,,,,,,,,,,,,,,,,,,,,,,,,,,,,,,,,,,,,
251,0,0,",,,,,,,,,,,,,,,,,,,,,,,,,,,,,,,,,,,,,,,,,,,,,",",,,,,,,,,,,,,,,,,,,,,,,,,,,,,,,,,,,,,,,,,,,,,",,,,,,,,,,,,,,,,,,,,,,,,,,,,,,,,,,,,,,,,,
252,0,0,",,,,,,,,,,,,,,,,,,,,,,,,,,,,,,,,,,,,,,,,,,,,,",",,,,,,,,,,,,,,,,,,,,,,,,,,,,,,,,,,,,,,,,,,,,,",,,,,,,,,,,,,,,,,,,,,,,,,,,,,,,,,,,,,,,,,
253,1,1,",,33,,,,,,,,,,,,,,,,,,,,,,,,,,,,,,,,,,,,,,,,,,,",",,33,,,,,,,,,,,,,,,,,,,,,,,,,,,,,,,,,,,,,,,,,,,",,,33,,,,,,,,,,,,,,,,,,,,,,,,,,,,,,,,,,,,,,
254,0,0,",,,,,,,,,,,,,,,,,,,,,,,,,,,,,,,,,,,,,,,,,,,,,",",,,,,,,,,,,,,,,,,,,,,,,,,,,,,,,,,,,,,,,,,,,,,",,,,,,,,,,,,,,,,,,,,,,,,,,,,,,,,,,,,,,,,,
256,0,0,",,,,,,,,,,,,,,,,,,,,,,,,,,,,,,,,,,,,,,,,,,,,,",",,,,,,,,,,,,,,,,,,,,,,,,,,,,,,,,,,,,,,,,,,,,,",,,,,,,,,,,,,,,,,,,,,,,,,,,,,,,,,,,,,,,,,
257,0,0,",,,,,,,,,,,,,,,,,,,,,,,,,,,,,,,,,,,,,,,,,,,,,",",,,,,,,,,,,,,,,,,,,,,,,,,,,,,,,,,,,,,,,,,,,,,",,,,,,,,,,,,,,,,,,,,,,,,,,,,,,,,,,,,,,,,,
258,0,0,",,,,,,,,,,,,,,,,,,,,,,,,,,,,,,,,,,,,,,,,,,,,,",",,,,,,,,,,,,,,,,,,,,,,,,,,,,,,,,,,,,,,,,,,,,,",,,,,,,,,,,,,,,,,,,,,,,,,,,,,,,,,,,,,,,,,
259,0,0,",,,,,,,,,,,,,,,,,,,,,,,,,,,,,,,,,,,,,,,,,,,,,",",,,,,,,,,,,,,,,,,,,,,,,,,,,,,,,,,,,,,,,,,,,,,",,,,,,,,,,,,,,,,,,,,,,,,,,,,,,,,,,,,,,,,,
260,0,0,",,,,,,,,,,,,,,,,,,,,,,,,,,,,,,,,,,,,,,,,,,,,,",",,,,,,,,,,,,,,,,,,,,,,,,,,,,,,,,,,,,,,,,,,,,,",,,,,,,,,,,,,,,,,,,,,,,,,,,,,,,,,,,,,,,,,
261,0,0,",,,,,,,,,,,,,,,,,,,,,,,,,,,,,,,,,,,,,,,,,,,,,",",,,,,,,,,,,,,,,,,,,,,,,,,,,,,,,,,,,,,,,,,,,,,",,,,,,,,,,,,,,,,,,,,,,,,,,,,,,,,,,,,,,,,,
262,0,0,",,,,,,,,,,,,,,,,,,,,,,,,,,,,,,,,,,,,,,,,,,,,,",",,,,,,,,,,,,,,,,,,,,,,,,,,,,,,,,,,,,,,,,,,,,,",,,,,,,,,,,,,,,,,,,,,,,,,,,,,,,,,,,,,,,,,
263,0,0,",,,,,,,,,,,,,,,,,,,,,,,,,,,,,,,,,,,,,,,,,,,,,",",,,,,,,,,,,,,,,,,,,,,,,,,,,,,,,,,,,,,,,,,,,,,",,,,,,,,,,,,,,,,,,,,,,,,,,,,,,,,,,,,,,,,,
264,0,0,",,,,,,,,,,,,,,,,,,,,,,,,,,,,,,,,,,,,,,,,,,,,,",",,,,,,,,,,,,,,,,,,,,,,,,,,,,,,,,,,,,,,,,,,,,,",,,,,,,,,,,,,,,,,,,,,,,,,,,,,,,,,,,,,,,,,
265,0,0,",,,,,,,,,,,,,,,,,,,,,,,,,,,,,,,,,,,,,,,,,,,,,",",,,,,,,,,,,,,,,,,,,,,,,,,,,,,,,,,,,,,,,,,,,,,",,,,,,,,,,,,,,,,,,,,,,,,,,,,,,,,,,,,,,,,,
266,0,0,",,,,,,,,,,,,,,,,,,,,,,,,,,,,,,,,,,,,,,,,,,,,,",",,,,,,,,,,,,,,,,,,,,,,,,,,,,,,,,,,,,,,,,,,,,,",,,,,,,,,,,,,,,,,,,,,,,,,,,,,,,,,,,,,,,,,
268,0,0,",,,,,,,,,,,,,,,,,,,,,,,,,,,,,,,,,,,,,,,,,,,,,",",,,,,,,,,,,,,,,,,,,,,,,,,,,,,,,,,,,,,,,,,,,,,",,,,,,,,,,,,,,,,,,,,,,,,,,,,,,,,,,,,,,,,,
270,0,0,",,,,,,,,,,,,,,,,,,,,,,,,,,,,,,,,,,,,,,,,,,,,,",",,,,,,,,,,,,,,,,,,,,,,,,,,,,,,,,,,,,,,,,,,,,,",,,,,,,,,,,,,,,,,,,,,,,,,,,,,,,,,,,,,,,,,
271,0,0,",,,,,,,,,,,,,,,,,,,,,,,,,,,,,,,,,,,,,,,,,,,,,",",,,,,,,,,,,,,,,,,,,,,,,,,,,,,,,,,,,,,,,,,,,,,",,,,,,,,,,,,,,,,,,,,,,,,,,,,,,,,,,,,,,,,,
272,0,0,",,,,,,,,,,,,,,,,,,,,,,,,,,,,,,,,,,,,,,,,,,,,,",",,,,,,,,,,,,,,,,,,,,,,,,,,,,,,,,,,,,,,,,,,,,,",,,,,,,,,,,,,,,,,,,,,,,,,,,,,,,,,,,,,,,,,
273,0,0,",,,,,,,,,,,,,,,,,,,,,,,,,,,,,,,,,,,,,,,,,,,,,",",,,,,,,,,,,,,,,,,,,,,,,,,,,,,,,,,,,,,,,,,,,,,",,,,,,,,,,,,,,,,,,,,,,,,,,,,,,,,,,,,,,,,,
275,0,0,",,,,,,,,,,,,,,,,,,,,,,,,,,,,,,,,,,,,,,,,,,,,,",",,,,,,,,,,,,,,,,,,,,,,,,,,,,,,,,,,,,,,,,,,,,,",,,,,,,,,,,,,,,,,,,,,,,,,,,,,,,,,,,,,,,,,
276,0,0,",,,,,,,,,,,,,,,,,,,,,,,,,,,,,,,,,,,,,,,,,,,,,",",,,,,,,,,,,,,,,,,,,,,,,,,,,,,,,,,,,,,,,,,,,,,",,,,,,,,,,,,,,,,,,,,,,,,,,,,,,,,,,,,,,,,,
277,0,0,",,,,,,,,,,,,,,,,,,,,,,,,,,,,,,,,,,,,,,,,,,,,,",",,,,,,,,,,,,,,,,,,,,,,,,,,,,,,,,,,,,,,,,,,,,,",,,,,,,,,,,,,,,,,,,,,,,,,,,,,,,,,,,,,,,,,
278,0,0,",,,,,,,,,,,,,,,,,,,,,,,,,,,,,,,,,,,,,,,,,,,,,",",,,,,,,,,,,,,,,,,,,,,,,,,,,,,,,,,,,,,,,,,,,,,",,,,,,,,,,,,,,,,,,,,,,,,,,,,,,,,,,,,,,,,,
279,0,0,",,,,,,,,,,,,,,,,,,,,,,,,,,,,,,,,,,,,,,,,,,,,,",",,,,,,,,,,,,,,,,,,,,,,,,,,,,,,,,,,,,,,,,,,,,,",,,,,,,,,,,,,,,,,,,,,,,,,,,,,,,,,,,,,,,,,
280,0,0,",,,,,,,,,,,,,,,,,,,,,,,,,,,,,,,,,,,,,,,,,,,,,",",,,,,,,,,,,,,,,,,,,,,,,,,,,,,,,,,,,,,,,,,,,,,",,,,,,,,,,,,,,,,,,,,,,,,,,,,,,,,,,,,,,,,,
281,0,0,",,,,,,,,,,,,,,,,,,,,,,,,,,,,,,,,,,,,,,,,,,,,,",",,,,,,,,,,,,,,,,,,,,,,,,,,,,,,,,,,,,,,,,,,,,,",,,,,,,,,,,,,,,,,,,,,,,,,,,,,,,,,,,,,,,,,
282,0,0,",,,,,,,,,,,,,,,,,,,,,,,,,,,,,,,,,,,,,,,,,,,,,",",,,,,,,,,,,,,,,,,,,,,,,,,,,,,,,,,,,,,,,,,,,,,",,,,,,,,,,,,,,,,,,,,,,,,,,,,,,,,,,,,,,,,,
284,0,0,",,,,,,,,,,,,,,,,,,,,,,,,,,,,,,,,,,,,,,,,,,,,,",",,,,,,,,,,,,,,,,,,,,,,,,,,,,,,,,,,,,,,,,,,,,,",,,,,,,,,,,,,,,,,,,,,,,,,,,,,,,,,,,,,,,,,
285,0,0,",,,,,,,,,,,,,,,,,,,,,,,,,,,,,,,,,,,,,,,,,,,,,",",,,,,,,,,,,,,,,,,,,,,,,,,,,,,,,,,,,,,,,,,,,,,",,,,,,,,,,,,,,,,,,,,,,,,,,,,,,,,,,,,,,,,,
286,0,0,",,,,,,,,,,,,,,,,,,,,,,,,,,,,,,,,,,,,,,,,,,,,,",",,,,,,,,,,,,,,,,,,,,,,,,,,,,,,,,,,,,,,,,,,,,,",,,,,,,,,,,,,,,,,,,,,,,,,,,,,,,,,,,,,,,,,
288,0,0,",,,,,,,,,,,,,,,,,,,,,,,,,,,,,,,,,,,,,,,,,,,,,",",,,,,,,,,,,,,,,,,,,,,,,,,,,,,,,,,,,,,,,,,,,,,",,,,,,,,,,,,,,,,,,,,,,,,,,,,,,,,,,,,,,,,,
289,0,0,",,,,,,,,,,,,,,,,,,,,,,,,,,,,,,,,,,,,,,,,,,,,,",",,,,,,,,,,,,,,,,,,,,,,,,,,,,,,,,,,,,,,,,,,,,,",,,,,,,,,,,,,,,,,,,,,,,,,,,,,,,,,,,,,,,,,
290,0,0,",,,,,,,,,,,,,,,,,,,,,,,,,,,,,,,,,,,,,,,,,,,,,",",,,,,,,,,,,,,,,,,,,,,,,,,,,,,,,,,,,,,,,,,,,,,",,,,,,,,,,,,,,,,,,,,,,,,,,,,,,,,,,,,,,,,,
291,0,0,",,,,,,,,,,,,,,,,,,,,,,,,,,,,,,,,,,,,,,,,,,,,,",",,,,,,,,,,,,,,,,,,,,,,,,,,,,,,,,,,,,,,,,,,,,,",,,,,,,,,,,,,,,,,,,,,,,,,,,,,,,,,,,,,,,,,
293,0,0,",,,,,,,,,,,,,,,,,,,,,,,,,,,,,,,,,,,,,,,,,,,,,",",,,,,,,,,,,,,,,,,,,,,,,,,,,,,,,,,,,,,,,,,,,,,",,,,,,,,,,,,,,,,,,,,,,,,,,,,,,,,,,,,,,,,,
294,0,0,",,,,,,,,,,,,,,,,,,,,,,,,,,,,,,,,,,,,,,,,,,,,,",",,,,,,,,,,,,,,,,,,,,,,,,,,,,,,,,,,,,,,,,,,,,,",,,,,,,,,,,,,,,,,,,,,,,,,,,,,,,,,,,,,,,,,
295,0,0,",,,,,,,,,,,,,,,,,,,,,,,,,,,,,,,,,,,,,,,,,,,,,",",,,,,,,,,,,,,,,,,,,,,,,,,,,,,,,,,,,,,,,,,,,,,",,,,,,,,,,,,,,,,,,,,,,,,,,,,,,,,,,,,,,,,,
296,0,0,",,,,,,,,,,,,,,,,,,,,,,,,,,,,,,,,,,,,,,,,,,,,,",",,,,,,,,,,,,,,,,,,,,,,,,,,,,,,,,,,,,,,,,,,,,,",,,,,,,,,,,,,,,,,,,,,,,,,,,,,,,,,,,,,,,,,
297,0,0,",,,,,,,,,,,,,,,,,,,,,,,,,,,,,,,,,,,,,,,,,,,,,",",,,,,,,,,,,,,,,,,,,,,,,,,,,,,,,,,,,,,,,,,,,,,",,,,,,,,,,,,,,,,,,,,,,,,,,,,,,,,,,,,,,,,,
298,0,0,",,,,,,,,,,,,,,,,,,,,,,,,,,,,,,,,,,,,,,,,,,,,,",",,,,,,,,,,,,,,,,,,,,,,,,,,,,,,,,,,,,,,,,,,,,,",,,,,,,,,,,,,,,,,,,,,,,,,,,,,,,,,,,,,,,,,
300,0,0,",,,,,,,,,,,,,,,,,,,,,,,,,,,,,,,,,,,,,,,,,,,,,",",,,,,,,,,,,,,,,,,,,,,,,,,,,,,,,,,,,,,,,,,,,,,",,,,,,,,,,,,,,,,,,,,,,,,,,,,,,,,,,,,,,,,,
301,0,0,",,,,,,,,,,,,,,,,,,,,,,,,,,,,,,,,,,,,,,,,,,,,,",",,,,,,,,,,,,,,,,,,,,,,,,,,,,,,,,,,,,,,,,,,,,,",,,,,,,,,,,,,,,,,,,,,,,,,,,,,,,,,,,,,,,,,
302,1,1,",,,,36,,,,,,,,,,,,,,,,,,,,,,,,,,,,,,,,,,,,,,,,,",",,,,36,,,,,,,,,,,,,,,,,,,,,,,,,,,,,,,,,,,,,,,,,",,,,,36,,,,,,,,,,,,,,,,,,,,,,,,,,,,,,,,,,,,
303,0,0,",,,,,,,,,,,,,,,,,,,,,,,,,,,,,,,,,,,,,,,,,,,,,",",,,,,,,,,,,,,,,,,,,,,,,,,,,,,,,,,,,,,,,,,,,,,",,,,,,,,,,,,,,,,,,,,,,,,,,,,,,,,,,,,,,,,,
304,0,0,",,,,,,,,,,,,,,,,,,,,,,,,,,,,,,,,,,,,,,,,,,,,,",",,,,,,,,,,,,,,,,,,,,,,,,,,,,,,,,,,,,,,,,,,,,,",,,,,,,,,,,,,,,,,,,,,,,,,,,,,,,,,,,,,,,,,
305,0,0,",,,,,,,,,,,,,,,,,,,,,,,,,,,,,,,,,,,,,,,,,,,,,",",,,,,,,,,,,,,,,,,,,,,,,,,,,,,,,,,,,,,,,,,,,,,",,,,,,,,,,,,,,,,,,,,,,,,,,,,,,,,,,,,,,,,,
306,0,0,",,,,,,,,,,,,,,,,,,,,,,,,,,,,,,,,,,,,,,,,,,,,,",",,,,,,,,,,,,,,,,,,,,,,,,,,,,,,,,,,,,,,,,,,,,,",,,,,,,,,,,,,,,,,,,,,,,,,,,,,,,,,,,,,,,,,
308,0,0,",,,,,,,,,,,,,,,,,,,,,,,,,,,,,,,,,,,,,,,,,,,,,",",,,,,,,,,,,,,,,,,,,,,,,,,,,,,,,,,,,,,,,,,,,,,",,,,,,,,,,,,,,,,,,,,,,,,,,,,,,,,,,,,,,,,,
309,0,0,",,,,,,,,,,,,,,,,,,,,,,,,,,,,,,,,,,,,,,,,,,,,,",",,,,,,,,,,,,,,,,,,,,,,,,,,,,,,,,,,,,,,,,,,,,,",,,,,,,,,,,,,,,,,,,,,,,,,,,,,,,,,,,,,,,,,
311,0,0,",,,,,,,,,,,,,,,,,,,,,,,,,,,,,,,,,,,,,,,,,,,,,",",,,,,,,,,,,,,,,,,,,,,,,,,,,,,,,,,,,,,,,,,,,,,",,,,,,,,,,,,,,,,,,,,,,,,,,,,,,,,,,,,,,,,,
312,0,0,",,,,,,,,,,,,,,,,,,,,,,,,,,,,,,,,,,,,,,,,,,,,,",",,,,,,,,,,,,,,,,,,,,,,,,,,,,,,,,,,,,,,,,,,,,,",,,,,,,,,,,,,,,,,,,,,,,,,,,,,,,,,,,,,,,,,
313,0,0,",,,,,,,,,,,,,,,,,,,,,,,,,,,,,,,,,,,,,,,,,,,,,",",,,,,,,,,,,,,,,,,,,,,,,,,,,,,,,,,,,,,,,,,,,,,",,,,,,,,,,,,,,,,,,,,,,,,,,,,,,,,,,,,,,,,,
315,0,0,",,,,,,,,,,,,,,,,,,,,,,,,,,,,,,,,,,,,,,,,,,,,,",",,,,,,,,,,,,,,,,,,,,,,,,,,,,,,,,,,,,,,,,,,,,,",,,,,,,,,,,,,,,,,,,,,,,,,,,,,,,,,,,,,,,,,
316,0,0,",,,,,,,,,,,,,,,,,,,,,,,,,,,,,,,,,,,,,,,,,,,,,",",,,,,,,,,,,,,,,,,,,,,,,,,,,,,,,,,,,,,,,,,,,,,",,,,,,,,,,,,,,,,,,,,,,,,,,,,,,,,,,,,,,,,,
317,0,0,",,,,,,,,,,,,,,,,,,,,,,,,,,,,,,,,,,,,,,,,,,,,,",",,,,,,,,,,,,,,,,,,,,,,,,,,,,,,,,,,,,,,,,,,,,,",,,,,,,,,,,,,,,,,,,,,,,,,,,,,,,,,,,,,,,,,
319,0,0,",,,,,,,,,,,,,,,,,,,,,,,,,,,,,,,,,,,,,,,,,,,,,",",,,,,,,,,,,,,,,,,,,,,,,,,,,,,,,,,,,,,,,,,,,,,",,,,,,,,,,,,,,,,,,,,,,,,,,,,,,,,,,,,,,,,,
320,0,0,",,,,,,,,,,,,,,,,,,,,,,,,,,,,,,,,,,,,,,,,,,,,,",",,,,,,,,,,,,,,,,,,,,,,,,,,,,,,,,,,,,,,,,,,,,,",,,,,,,,,,,,,,,,,,,,,,,,,,,,,,,,,,,,,,,,,
321,0,0,",,,,,,,,,,,,,,,,,,,,,,,,,,,,,,,,,,,,,,,,,,,,,",",,,,,,,,,,,,,,,,,,,,,,,,,,,,,,,,,,,,,,,,,,,,,",,,,,,,,,,,,,,,,,,,,,,,,,,,,,,,,,,,,,,,,,
322,0,0,",,,,,,,,,,,,,,,,,,,,,,,,,,,,,,,,,,,,,,,,,,,,,",",,,,,,,,,,,,,,,,,,,,,,,,,,,,,,,,,,,,,,,,,,,,,",,,,,,,,,,,,,,,,,,,,,,,,,,,,,,,,,,,,,,,,,
323,0,0,",,,,,,,,,,,,,,,,,,,,,,,,,,,,,,,,,,,,,,,,,,,,,",",,,,,,,,,,,,,,,,,,,,,,,,,,,,,,,,,,,,,,,,,,,,,",,,,,,,,,,,,,,,,,,,,,,,,,,,,,,,,,,,,,,,,,
324,0,0,",,,,,,,,,,,,,,,,,,,,,,,,,,,,,,,,,,,,,,,,,,,,,",",,,,,,,,,,,,,,,,,,,,,,,,,,,,,,,,,,,,,,,,,,,,,",,,,,,,,,,,,,,,,,,,,,,,,,,,,,,,,,,,,,,,,,
325,0,0,",,,,,,,,,,,,,,,,,,,,,,,,,,,,,,,,,,,,,,,,,,,,,",",,,,,,,,,,,,,,,,,,,,,,,,,,,,,,,,,,,,,,,,,,,,,",,,,,,,,,,,,,,,,,,,,,,,,,,,,,,,,,,,,,,,,,
326,0,0,",,,,,,,,,,,,,,,,,,,,,,,,,,,,,,,,,,,,,,,,,,,,,",",,,,,,,,,,,,,,,,,,,,,,,,,,,,,,,,,,,,,,,,,,,,,",,,,,,,,,,,,,,,,,,,,,,,,,,,,,,,,,,,,,,,,,
327,0,0,",,,,,,,,,,,,,,,,,,,,,,,,,,,,,,,,,,,,,,,,,,,,,",",,,,,,,,,,,,,,,,,,,,,,,,,,,,,,,,,,,,,,,,,,,,,",,,,,,,,,,,,,,,,,,,,,,,,,,,,,,,,,,,,,,,,,
328,0,0,",,,,,,,,,,,,,,,,,,,,,,,,,,,,,,,,,,,,,,,,,,,,,",",,,,,,,,,,,,,,,,,,,,,,,,,,,,,,,,,,,,,,,,,,,,,",,,,,,,,,,,,,,,,,,,,,,,,,,,,,,,,,,,,,,,,,
329,0,0,",,,,,,,,,,,,,,,,,,,,,,,,,,,,,,,,,,,,,,,,,,,,,",",,,,,,,,,,,,,,,,,,,,,,,,,,,,,,,,,,,,,,,,,,,,,",,,,,,,,,,,,,,,,,,,,,,,,,,,,,,,,,,,,,,,,,
330,0,0,",,,,,,,,,,,,,,,,,,,,,,,,,,,,,,,,,,,,,,,,,,,,,",",,,,,,,,,,,,,,,,,,,,,,,,,,,,,,,,,,,,,,,,,,,,,",,,,,,,,,,,,,,,,,,,,,,,,,,,,,,,,,,,,,,,,,
331,0,0,",,,,,,,,,,,,,,,,,,,,,,,,,,,,,,,,,,,,,,,,,,,,,",",,,,,,,,,,,,,,,,,,,,,,,,,,,,,,,,,,,,,,,,,,,,,",,,,,,,,,,,,,,,,,,,,,,,,,,,,,,,,,,,,,,,,,
332,0,0,",,,,,,,,,,,,,,,,,,,,,,,,,,,,,,,,,,,,,,,,,,,,,",",,,,,,,,,,,,,,,,,,,,,,,,,,,,,,,,,,,,,,,,,,,,,",,,,,,,,,,,,,,,,,,,,,,,,,,,,,,,,,,,,,,,,,
333,0,0,",,,,,,,,,,,,,,,,,,,,,,,,,,,,,,,,,,,,,,,,,,,,,",",,,,,,,,,,,,,,,,,,,,,,,,,,,,,,,,,,,,,,,,,,,,,",,,,,,,,,,,,,,,,,,,,,,,,,,,,,,,,,,,,,,,,,
334,0,0,",,,,,,,,,,,,,,,,,,,,,,,,,,,,,,,,,,,,,,,,,,,,,",",,,,,,,,,,,,,,,,,,,,,,,,,,,,,,,,,,,,,,,,,,,,,",,,,,,,,,,,,,,,,,,,,,,,,,,,,,,,,,,,,,,,,,
335,0,0,",,,,,,,,,,,,,,,,,,,,,,,,,,,,,,,,,,,,,,,,,,,,,",",,,,,,,,,,,,,,,,,,,,,,,,,,,,,,,,,,,,,,,,,,,,,",,,,,,,,,,,,,,,,,,,,,,,,,,,,,,,,,,,,,,,,,
336,0,0,",,,,,,,,,,,,,,,,,,,,,,,,,,,,,,,,,,,,,,,,,,,,,",",,,,,,,,,,,,,,,,,,,,,,,,,,,,,,,,,,,,,,,,,,,,,",,,,,,,,,,,,,,,,,,,,,,,,,,,,,,,,,,,,,,,,,
337,0,0,",,,,,,,,,,,,,,,,,,,,,,,,,,,,,,,,,,,,,,,,,,,,,",",,,,,,,,,,,,,,,,,,,,,,,,,,,,,,,,,,,,,,,,,,,,,",,,,,,,,,,,,,,,,,,,,,,,,,,,,,,,,,,,,,,,,,
339,0,0,",,,,,,,,,,,,,,,,,,,,,,,,,,,,,,,,,,,,,,,,,,,,,",",,,,,,,,,,,,,,,,,,,,,,,,,,,,,,,,,,,,,,,,,,,,,",,,,,,,,,,,,,,,,,,,,,,,,,,,,,,,,,,,,,,,,,
340,0,0,",,,,,,,,,,,,,,,,,,,,,,,,,,,,,,,,,,,,,,,,,,,,,",",,,,,,,,,,,,,,,,,,,,,,,,,,,,,,,,,,,,,,,,,,,,,",,,,,,,,,,,,,,,,,,,,,,,,,,,,,,,,,,,,,,,,,
341,0,0,",,,,,,,,,,,,,,,,,,,,,,,,,,,,,,,,,,,,,,,,,,,,,",",,,,,,,,,,,,,,,,,,,,,,,,,,,,,,,,,,,,,,,,,,,,,",,,,,,,,,,,,,,,,,,,,,,,,,,,,,,,,,,,,,,,,,
342,0,0,",,,,,,,,,,,,,,,,,,,,,,,,,,,,,,,,,,,,,,,,,,,,,",",,,,,,,,,,,,,,,,,,,,,,,,,,,,,,,,,,,,,,,,,,,,,",,,,,,,,,,,,,,,,,,,,,,,,,,,,,,,,,,,,,,,,,
343,0,0,",,,,,,,,,,,,,,,,,,,,,,,,,,,,,,,,,,,,,,,,,,,,,",",,,,,,,,,,,,,,,,,,,,,,,,,,,,,,,,,,,,,,,,,,,,,",,,,,,,,,,,,,,,,,,,,,,,,,,,,,,,,,,,,,,,,,
344,0,0,",,,,,,,,,,,,,,,,,,,,,,,,,,,,,,,,,,,,,,,,,,,,,",",,,,,,,,,,,,,,,,,,,,,,,,,,,,,,,,,,,,,,,,,,,,,",,,,,,,,,,,,,,,,,,,,,,,,,,,,,,,,,,,,,,,,,
345,0,0,",,,,,,,,,,,,,,,,,,,,,,,,,,,,,,,,,,,,,,,,,,,,,",",,,,,,,,,,,,,,,,,,,,,,,,,,,,,,,,,,,,,,,,,,,,,",,,,,,,,,,,,,,,,,,,,,,,,,,,,,,,,,,,,,,,,,
346,0,0,",,,,,,,,,,,,,,,,,,,,,,,,,,,,,,,,,,,,,,,,,,,,,",",,,,,,,,,,,,,,,,,,,,,,,,,,,,,,,,,,,,,,,,,,,,,",,,,,,,,,,,,,,,,,,,,,,,,,,,,,,,,,,,,,,,,,
347,0,0,",,,,,,,,,,,,,,,,,,,,,,,,,,,,,,,,,,,,,,,,,,,,,",",,,,,,,,,,,,,,,,,,,,,,,,,,,,,,,,,,,,,,,,,,,,,",,,,,,,,,,,,,,,,,,,,,,,,,,,,,,,,,,,,,,,,,
348,0,0,",,,,,,,,,,,,,,,,,,,,,,,,,,,,,,,,,,,,,,,,,,,,,",",,,,,,,,,,,,,,,,,,,,,,,,,,,,,,,,,,,,,,,,,,,,,",,,,,,,,,,,,,,,,,,,,,,,,,,,,,,,,,,,,,,,,,
349,0,0,",,,,,,,,,,,,,,,,,,,,,,,,,,,,,,,,,,,,,,,,,,,,,",",,,,,,,,,,,,,,,,,,,,,,,,,,,,,,,,,,,,,,,,,,,,,",,,,,,,,,,,,,,,,,,,,,,,,,,,,,,,,,,,,,,,,,
350,0,0,",,,,,,,,,,,,,,,,,,,,,,,,,,,,,,,,,,,,,,,,,,,,,",",,,,,,,,,,,,,,,,,,,,,,,,,,,,,,,,,,,,,,,,,,,,,",,,,,,,,,,,,,,,,,,,,,,,,,,,,,,,,,,,,,,,,,
351,0,0,",,,,,,,,,,,,,,,,,,,,,,,,,,,,,,,,,,,,,,,,,,,,,",",,,,,,,,,,,,,,,,,,,,,,,,,,,,,,,,,,,,,,,,,,,,,",,,,,,,,,,,,,,,,,,,,,,,,,,,,,,,,,,,,,,,,,
352,0,0,",,,,,,,,,,,,,,,,,,,,,,,,,,,,,,,,,,,,,,,,,,,,,",",,,,,,,,,,,,,,,,,,,,,,,,,,,,,,,,,,,,,,,,,,,,,",,,,,,,,,,,,,,,,,,,,,,,,,,,,,,,,,,,,,,,,,
353,0,0,",,,,,,,,,,,,,,,,,,,,,,,,,,,,,,,,,,,,,,,,,,,,,",",,,,,,,,,,,,,,,,,,,,,,,,,,,,,,,,,,,,,,,,,,,,,",,,,,,,,,,,,,,,,,,,,,,,,,,,,,,,,,,,,,,,,,
354,0,0,",,,,,,,,,,,,,,,,,,,,,,,,,,,,,,,,,,,,,,,,,,,,,",",,,,,,,,,,,,,,,,,,,,,,,,,,,,,,,,,,,,,,,,,,,,,",,,,,,,,,,,,,,,,,,,,,,,,,,,,,,,,,,,,,,,,,
355,0,0,",,,,,,,,,,,,,,,,,,,,,,,,,,,,,,,,,,,,,,,,,,,,,",",,,,,,,,,,,,,,,,,,,,,,,,,,,,,,,,,,,,,,,,,,,,,",,,,,,,,,,,,,,,,,,,,,,,,,,,,,,,,,,,,,,,,,
356,0,0,",,,,,,,,,,,,,,,,,,,,,,,,,,,,,,,,,,,,,,,,,,,,,",",,,,,,,,,,,,,,,,,,,,,,,,,,,,,,,,,,,,,,,,,,,,,",,,,,,,,,,,,,,,,,,,,,,,,,,,,,,,,,,,,,,,,,
357,0,0,",,,,,,,,,,,,,,,,,,,,,,,,,,,,,,,,,,,,,,,,,,,,,",",,,,,,,,,,,,,,,,,,,,,,,,,,,,,,,,,,,,,,,,,,,,,",,,,,,,,,,,,,,,,,,,,,,,,,,,,,,,,,,,,,,,,,
359,0,0,",,,,,,,,,,,,,,,,,,,,,,,,,,,,,,,,,,,,,,,,,,,,,",",,,,,,,,,,,,,,,,,,,,,,,,,,,,,,,,,,,,,,,,,,,,,",,,,,,,,,,,,,,,,,,,,,,,,,,,,,,,,,,,,,,,,,
360,0,0,",,,,,,,,,,,,,,,,,,,,,,,,,,,,,,,,,,,,,,,,,,,,,",",,,,,,,,,,,,,,,,,,,,,,,,,,,,,,,,,,,,,,,,,,,,,",,,,,,,,,,,,,,,,,,,,,,,,,,,,,,,,,,,,,,,,,
362,0,0,",,,,,,,,,,,,,,,,,,,,,,,,,,,,,,,,,,,,,,,,,,,,,",",,,,,,,,,,,,,,,,,,,,,,,,,,,,,,,,,,,,,,,,,,,,,",,,,,,,,,,,,,,,,,,,,,,,,,,,,,,,,,,,,,,,,,
363,0,0,",,,,,,,,,,,,,,,,,,,,,,,,,,,,,,,,,,,,,,,,,,,,,",",,,,,,,,,,,,,,,,,,,,,,,,,,,,,,,,,,,,,,,,,,,,,",,,,,,,,,,,,,,,,,,,,,,,,,,,,,,,,,,,,,,,,,
364,0,0,",,,,,,,,,,,,,,,,,,,,,,,,,,,,,,,,,,,,,,,,,,,,,",",,,,,,,,,,,,,,,,,,,,,,,,,,,,,,,,,,,,,,,,,,,,,",,,,,,,,,,,,,,,,,,,,,,,,,,,,,,,,,,,,,,,,,
365,0,0,",,,,,,,,,,,,,,,,,,,,,,,,,,,,,,,,,,,,,,,,,,,,,",",,,,,,,,,,,,,,,,,,,,,,,,,,,,,,,,,,,,,,,,,,,,,",,,,,,,,,,,,,,,,,,,,,,,,,,,,,,,,,,,,,,,,,
366,0,0,",,,,,,,,,,,,,,,,,,,,,,,,,,,,,,,,,,,,,,,,,,,,,",",,,,,,,,,,,,,,,,,,,,,,,,,,,,,,,,,,,,,,,,,,,,,",,,,,,,,,,,,,,,,,,,,,,,,,,,,,,,,,,,,,,,,,
367,0,0,",,,,,,,,,,,,,,,,,,,,,,,,,,,,,,,,,,,,,,,,,,,,,",",,,,,,,,,,,,,,,,,,,,,,,,,,,,,,,,,,,,,,,,,,,,,",,,,,,,,,,,,,,,,,,,,,,,,,,,,,,,,,,,,,,,,,
368,0,0,",,,,,,,,,,,,,,,,,,,,,,,,,,,,,,,,,,,,,,,,,,,,,",",,,,,,,,,,,,,,,,,,,,,,,,,,,,,,,,,,,,,,,,,,,,,",,,,,,,,,,,,,,,,,,,,,,,,,,,,,,,,,,,,,,,,,
369,0,0,",,,,,,,,,,,,,,,,,,,,,,,,,,,,,,,,,,,,,,,,,,,,,",",,,,,,,,,,,,,,,,,,,,,,,,,,,,,,,,,,,,,,,,,,,,,",,,,,,,,,,,,,,,,,,,,,,,,,,,,,,,,,,,,,,,,,
370,0,0,",,,,,,,,,,,,,,,,,,,,,,,,,,,,,,,,,,,,,,,,,,,,,",",,,,,,,,,,,,,,,,,,,,,,,,,,,,,,,,,,,,,,,,,,,,,",,,,,,,,,,,,,,,,,,,,,,,,,,,,,,,,,,,,,,,,,
371,0,0,",,,,,,,,,,,,,,,,,,,,,,,,,,,,,,,,,,,,,,,,,,,,,",",,,,,,,,,,,,,,,,,,,,,,,,,,,,,,,,,,,,,,,,,,,,,",,,,,,,,,,,,,,,,,,,,,,,,,,,,,,,,,,,,,,,,,
372,0,0,",,,,,,,,,,,,,,,,,,,,,,,,,,,,,,,,,,,,,,,,,,,,,",",,,,,,,,,,,,,,,,,,,,,,,,,,,,,,,,,,,,,,,,,,,,,",,,,,,,,,,,,,,,,,,,,,,,,,,,,,,,,,,,,,,,,,
373,0,0,",,,,,,,,,,,,,,,,,,,,,,,,,,,,,,,,,,,,,,,,,,,,,",",,,,,,,,,,,,,,,,,,,,,,,,,,,,,,,,,,,,,,,,,,,,,",,,,,,,,,,,,,,,,,,,,,,,,,,,,,,,,,,,,,,,,,
374,0,0,",,,,,,,,,,,,,,,,,,,,,,,,,,,,,,,,,,,,,,,,,,,,,",",,,,,,,,,,,,,,,,,,,,,,,,,,,,,,,,,,,,,,,,,,,,,",,,,,,,,,,,,,,,,,,,,,,,,,,,,,,,,,,,,,,,,,
375,0,0,",,,,,,,,,,,,,,,,,,,,,,,,,,,,,,,,,,,,,,,,,,,,,",",,,,,,,,,,,,,,,,,,,,,,,,,,,,,,,,,,,,,,,,,,,,,",,,,,,,,,,,,,,,,,,,,,,,,,,,,,,,,,,,,,,,,,
377,0,0,",,,,,,,,,,,,,,,,,,,,,,,,,,,,,,,,,,,,,,,,,,,,,",",,,,,,,,,,,,,,,,,,,,,,,,,,,,,,,,,,,,,,,,,,,,,",,,,,,,,,,,,,,,,,,,,,,,,,,,,,,,,,,,,,,,,,
378,0,0,",,,,,,,,,,,,,,,,,,,,,,,,,,,,,,,,,,,,,,,,,,,,,",",,,,,,,,,,,,,,,,,,,,,,,,,,,,,,,,,,,,,,,,,,,,,",,,,,,,,,,,,,,,,,,,,,,,,,,,,,,,,,,,,,,,,,
379,0,0,",,,,,,,,,,,,,,,,,,,,,,,,,,,,,,,,,,,,,,,,,,,,,",",,,,,,,,,,,,,,,,,,,,,,,,,,,,,,,,,,,,,,,,,,,,,",,,,,,,,,,,,,,,,,,,,,,,,,,,,,,,,,,,,,,,,,
380,0,0,",,,,,,,,,,,,,,,,,,,,,,,,,,,,,,,,,,,,,,,,,,,,,",",,,,,,,,,,,,,,,,,,,,,,,,,,,,,,,,,,,,,,,,,,,,,",,,,,,,,,,,,,,,,,,,,,,,,,,,,,,,,,,,,,,,,,
381,0,0,",,,,,,,,,,,,,,,,,,,,,,,,,,,,,,,,,,,,,,,,,,,,,",",,,,,,,,,,,,,,,,,,,,,,,,,,,,,,,,,,,,,,,,,,,,,",,,,,,,,,,,,,,,,,,,,,,,,,,,,,,,,,,,,,,,,,
383,0,0,",,,,,,,,,,,,,,,,,,,,,,,,,,,,,,,,,,,,,,,,,,,,,",",,,,,,,,,,,,,,,,,,,,,,,,,,,,,,,,,,,,,,,,,,,,,",,,,,,,,,,,,,,,,,,,,,,,,,,,,,,,,,,,,,,,,,
384,0,0,",,,,,,,,,,,,,,,,,,,,,,,,,,,,,,,,,,,,,,,,,,,,,",",,,,,,,,,,,,,,,,,,,,,,,,,,,,,,,,,,,,,,,,,,,,,",,,,,,,,,,,,,,,,,,,,,,,,,,,,,,,,,,,,,,,,,
385,0,0,",,,,,,,,,,,,,,,,,,,,,,,,,,,,,,,,,,,,,,,,,,,,,",",,,,,,,,,,,,,,,,,,,,,,,,,,,,,,,,,,,,,,,,,,,,,",,,,,,,,,,,,,,,,,,,,,,,,,,,,,,,,,,,,,,,,,
386,0,0,",,,,,,,,,,,,,,,,,,,,,,,,,,,,,,,,,,,,,,,,,,,,,",",,,,,,,,,,,,,,,,,,,,,,,,,,,,,,,,,,,,,,,,,,,,,",,,,,,,,,,,,,,,,,,,,,,,,,,,,,,,,,,,,,,,,,
387,0,0,",,,,,,,,,,,,,,,,,,,,,,,,,,,,,,,,,,,,,,,,,,,,,",",,,,,,,,,,,,,,,,,,,,,,,,,,,,,,,,,,,,,,,,,,,,,",,,,,,,,,,,,,,,,,,,,,,,,,,,,,,,,,,,,,,,,,
388,0,0,",,,,,,,,,,,,,,,,,,,,,,,,,,,,,,,,,,,,,,,,,,,,,",",,,,,,,,,,,,,,,,,,,,,,,,,,,,,,,,,,,,,,,,,,,,,",,,,,,,,,,,,,,,,,,,,,,,,,,,,,,,,,,,,,,,,,
389,0,0,",,,,,,,,,,,,,,,,,,,,,,,,,,,,,,,,,,,,,,,,,,,,,",",,,,,,,,,,,,,,,,,,,,,,,,,,,,,,,,,,,,,,,,,,,,,",,,,,,,,,,,,,,,,,,,,,,,,,,,,,,,,,,,,,,,,,
390,0,0,",,,,,,,,,,,,,,,,,,,,,,,,,,,,,,,,,,,,,,,,,,,,,",",,,,,,,,,,,,,,,,,,,,,,,,,,,,,,,,,,,,,,,,,,,,,",,,,,,,,,,,,,,,,,,,,,,,,,,,,,,,,,,,,,,,,,
391,0,0,",,,,,,,,,,,,,,,,,,,,,,,,,,,,,,,,,,,,,,,,,,,,,",",,,,,,,,,,,,,,,,,,,,,,,,,,,,,,,,,,,,,,,,,,,,,",,,,,,,,,,,,,,,,,,,,,,,,,,,,,,,,,,,,,,,,,
392,1,1,",45,,,,,,,,,,,,,,,,,,,,,,,,,,,,,,,,,,,,,,,,,,,,",",45,,,,,,,,,,,,,,,,,,,,,,,,,,,,,,,,,,,,,,,,,,,,",,45,,,,,,,,,,,,,,,,,,,,,,,,,,,,,,,,,,,,,,,
393,0,0,",,,,,,,,,,,,,,,,,,,,,,,,,,,,,,,,,,,,,,,,,,,,,",",,,,,,,,,,,,,,,,,,,,,,,,,,,,,,,,,,,,,,,,,,,,,",,,,,,,,,,,,,,,,,,,,,,,,,,,,,,,,,,,,,,,,,
395,0,0,",,,,,,,,,,,,,,,,,,,,,,,,,,,,,,,,,,,,,,,,,,,,,",",,,,,,,,,,,,,,,,,,,,,,,,,,,,,,,,,,,,,,,,,,,,,",,,,,,,,,,,,,,,,,,,,,,,,,,,,,,,,,,,,,,,,,
396,0,0,",,,,,,,,,,,,,,,,,,,,,,,,,,,,,,,,,,,,,,,,,,,,,",",,,,,,,,,,,,,,,,,,,,,,,,,,,,,,,,,,,,,,,,,,,,,",,,,,,,,,,,,,,,,,,,,,,,,,,,,,,,,,,,,,,,,,
397,0,0,",,,,,,,,,,,,,,,,,,,,,,,,,,,,,,,,,,,,,,,,,,,,,",",,,,,,,,,,,,,,,,,,,,,,,,,,,,,,,,,,,,,,,,,,,,,",,,,,,,,,,,,,,,,,,,,,,,,,,,,,,,,,,,,,,,,,
398,0,0,",,,,,,,,,,,,,,,,,,,,,,,,,,,,,,,,,,,,,,,,,,,,,",",,,,,,,,,,,,,,,,,,,,,,,,,,,,,,,,,,,,,,,,,,,,,",,,,,,,,,,,,,,,,,,,,,,,,,,,,,,,,,,,,,,,,,
400,0,0,",,,,,,,,,,,,,,,,,,,,,,,,,,,,,,,,,,,,,,,,,,,,,",",,,,,,,,,,,,,,,,,,,,,,,,,,,,,,,,,,,,,,,,,,,,,",,,,,,,,,,,,,,,,,,,,,,,,,,,,,,,,,,,,,,,,,
401,0,0,",,,,,,,,,,,,,,,,,,,,,,,,,,,,,,,,,,,,,,,,,,,,,",",,,,,,,,,,,,,,,,,,,,,,,,,,,,,,,,,,,,,,,,,,,,,",,,,,,,,,,,,,,,,,,,,,,,,,,,,,,,,,,,,,,,,,
402,0,0,",,,,,,,,,,,,,,,,,,,,,,,,,,,,,,,,,,,,,,,,,,,,,",",,,,,,,,,,,,,,,,,,,,,,,,,,,,,,,,,,,,,,,,,,,,,",,,,,,,,,,,,,,,,,,,,,,,,,,,,,,,,,,,,,,,,,
403,0,0,",,,,,,,,,,,,,,,,,,,,,,,,,,,,,,,,,,,,,,,,,,,,,",",,,,,,,,,,,,,,,,,,,,,,,,,,,,,,,,,,,,,,,,,,,,,",,,,,,,,,,,,,,,,,,,,,,,,,,,,,,,,,,,,,,,,,
404,0,0,",,,,,,,,,,,,,,,,,,,,,,,,,,,,,,,,,,,,,,,,,,,,,",",,,,,,,,,,,,,,,,,,,,,,,,,,,,,,,,,,,,,,,,,,,,,",,,,,,,,,,,,,,,,,,,,,,,,,,,,,,,,,,,,,,,,,
405,0,0,",,,,,,,,,,,,,,,,,,,,,,,,,,,,,,,,,,,,,,,,,,,,,",",,,,,,,,,,,,,,,,,,,,,,,,,,,,,,,,,,,,,,,,,,,,,",,,,,,,,,,,,,,,,,,,,,,,,,,,,,,,,,,,,,,,,,
406,0,0,",,,,,,,,,,,,,,,,,,,,,,,,,,,,,,,,,,,,,,,,,,,,,",",,,,,,,,,,,,,,,,,,,,,,,,,,,,,,,,,,,,,,,,,,,,,",,,,,,,,,,,,,,,,,,,,,,,,,,,,,,,,,,,,,,,,,
407,0,0,",,,,,,,,,,,,,,,,,,,,,,,,,,,,,,,,,,,,,,,,,,,,,",",,,,,,,,,,,,,,,,,,,,,,,,,,,,,,,,,,,,,,,,,,,,,",,,,,,,,,,,,,,,,,,,,,,,,,,,,,,,,,,,,,,,,,
408,0,0,",,,,,,,,,,,,,,,,,,,,,,,,,,,,,,,,,,,,,,,,,,,,,",",,,,,,,,,,,,,,,,,,,,,,,,,,,,,,,,,,,,,,,,,,,,,",,,,,,,,,,,,,,,,,,,,,,,,,,,,,,,,,,,,,,,,,
409,0,0,",,,,,,,,,,,,,,,,,,,,,,,,,,,,,,,,,,,,,,,,,,,,,",",,,,,,,,,,,,,,,,,,,,,,,,,,,,,,,,,,,,,,,,,,,,,",,,,,,,,,,,,,,,,,,,,,,,,,,,,,,,,,,,,,,,,,
410,0,0,",,,,,,,,,,,,,,,,,,,,,,,,,,,,,,,,,,,,,,,,,,,,,",",,,,,,,,,,,,,,,,,,,,,,,,,,,,,,,,,,,,,,,,,,,,,",,,,,,,,,,,,,,,,,,,,,,,,,,,,,,,,,,,,,,,,,
411,0,0,",,,,,,,,,,,,,,,,,,,,,,,,,,,,,,,,,,,,,,,,,,,,,",",,,,,,,,,,,,,,,,,,,,,,,,,,,,,,,,,,,,,,,,,,,,,",,,,,,,,,,,,,,,,,,,,,,,,,,,,,,,,,,,,,,,,,
414,0,0,",,,,,,,,,,,,,,,,,,,,,,,,,,,,,,,,,,,,,,,,,,,,,",",,,,,,,,,,,,,,,,,,,,,,,,,,,,,,,,,,,,,,,,,,,,,",,,,,,,,,,,,,,,,,,,,,,,,,,,,,,,,,,,,,,,,,
416,0,0,",,,,,,,,,,,,,,,,,,,,,,,,,,,,,,,,,,,,,,,,,,,,,",",,,,,,,,,,,,,,,,,,,,,,,,,,,,,,,,,,,,,,,,,,,,,",,,,,,,,,,,,,,,,,,,,,,,,,,,,,,,,,,,,,,,,,
418,0,0,",,,,,,,,,,,,,,,,,,,,,,,,,,,,,,,,,,,,,,,,,,,,,",",,,,,,,,,,,,,,,,,,,,,,,,,,,,,,,,,,,,,,,,,,,,,",,,,,,,,,,,,,,,,,,,,,,,,,,,,,,,,,,,,,,,,,
419,1,1,",35,,,,,,,,,,,,,,,,,,,,,,,,,,,,,,,,,,,,,,,,,,,,",",35,,,,,,,,,,,,,,,,,,,,,,,,,,,,,,,,,,,,,,,,,,,,",,35,,,,,,,,,,,,,,,,,,,,,,,,,,,,,,,,,,,,,,,
420,0,0,",,,,,,,,,,,,,,,,,,,,,,,,,,,,,,,,,,,,,,,,,,,,,",",,,,,,,,,,,,,,,,,,,,,,,,,,,,,,,,,,,,,,,,,,,,,",,,,,,,,,,,,,,,,,,,,,,,,,,,,,,,,,,,,,,,,,
421,1,1,",36,,,,,,,,,,,,,,,,,,,,,,,,,,,,,,,,,,,,,,,,,,,,",",36,,,,,,,,,,,,,,,,,,,,,,,,,,,,,,,,,,,,,,,,,,,,",,36,,,,,,,,,,,,,,,,,,,,,,,,,,,,,,,,,,,,,,,
422,0,0,",,,,,,,,,,,,,,,,,,,,,,,,,,,,,,,,,,,,,,,,,,,,,",",,,,,,,,,,,,,,,,,,,,,,,,,,,,,,,,,,,,,,,,,,,,,",,,,,,,,,,,,,,,,,,,,,,,,,,,,,,,,,,,,,,,,,
423,0,0,",,,,,,,,,,,,,,,,,,,,,,,,,,,,,,,,,,,,,,,,,,,,,",",,,,,,,,,,,,,,,,,,,,,,,,,,,,,,,,,,,,,,,,,,,,,",,,,,,,,,,,,,,,,,,,,,,,,,,,,,,,,,,,,,,,,,
424,1,1,",54,,,,,,,,,,,,,,,,,,,,,,,,,,,,,,,,,,,,,,,,,,,,",",54,,,,,,,,,,,,,,,,,,,,,,,,,,,,,,,,,,,,,,,,,,,,",,54,,,,,,,,,,,,,,,,,,,,,,,,,,,,,,,,,,,,,,,
425,0,0,",,,,,,,,,,,,,,,,,,,,,,,,,,,,,,,,,,,,,,,,,,,,,",",,,,,,,,,,,,,,,,,,,,,,,,,,,,,,,,,,,,,,,,,,,,,",,,,,,,,,,,,,,,,,,,,,,,,,,,,,,,,,,,,,,,,,
426,0,0,",,,,,,,,,,,,,,,,,,,,,,,,,,,,,,,,,,,,,,,,,,,,,",",,,,,,,,,,,,,,,,,,,,,,,,,,,,,,,,,,,,,,,,,,,,,",,,,,,,,,,,,,,,,,,,,,,,,,,,,,,,,,,,,,,,,,
427,0,0,",,,,,,,,,,,,,,,,,,,,,,,,,,,,,,,,,,,,,,,,,,,,,",",,,,,,,,,,,,,,,,,,,,,,,,,,,,,,,,,,,,,,,,,,,,,",,,,,,,,,,,,,,,,,,,,,,,,,,,,,,,,,,,,,,,,,
428,0,0,",,,,,,,,,,,,,,,,,,,,,,,,,,,,,,,,,,,,,,,,,,,,,",",,,,,,,,,,,,,,,,,,,,,,,,,,,,,,,,,,,,,,,,,,,,,",,,,,,,,,,,,,,,,,,,,,,,,,,,,,,,,,,,,,,,,,
429,0,0,",,,,,,,,,,,,,,,,,,,,,,,,,,,,,,,,,,,,,,,,,,,,,",",,,,,,,,,,,,,,,,,,,,,,,,,,,,,,,,,,,,,,,,,,,,,",,,,,,,,,,,,,,,,,,,,,,,,,,,,,,,,,,,,,,,,,
430,0,0,",,,,,,,,,,,,,,,,,,,,,,,,,,,,,,,,,,,,,,,,,,,,,",",,,,,,,,,,,,,,,,,,,,,,,,,,,,,,,,,,,,,,,,,,,,,",,,,,,,,,,,,,,,,,,,,,,,,,,,,,,,,,,,,,,,,,
431,0,0,",,,,,,,,,,,,,,,,,,,,,,,,,,,,,,,,,,,,,,,,,,,,,",",,,,,,,,,,,,,,,,,,,,,,,,,,,,,,,,,,,,,,,,,,,,,",,,,,,,,,,,,,,,,,,,,,,,,,,,,,,,,,,,,,,,,,
432,1,1,",48,,,,,,,,,,,,,,,,,,,,,,,,,,,,,,,,,,,,,,,,,,,,",",48,,,,,,,,,,,,,,,,,,,,,,,,,,,,,,,,,,,,,,,,,,,,",,48,,,,,,,,,,,,,,,,,,,,,,,,,,,,,,,,,,,,,,,
433,0,0,",,,,,,,,,,,,,,,,,,,,,,,,,,,,,,,,,,,,,,,,,,,,,",",,,,,,,,,,,,,,,,,,,,,,,,,,,,,,,,,,,,,,,,,,,,,",,,,,,,,,,,,,,,,,,,,,,,,,,,,,,,,,,,,,,,,,
435,0,0,",,,,,,,,,,,,,,,,,,,,,,,,,,,,,,,,,,,,,,,,,,,,,",",,,,,,,,,,,,,,,,,,,,,,,,,,,,,,,,,,,,,,,,,,,,,",,,,,,,,,,,,,,,,,,,,,,,,,,,,,,,,,,,,,,,,,
436,0,0,",,,,,,,,,,,,,,,,,,,,,,,,,,,,,,,,,,,,,,,,,,,,,",",,,,,,,,,,,,,,,,,,,,,,,,,,,,,,,,,,,,,,,,,,,,,",,,,,,,,,,,,,,,,,,,,,,,,,,,,,,,,,,,,,,,,,
437,0,0,",,,,,,,,,,,,,,,,,,,,,,,,,,,,,,,,,,,,,,,,,,,,,",",,,,,,,,,,,,,,,,,,,,,,,,,,,,,,,,,,,,,,,,,,,,,",,,,,,,,,,,,,,,,,,,,,,,,,,,,,,,,,,,,,,,,,
438,0,0,",,,,,,,,,,,,,,,,,,,,,,,,,,,,,,,,,,,,,,,,,,,,,",",,,,,,,,,,,,,,,,,,,,,,,,,,,,,,,,,,,,,,,,,,,,,",,,,,,,,,,,,,,,,,,,,,,,,,,,,,,,,,,,,,,,,,
439,0,0,",,,,,,,,,,,,,,,,,,,,,,,,,,,,,,,,,,,,,,,,,,,,,",",,,,,,,,,,,,,,,,,,,,,,,,,,,,,,,,,,,,,,,,,,,,,",,,,,,,,,,,,,,,,,,,,,,,,,,,,,,,,,,,,,,,,,
441,0,0,",,,,,,,,,,,,,,,,,,,,,,,,,,,,,,,,,,,,,,,,,,,,,",",,,,,,,,,,,,,,,,,,,,,,,,,,,,,,,,,,,,,,,,,,,,,",,,,,,,,,,,,,,,,,,,,,,,,,,,,,,,,,,,,,,,,,
442,0,0,",,,,,,,,,,,,,,,,,,,,,,,,,,,,,,,,,,,,,,,,,,,,,",",,,,,,,,,,,,,,,,,,,,,,,,,,,,,,,,,,,,,,,,,,,,,",,,,,,,,,,,,,,,,,,,,,,,,,,,,,,,,,,,,,,,,,
443,0,0,",,,,,,,,,,,,,,,,,,,,,,,,,,,,,,,,,,,,,,,,,,,,,",",,,,,,,,,,,,,,,,,,,,,,,,,,,,,,,,,,,,,,,,,,,,,",,,,,,,,,,,,,,,,,,,,,,,,,,,,,,,,,,,,,,,,,
444,0,0,",,,,,,,,,,,,,,,,,,,,,,,,,,,,,,,,,,,,,,,,,,,,,",",,,,,,,,,,,,,,,,,,,,,,,,,,,,,,,,,,,,,,,,,,,,,",,,,,,,,,,,,,,,,,,,,,,,,,,,,,,,,,,,,,,,,,
447,0,0,",,,,,,,,,,,,,,,,,,,,,,,,,,,,,,,,,,,,,,,,,,,,,",",,,,,,,,,,,,,,,,,,,,,,,,,,,,,,,,,,,,,,,,,,,,,",,,,,,,,,,,,,,,,,,,,,,,,,,,,,,,,,,,,,,,,,
448,0,0,",,,,,,,,,,,,,,,,,,,,,,,,,,,,,,,,,,,,,,,,,,,,,",",,,,,,,,,,,,,,,,,,,,,,,,,,,,,,,,,,,,,,,,,,,,,",,,,,,,,,,,,,,,,,,,,,,,,,,,,,,,,,,,,,,,,,
449,0,0,",,,,,,,,,,,,,,,,,,,,,,,,,,,,,,,,,,,,,,,,,,,,,",",,,,,,,,,,,,,,,,,,,,,,,,,,,,,,,,,,,,,,,,,,,,,",,,,,,,,,,,,,,,,,,,,,,,,,,,,,,,,,,,,,,,,,
450,0,0,",,,,,,,,,,,,,,,,,,,,,,,,,,,,,,,,,,,,,,,,,,,,,",",,,,,,,,,,,,,,,,,,,,,,,,,,,,,,,,,,,,,,,,,,,,,",,,,,,,,,,,,,,,,,,,,,,,,,,,,,,,,,,,,,,,,,
451,0,0,",,,,,,,,,,,,,,,,,,,,,,,,,,,,,,,,,,,,,,,,,,,,,",",,,,,,,,,,,,,,,,,,,,,,,,,,,,,,,,,,,,,,,,,,,,,",,,,,,,,,,,,,,,,,,,,,,,,,,,,,,,,,,,,,,,,,
452,0,0,",,,,,,,,,,,,,,,,,,,,,,,,,,,,,,,,,,,,,,,,,,,,,",",,,,,,,,,,,,,,,,,,,,,,,,,,,,,,,,,,,,,,,,,,,,,",,,,,,,,,,,,,,,,,,,,,,,,,,,,,,,,,,,,,,,,,
453,0,0,",,,,,,,,,,,,,,,,,,,,,,,,,,,,,,,,,,,,,,,,,,,,,",",,,,,,,,,,,,,,,,,,,,,,,,,,,,,,,,,,,,,,,,,,,,,",,,,,,,,,,,,,,,,,,,,,,,,,,,,,,,,,,,,,,,,,
454,0,0,",,,,,,,,,,,,,,,,,,,,,,,,,,,,,,,,,,,,,,,,,,,,,",",,,,,,,,,,,,,,,,,,,,,,,,,,,,,,,,,,,,,,,,,,,,,",,,,,,,,,,,,,,,,,,,,,,,,,,,,,,,,,,,,,,,,,
455,0,0,",,,,,,,,,,,,,,,,,,,,,,,,,,,,,,,,,,,,,,,,,,,,,",",,,,,,,,,,,,,,,,,,,,,,,,,,,,,,,,,,,,,,,,,,,,,",,,,,,,,,,,,,,,,,,,,,,,,,,,,,,,,,,,,,,,,,
456,0,0,",,,,,,,,,,,,,,,,,,,,,,,,,,,,,,,,,,,,,,,,,,,,,",",,,,,,,,,,,,,,,,,,,,,,,,,,,,,,,,,,,,,,,,,,,,,",,,,,,,,,,,,,,,,,,,,,,,,,,,,,,,,,,,,,,,,,
457,0,0,",,,,,,,,,,,,,,,,,,,,,,,,,,,,,,,,,,,,,,,,,,,,,",",,,,,,,,,,,,,,,,,,,,,,,,,,,,,,,,,,,,,,,,,,,,,",,,,,,,,,,,,,,,,,,,,,,,,,,,,,,,,,,,,,,,,,
459,0,0,",,,,,,,,,,,,,,,,,,,,,,,,,,,,,,,,,,,,,,,,,,,,,",",,,,,,,,,,,,,,,,,,,,,,,,,,,,,,,,,,,,,,,,,,,,,",,,,,,,,,,,,,,,,,,,,,,,,,,,,,,,,,,,,,,,,,
460,0,0,",,,,,,,,,,,,,,,,,,,,,,,,,,,,,,,,,,,,,,,,,,,,,",",,,,,,,,,,,,,,,,,,,,,,,,,,,,,,,,,,,,,,,,,,,,,",,,,,,,,,,,,,,,,,,,,,,,,,,,,,,,,,,,,,,,,,
461,0,0,",,,,,,,,,,,,,,,,,,,,,,,,,,,,,,,,,,,,,,,,,,,,,",",,,,,,,,,,,,,,,,,,,,,,,,,,,,,,,,,,,,,,,,,,,,,",,,,,,,,,,,,,,,,,,,,,,,,,,,,,,,,,,,,,,,,,
462,0,0,",,,,,,,,,,,,,,,,,,,,,,,,,,,,,,,,,,,,,,,,,,,,,",",,,,,,,,,,,,,,,,,,,,,,,,,,,,,,,,,,,,,,,,,,,,,",,,,,,,,,,,,,,,,,,,,,,,,,,,,,,,,,,,,,,,,,
463,0,0,",,,,,,,,,,,,,,,,,,,,,,,,,,,,,,,,,,,,,,,,,,,,,",",,,,,,,,,,,,,,,,,,,,,,,,,,,,,,,,,,,,,,,,,,,,,",,,,,,,,,,,,,,,,,,,,,,,,,,,,,,,,,,,,,,,,,
464,0,0,",,,,,,,,,,,,,,,,,,,,,,,,,,,,,,,,,,,,,,,,,,,,,",",,,,,,,,,,,,,,,,,,,,,,,,,,,,,,,,,,,,,,,,,,,,,",,,,,,,,,,,,,,,,,,,,,,,,,,,,,,,,,,,,,,,,,
465,0,0,",,,,,,,,,,,,,,,,,,,,,,,,,,,,,,,,,,,,,,,,,,,,,",",,,,,,,,,,,,,,,,,,,,,,,,,,,,,,,,,,,,,,,,,,,,,",,,,,,,,,,,,,,,,,,,,,,,,,,,,,,,,,,,,,,,,,
466,0,0,",,,,,,,,,,,,,,,,,,,,,,,,,,,,,,,,,,,,,,,,,,,,,",",,,,,,,,,,,,,,,,,,,,,,,,,,,,,,,,,,,,,,,,,,,,,",,,,,,,,,,,,,,,,,,,,,,,,,,,,,,,,,,,,,,,,,
467,0,0,",,,,,,,,,,,,,,,,,,,,,,,,,,,,,,,,,,,,,,,,,,,,,",",,,,,,,,,,,,,,,,,,,,,,,,,,,,,,,,,,,,,,,,,,,,,",,,,,,,,,,,,,,,,,,,,,,,,,,,,,,,,,,,,,,,,,
468,0,0,",,,,,,,,,,,,,,,,,,,,,,,,,,,,,,,,,,,,,,,,,,,,,",",,,,,,,,,,,,,,,,,,,,,,,,,,,,,,,,,,,,,,,,,,,,,",,,,,,,,,,,,,,,,,,,,,,,,,,,,,,,,,,,,,,,,,
470,0,0,",,,,,,,,,,,,,,,,,,,,,,,,,,,,,,,,,,,,,,,,,,,,,",",,,,,,,,,,,,,,,,,,,,,,,,,,,,,,,,,,,,,,,,,,,,,",,,,,,,,,,,,,,,,,,,,,,,,,,,,,,,,,,,,,,,,,
471,0,0,",,,,,,,,,,,,,,,,,,,,,,,,,,,,,,,,,,,,,,,,,,,,,",",,,,,,,,,,,,,,,,,,,,,,,,,,,,,,,,,,,,,,,,,,,,,",,,,,,,,,,,,,,,,,,,,,,,,,,,,,,,,,,,,,,,,,
472,0,0,",,,,,,,,,,,,,,,,,,,,,,,,,,,,,,,,,,,,,,,,,,,,,",",,,,,,,,,,,,,,,,,,,,,,,,,,,,,,,,,,,,,,,,,,,,,",,,,,,,,,,,,,,,,,,,,,,,,,,,,,,,,,,,,,,,,,
474,0,0,",,,,,,,,,,,,,,,,,,,,,,,,,,,,,,,,,,,,,,,,,,,,,",",,,,,,,,,,,,,,,,,,,,,,,,,,,,,,,,,,,,,,,,,,,,,",,,,,,,,,,,,,,,,,,,,,,,,,,,,,,,,,,,,,,,,,
475,0,0,",,,,,,,,,,,,,,,,,,,,,,,,,,,,,,,,,,,,,,,,,,,,,",",,,,,,,,,,,,,,,,,,,,,,,,,,,,,,,,,,,,,,,,,,,,,",,,,,,,,,,,,,,,,,,,,,,,,,,,,,,,,,,,,,,,,,
476,0,0,",,,,,,,,,,,,,,,,,,,,,,,,,,,,,,,,,,,,,,,,,,,,,",",,,,,,,,,,,,,,,,,,,,,,,,,,,,,,,,,,,,,,,,,,,,,",,,,,,,,,,,,,,,,,,,,,,,,,,,,,,,,,,,,,,,,,
478,0,0,",,,,,,,,,,,,,,,,,,,,,,,,,,,,,,,,,,,,,,,,,,,,,",",,,,,,,,,,,,,,,,,,,,,,,,,,,,,,,,,,,,,,,,,,,,,",,,,,,,,,,,,,,,,,,,,,,,,,,,,,,,,,,,,,,,,,
479,0,0,",,,,,,,,,,,,,,,,,,,,,,,,,,,,,,,,,,,,,,,,,,,,,",",,,,,,,,,,,,,,,,,,,,,,,,,,,,,,,,,,,,,,,,,,,,,",,,,,,,,,,,,,,,,,,,,,,,,,,,,,,,,,,,,,,,,,
480,0,0,",,,,,,,,,,,,,,,,,,,,,,,,,,,,,,,,,,,,,,,,,,,,,",",,,,,,,,,,,,,,,,,,,,,,,,,,,,,,,,,,,,,,,,,,,,,",,,,,,,,,,,,,,,,,,,,,,,,,,,,,,,,,,,,,,,,,
481,0,0,",,,,,,,,,,,,,,,,,,,,,,,,,,,,,,,,,,,,,,,,,,,,,",",,,,,,,,,,,,,,,,,,,,,,,,,,,,,,,,,,,,,,,,,,,,,",,,,,,,,,,,,,,,,,,,,,,,,,,,,,,,,,,,,,,,,,
482,0,0,",,,,,,,,,,,,,,,,,,,,,,,,,,,,,,,,,,,,,,,,,,,,,",",,,,,,,,,,,,,,,,,,,,,,,,,,,,,,,,,,,,,,,,,,,,,",,,,,,,,,,,,,,,,,,,,,,,,,,,,,,,,,,,,,,,,,
483,0,0,",,,,,,,,,,,,,,,,,,,,,,,,,,,,,,,,,,,,,,,,,,,,,",",,,,,,,,,,,,,,,,,,,,,,,,,,,,,,,,,,,,,,,,,,,,,",,,,,,,,,,,,,,,,,,,,,,,,,,,,,,,,,,,,,,,,,
484,0,0,",,,,,,,,,,,,,,,,,,,,,,,,,,,,,,,,,,,,,,,,,,,,,",",,,,,,,,,,,,,,,,,,,,,,,,,,,,,,,,,,,,,,,,,,,,,",,,,,,,,,,,,,,,,,,,,,,,,,,,,,,,,,,,,,,,,,
486,0,0,",,,,,,,,,,,,,,,,,,,,,,,,,,,,,,,,,,,,,,,,,,,,,",",,,,,,,,,,,,,,,,,,,,,,,,,,,,,,,,,,,,,,,,,,,,,",,,,,,,,,,,,,,,,,,,,,,,,,,,,,,,,,,,,,,,,,
487,0,0,",,,,,,,,,,,,,,,,,,,,,,,,,,,,,,,,,,,,,,,,,,,,,",",,,,,,,,,,,,,,,,,,,,,,,,,,,,,,,,,,,,,,,,,,,,,",,,,,,,,,,,,,,,,,,,,,,,,,,,,,,,,,,,,,,,,,
488,0,0,",,,,,,,,,,,,,,,,,,,,,,,,,,,,,,,,,,,,,,,,,,,,,",",,,,,,,,,,,,,,,,,,,,,,,,,,,,,,,,,,,,,,,,,,,,,",,,,,,,,,,,,,,,,,,,,,,,,,,,,,,,,,,,,,,,,,
489,0,0,",,,,,,,,,,,,,,,,,,,,,,,,,,,,,,,,,,,,,,,,,,,,,",",,,,,,,,,,,,,,,,,,,,,,,,,,,,,,,,,,,,,,,,,,,,,",,,,,,,,,,,,,,,,,,,,,,,,,,,,,,,,,,,,,,,,,
490,0,0,",,,,,,,,,,,,,,,,,,,,,,,,,,,,,,,,,,,,,,,,,,,,,",",,,,,,,,,,,,,,,,,,,,,,,,,,,,,,,,,,,,,,,,,,,,,",,,,,,,,,,,,,,,,,,,,,,,,,,,,,,,,,,,,,,,,,
491,0,0,",,,,,,,,,,,,,,,,,,,,,,,,,,,,,,,,,,,,,,,,,,,,,",",,,,,,,,,,,,,,,,,,,,,,,,,,,,,,,,,,,,,,,,,,,,,",,,,,,,,,,,,,,,,,,,,,,,,,,,,,,,,,,,,,,,,,
492,0,0,",,,,,,,,,,,,,,,,,,,,,,,,,,,,,,,,,,,,,,,,,,,,,",",,,,,,,,,,,,,,,,,,,,,,,,,,,,,,,,,,,,,,,,,,,,,",,,,,,,,,,,,,,,,,,,,,,,,,,,,,,,,,,,,,,,,,
493,0,0,",,,,,,,,,,,,,,,,,,,,,,,,,,,,,,,,,,,,,,,,,,,,,",",,,,,,,,,,,,,,,,,,,,,,,,,,,,,,,,,,,,,,,,,,,,,",,,,,,,,,,,,,,,,,,,,,,,,,,,,,,,,,,,,,,,,,
494,0,0,",,,,,,,,,,,,,,,,,,,,,,,,,,,,,,,,,,,,,,,,,,,,,",",,,,,,,,,,,,,,,,,,,,,,,,,,,,,,,,,,,,,,,,,,,,,",,,,,,,,,,,,,,,,,,,,,,,,,,,,,,,,,,,,,,,,,
496,0,0,",,,,,,,,,,,,,,,,,,,,,,,,,,,,,,,,,,,,,,,,,,,,,",",,,,,,,,,,,,,,,,,,,,,,,,,,,,,,,,,,,,,,,,,,,,,",,,,,,,,,,,,,,,,,,,,,,,,,,,,,,,,,,,,,,,,,
497,0,0,",,,,,,,,,,,,,,,,,,,,,,,,,,,,,,,,,,,,,,,,,,,,,",",,,,,,,,,,,,,,,,,,,,,,,,,,,,,,,,,,,,,,,,,,,,,",,,,,,,,,,,,,,,,,,,,,,,,,,,,,,,,,,,,,,,,,
498,0,0,",,,,,,,,,,,,,,,,,,,,,,,,,,,,,,,,,,,,,,,,,,,,,",",,,,,,,,,,,,,,,,,,,,,,,,,,,,,,,,,,,,,,,,,,,,,",,,,,,,,,,,,,,,,,,,,,,,,,,,,,,,,,,,,,,,,,
499,0,0,",,,,,,,,,,,,,,,,,,,,,,,,,,,,,,,,,,,,,,,,,,,,,",",,,,,,,,,,,,,,,,,,,,,,,,,,,,,,,,,,,,,,,,,,,,,",,,,,,,,,,,,,,,,,,,,,,,,,,,,,,,,,,,,,,,,,
500,0,0,",,,,,,,,,,,,,,,,,,,,,,,,,,,,,,,,,,,,,,,,,,,,,",",,,,,,,,,,,,,,,,,,,,,,,,,,,,,,,,,,,,,,,,,,,,,",,,,,,,,,,,,,,,,,,,,,,,,,,,,,,,,,,,,,,,,,
501,0,0,",,,,,,,,,,,,,,,,,,,,,,,,,,,,,,,,,,,,,,,,,,,,,",",,,,,,,,,,,,,,,,,,,,,,,,,,,,,,,,,,,,,,,,,,,,,",,,,,,,,,,,,,,,,,,,,,,,,,,,,,,,,,,,,,,,,,
502,0,0,",,,,,,,,,,,,,,,,,,,,,,,,,,,,,,,,,,,,,,,,,,,,,",",,,,,,,,,,,,,,,,,,,,,,,,,,,,,,,,,,,,,,,,,,,,,",,,,,,,,,,,,,,,,,,,,,,,,,,,,,,,,,,,,,,,,,
503,0,0,",,,,,,,,,,,,,,,,,,,,,,,,,,,,,,,,,,,,,,,,,,,,,",",,,,,,,,,,,,,,,,,,,,,,,,,,,,,,,,,,,,,,,,,,,,,",,,,,,,,,,,,,,,,,,,,,,,,,,,,,,,,,,,,,,,,,
504,0,0,",,,,,,,,,,,,,,,,,,,,,,,,,,,,,,,,,,,,,,,,,,,,,",",,,,,,,,,,,,,,,,,,,,,,,,,,,,,,,,,,,,,,,,,,,,,",,,,,,,,,,,,,,,,,,,,,,,,,,,,,,,,,,,,,,,,,
505,0,0,",,,,,,,,,,,,,,,,,,,,,,,,,,,,,,,,,,,,,,,,,,,,,",",,,,,,,,,,,,,,,,,,,,,,,,,,,,,,,,,,,,,,,,,,,,,",,,,,,,,,,,,,,,,,,,,,,,,,,,,,,,,,,,,,,,,,
507,0,0,",,,,,,,,,,,,,,,,,,,,,,,,,,,,,,,,,,,,,,,,,,,,,",",,,,,,,,,,,,,,,,,,,,,,,,,,,,,,,,,,,,,,,,,,,,,",,,,,,,,,,,,,,,,,,,,,,,,,,,,,,,,,,,,,,,,,
508,0,0,",,,,,,,,,,,,,,,,,,,,,,,,,,,,,,,,,,,,,,,,,,,,,",",,,,,,,,,,,,,,,,,,,,,,,,,,,,,,,,,,,,,,,,,,,,,",,,,,,,,,,,,,,,,,,,,,,,,,,,,,,,,,,,,,,,,,
509,0,0,",,,,,,,,,,,,,,,,,,,,,,,,,,,,,,,,,,,,,,,,,,,,,",",,,,,,,,,,,,,,,,,,,,,,,,,,,,,,,,,,,,,,,,,,,,,",,,,,,,,,,,,,,,,,,,,,,,,,,,,,,,,,,,,,,,,,
510,1,1,",54,,,,,,,,,,,,,,,,,,,,,,,,,,,,,,,,,,,,,,,,,,,,",",54,,,,,,,,,,,,,,,,,,,,,,,,,,,,,,,,,,,,,,,,,,,,",,54,,,,,,,,,,,,,,,,,,,,,,,,,,,,,,,,,,,,,,,
511,0,0,",,,,,,,,,,,,,,,,,,,,,,,,,,,,,,,,,,,,,,,,,,,,,",",,,,,,,,,,,,,,,,,,,,,,,,,,,,,,,,,,,,,,,,,,,,,",,,,,,,,,,,,,,,,,,,,,,,,,,,,,,,,,,,,,,,,,
512,0,0,",,,,,,,,,,,,,,,,,,,,,,,,,,,,,,,,,,,,,,,,,,,,,",",,,,,,,,,,,,,,,,,,,,,,,,,,,,,,,,,,,,,,,,,,,,,",,,,,,,,,,,,,,,,,,,,,,,,,,,,,,,,,,,,,,,,,
513,0,0,",,,,,,,,,,,,,,,,,,,,,,,,,,,,,,,,,,,,,,,,,,,,,",",,,,,,,,,,,,,,,,,,,,,,,,,,,,,,,,,,,,,,,,,,,,,",,,,,,,,,,,,,,,,,,,,,,,,,,,,,,,,,,,,,,,,,
515,0,0,",,,,,,,,,,,,,,,,,,,,,,,,,,,,,,,,,,,,,,,,,,,,,",",,,,,,,,,,,,,,,,,,,,,,,,,,,,,,,,,,,,,,,,,,,,,",,,,,,,,,,,,,,,,,,,,,,,,,,,,,,,,,,,,,,,,,
516,0,0,",,,,,,,,,,,,,,,,,,,,,,,,,,,,,,,,,,,,,,,,,,,,,",",,,,,,,,,,,,,,,,,,,,,,,,,,,,,,,,,,,,,,,,,,,,,",,,,,,,,,,,,,,,,,,,,,,,,,,,,,,,,,,,,,,,,,
518,0,0,",,,,,,,,,,,,,,,,,,,,,,,,,,,,,,,,,,,,,,,,,,,,,",",,,,,,,,,,,,,,,,,,,,,,,,,,,,,,,,,,,,,,,,,,,,,",,,,,,,,,,,,,,,,,,,,,,,,,,,,,,,,,,,,,,,,,
519,0,0,",,,,,,,,,,,,,,,,,,,,,,,,,,,,,,,,,,,,,,,,,,,,,",",,,,,,,,,,,,,,,,,,,,,,,,,,,,,,,,,,,,,,,,,,,,,",,,,,,,,,,,,,,,,,,,,,,,,,,,,,,,,,,,,,,,,,
520,0,0,",,,,,,,,,,,,,,,,,,,,,,,,,,,,,,,,,,,,,,,,,,,,,",",,,,,,,,,,,,,,,,,,,,,,,,,,,,,,,,,,,,,,,,,,,,,",,,,,,,,,,,,,,,,,,,,,,,,,,,,,,,,,,,,,,,,,
521,1,1,",35,,,,,,,,,,,,,,,,,,,,,,,,,,,,,,,,,,,,,,,,,,,,",",35,,,,,,,,,,,,,,,,,,,,,,,,,,,,,,,,,,,,,,,,,,,,",,35,,,,,,,,,,,,,,,,,,,,,,,,,,,,,,,,,,,,,,,
522,0,0,",,,,,,,,,,,,,,,,,,,,,,,,,,,,,,,,,,,,,,,,,,,,,",",,,,,,,,,,,,,,,,,,,,,,,,,,,,,,,,,,,,,,,,,,,,,",,,,,,,,,,,,,,,,,,,,,,,,,,,,,,,,,,,,,,,,,
523,0,0,",,,,,,,,,,,,,,,,,,,,,,,,,,,,,,,,,,,,,,,,,,,,,",",,,,,,,,,,,,,,,,,,,,,,,,,,,,,,,,,,,,,,,,,,,,,",,,,,,,,,,,,,,,,,,,,,,,,,,,,,,,,,,,,,,,,,
525,0,0,",,,,,,,,,,,,,,,,,,,,,,,,,,,,,,,,,,,,,,,,,,,,,",",,,,,,,,,,,,,,,,,,,,,,,,,,,,,,,,,,,,,,,,,,,,,",,,,,,,,,,,,,,,,,,,,,,,,,,,,,,,,,,,,,,,,,
527,0,0,",,,,,,,,,,,,,,,,,,,,,,,,,,,,,,,,,,,,,,,,,,,,,",",,,,,,,,,,,,,,,,,,,,,,,,,,,,,,,,,,,,,,,,,,,,,",,,,,,,,,,,,,,,,,,,,,,,,,,,,,,,,,,,,,,,,,
528,0,0,",,,,,,,,,,,,,,,,,,,,,,,,,,,,,,,,,,,,,,,,,,,,,",",,,,,,,,,,,,,,,,,,,,,,,,,,,,,,,,,,,,,,,,,,,,,",,,,,,,,,,,,,,,,,,,,,,,,,,,,,,,,,,,,,,,,,
529,0,0,",,,,,,,,,,,,,,,,,,,,,,,,,,,,,,,,,,,,,,,,,,,,,",",,,,,,,,,,,,,,,,,,,,,,,,,,,,,,,,,,,,,,,,,,,,,",,,,,,,,,,,,,,,,,,,,,,,,,,,,,,,,,,,,,,,,,
530,0,0,",,,,,,,,,,,,,,,,,,,,,,,,,,,,,,,,,,,,,,,,,,,,,",",,,,,,,,,,,,,,,,,,,,,,,,,,,,,,,,,,,,,,,,,,,,,",,,,,,,,,,,,,,,,,,,,,,,,,,,,,,,,,,,,,,,,,
531,0,0,",,,,,,,,,,,,,,,,,,,,,,,,,,,,,,,,,,,,,,,,,,,,,",",,,,,,,,,,,,,,,,,,,,,,,,,,,,,,,,,,,,,,,,,,,,,",,,,,,,,,,,,,,,,,,,,,,,,,,,,,,,,,,,,,,,,,
533,0,0,",,,,,,,,,,,,,,,,,,,,,,,,,,,,,,,,,,,,,,,,,,,,,",",,,,,,,,,,,,,,,,,,,,,,,,,,,,,,,,,,,,,,,,,,,,,",,,,,,,,,,,,,,,,,,,,,,,,,,,,,,,,,,,,,,,,,
534,0,0,",,,,,,,,,,,,,,,,,,,,,,,,,,,,,,,,,,,,,,,,,,,,,",",,,,,,,,,,,,,,,,,,,,,,,,,,,,,,,,,,,,,,,,,,,,,",,,,,,,,,,,,,,,,,,,,,,,,,,,,,,,,,,,,,,,,,
535,0,0,",,,,,,,,,,,,,,,,,,,,,,,,,,,,,,,,,,,,,,,,,,,,,",",,,,,,,,,,,,,,,,,,,,,,,,,,,,,,,,,,,,,,,,,,,,,",,,,,,,,,,,,,,,,,,,,,,,,,,,,,,,,,,,,,,,,,
536,0,0,",,,,,,,,,,,,,,,,,,,,,,,,,,,,,,,,,,,,,,,,,,,,,",",,,,,,,,,,,,,,,,,,,,,,,,,,,,,,,,,,,,,,,,,,,,,",,,,,,,,,,,,,,,,,,,,,,,,,,,,,,,,,,,,,,,,,
538,0,0,",,,,,,,,,,,,,,,,,,,,,,,,,,,,,,,,,,,,,,,,,,,,,",",,,,,,,,,,,,,,,,,,,,,,,,,,,,,,,,,,,,,,,,,,,,,",,,,,,,,,,,,,,,,,,,,,,,,,,,,,,,,,,,,,,,,,
539,0,0,",,,,,,,,,,,,,,,,,,,,,,,,,,,,,,,,,,,,,,,,,,,,,",",,,,,,,,,,,,,,,,,,,,,,,,,,,,,,,,,,,,,,,,,,,,,",,,,,,,,,,,,,,,,,,,,,,,,,,,,,,,,,,,,,,,,,
540,0,0,",,,,,,,,,,,,,,,,,,,,,,,,,,,,,,,,,,,,,,,,,,,,,",",,,,,,,,,,,,,,,,,,,,,,,,,,,,,,,,,,,,,,,,,,,,,",,,,,,,,,,,,,,,,,,,,,,,,,,,,,,,,,,,,,,,,,
541,0,0,",,,,,,,,,,,,,,,,,,,,,,,,,,,,,,,,,,,,,,,,,,,,,",",,,,,,,,,,,,,,,,,,,,,,,,,,,,,,,,,,,,,,,,,,,,,",,,,,,,,,,,,,,,,,,,,,,,,,,,,,,,,,,,,,,,,,
542,0,0,",,,,,,,,,,,,,,,,,,,,,,,,,,,,,,,,,,,,,,,,,,,,,",",,,,,,,,,,,,,,,,,,,,,,,,,,,,,,,,,,,,,,,,,,,,,",,,,,,,,,,,,,,,,,,,,,,,,,,,,,,,,,,,,,,,,,
543,0,0,",,,,,,,,,,,,,,,,,,,,,,,,,,,,,,,,,,,,,,,,,,,,,",",,,,,,,,,,,,,,,,,,,,,,,,,,,,,,,,,,,,,,,,,,,,,",,,,,,,,,,,,,,,,,,,,,,,,,,,,,,,,,,,,,,,,,
545,0,0,",,,,,,,,,,,,,,,,,,,,,,,,,,,,,,,,,,,,,,,,,,,,,",",,,,,,,,,,,,,,,,,,,,,,,,,,,,,,,,,,,,,,,,,,,,,",,,,,,,,,,,,,,,,,,,,,,,,,,,,,,,,,,,,,,,,,
547,0,0,",,,,,,,,,,,,,,,,,,,,,,,,,,,,,,,,,,,,,,,,,,,,,",",,,,,,,,,,,,,,,,,,,,,,,,,,,,,,,,,,,,,,,,,,,,,",,,,,,,,,,,,,,,,,,,,,,,,,,,,,,,,,,,,,,,,,
548,0,0,",,,,,,,,,,,,,,,,,,,,,,,,,,,,,,,,,,,,,,,,,,,,,",",,,,,,,,,,,,,,,,,,,,,,,,,,,,,,,,,,,,,,,,,,,,,",,,,,,,,,,,,,,,,,,,,,,,,,,,,,,,,,,,,,,,,,
550,0,0,",,,,,,,,,,,,,,,,,,,,,,,,,,,,,,,,,,,,,,,,,,,,,",",,,,,,,,,,,,,,,,,,,,,,,,,,,,,,,,,,,,,,,,,,,,,",,,,,,,,,,,,,,,,,,,,,,,,,,,,,,,,,,,,,,,,,
551,1,1,",54,,,,,,,,,,,,,,,,,,,,,,,,,,,,,,,,,,,,,,,,,,,,",",54,,,,,,,,,,,,,,,,,,,,,,,,,,,,,,,,,,,,,,,,,,,,",,54,,,,,,,,,,,,,,,,,,,,,,,,,,,,,,,,,,,,,,,
552,0,0,",,,,,,,,,,,,,,,,,,,,,,,,,,,,,,,,,,,,,,,,,,,,,",",,,,,,,,,,,,,,,,,,,,,,,,,,,,,,,,,,,,,,,,,,,,,",,,,,,,,,,,,,,,,,,,,,,,,,,,,,,,,,,,,,,,,,
553,0,0,",,,,,,,,,,,,,,,,,,,,,,,,,,,,,,,,,,,,,,,,,,,,,",",,,,,,,,,,,,,,,,,,,,,,,,,,,,,,,,,,,,,,,,,,,,,",,,,,,,,,,,,,,,,,,,,,,,,,,,,,,,,,,,,,,,,,
554,0,0,",,,,,,,,,,,,,,,,,,,,,,,,,,,,,,,,,,,,,,,,,,,,,",",,,,,,,,,,,,,,,,,,,,,,,,,,,,,,,,,,,,,,,,,,,,,",,,,,,,,,,,,,,,,,,,,,,,,,,,,,,,,,,,,,,,,,
555,0,0,",,,,,,,,,,,,,,,,,,,,,,,,,,,,,,,,,,,,,,,,,,,,,",",,,,,,,,,,,,,,,,,,,,,,,,,,,,,,,,,,,,,,,,,,,,,",,,,,,,,,,,,,,,,,,,,,,,,,,,,,,,,,,,,,,,,,
556,0,0,",,,,,,,,,,,,,,,,,,,,,,,,,,,,,,,,,,,,,,,,,,,,,",",,,,,,,,,,,,,,,,,,,,,,,,,,,,,,,,,,,,,,,,,,,,,",,,,,,,,,,,,,,,,,,,,,,,,,,,,,,,,,,,,,,,,,
557,0,0,",,,,,,,,,,,,,,,,,,,,,,,,,,,,,,,,,,,,,,,,,,,,,",",,,,,,,,,,,,,,,,,,,,,,,,,,,,,,,,,,,,,,,,,,,,,",,,,,,,,,,,,,,,,,,,,,,,,,,,,,,,,,,,,,,,,,
558,1,1,",33,,,,,,,,,,,,,,,,,,,,,,,,,,,,,,,,,,,,,,,,,,,,",",33,,,,,,,,,,,,,,,,,,,,,,,,,,,,,,,,,,,,,,,,,,,,",,33,,,,,,,,,,,,,,,,,,,,,,,,,,,,,,,,,,,,,,,
559,0,0,",,,,,,,,,,,,,,,,,,,,,,,,,,,,,,,,,,,,,,,,,,,,,",",,,,,,,,,,,,,,,,,,,,,,,,,,,,,,,,,,,,,,,,,,,,,",,,,,,,,,,,,,,,,,,,,,,,,,,,,,,,,,,,,,,,,,
560,0,0,",,,,,,,,,,,,,,,,,,,,,,,,,,,,,,,,,,,,,,,,,,,,,",",,,,,,,,,,,,,,,,,,,,,,,,,,,,,,,,,,,,,,,,,,,,,",,,,,,,,,,,,,,,,,,,,,,,,,,,,,,,,,,,,,,,,,
561,0,0,",,,,,,,,,,,,,,,,,,,,,,,,,,,,,,,,,,,,,,,,,,,,,",",,,,,,,,,,,,,,,,,,,,,,,,,,,,,,,,,,,,,,,,,,,,,",,,,,,,,,,,,,,,,,,,,,,,,,,,,,,,,,,,,,,,,,
562,0,0,",,,,,,,,,,,,,,,,,,,,,,,,,,,,,,,,,,,,,,,,,,,,,",",,,,,,,,,,,,,,,,,,,,,,,,,,,,,,,,,,,,,,,,,,,,,",,,,,,,,,,,,,,,,,,,,,,,,,,,,,,,,,,,,,,,,,
563,1,1,",52,,,,,,,,,,,,,,,,,,,,,,,,,,,,,,,,,,,,,,,,,,,,",",52,,,,,,,,,,,,,,,,,,,,,,,,,,,,,,,,,,,,,,,,,,,,",,52,,,,,,,,,,,,,,,,,,,,,,,,,,,,,,,,,,,,,,,
565,0,0,",,,,,,,,,,,,,,,,,,,,,,,,,,,,,,,,,,,,,,,,,,,,,",",,,,,,,,,,,,,,,,,,,,,,,,,,,,,,,,,,,,,,,,,,,,,",,,,,,,,,,,,,,,,,,,,,,,,,,,,,,,,,,,,,,,,,
566,0,0,",,,,,,,,,,,,,,,,,,,,,,,,,,,,,,,,,,,,,,,,,,,,,",",,,,,,,,,,,,,,,,,,,,,,,,,,,,,,,,,,,,,,,,,,,,,",,,,,,,,,,,,,,,,,,,,,,,,,,,,,,,,,,,,,,,,,
567,0,0,",,,,,,,,,,,,,,,,,,,,,,,,,,,,,,,,,,,,,,,,,,,,,",",,,,,,,,,,,,,,,,,,,,,,,,,,,,,,,,,,,,,,,,,,,,,",,,,,,,,,,,,,,,,,,,,,,,,,,,,,,,,,,,,,,,,,
568,0,0,",,,,,,,,,,,,,,,,,,,,,,,,,,,,,,,,,,,,,,,,,,,,,",",,,,,,,,,,,,,,,,,,,,,,,,,,,,,,,,,,,,,,,,,,,,,",,,,,,,,,,,,,,,,,,,,,,,,,,,,,,,,,,,,,,,,,
569,0,0,",,,,,,,,,,,,,,,,,,,,,,,,,,,,,,,,,,,,,,,,,,,,,",",,,,,,,,,,,,,,,,,,,,,,,,,,,,,,,,,,,,,,,,,,,,,",,,,,,,,,,,,,,,,,,,,,,,,,,,,,,,,,,,,,,,,,
571,0,0,",,,,,,,,,,,,,,,,,,,,,,,,,,,,,,,,,,,,,,,,,,,,,",",,,,,,,,,,,,,,,,,,,,,,,,,,,,,,,,,,,,,,,,,,,,,",,,,,,,,,,,,,,,,,,,,,,,,,,,,,,,,,,,,,,,,,
572,0,0,",,,,,,,,,,,,,,,,,,,,,,,,,,,,,,,,,,,,,,,,,,,,,",",,,,,,,,,,,,,,,,,,,,,,,,,,,,,,,,,,,,,,,,,,,,,",,,,,,,,,,,,,,,,,,,,,,,,,,,,,,,,,,,,,,,,,
573,0,0,",,,,,,,,,,,,,,,,,,,,,,,,,,,,,,,,,,,,,,,,,,,,,",",,,,,,,,,,,,,,,,,,,,,,,,,,,,,,,,,,,,,,,,,,,,,",,,,,,,,,,,,,,,,,,,,,,,,,,,,,,,,,,,,,,,,,
574,0,0,",,,,,,,,,,,,,,,,,,,,,,,,,,,,,,,,,,,,,,,,,,,,,",",,,,,,,,,,,,,,,,,,,,,,,,,,,,,,,,,,,,,,,,,,,,,",,,,,,,,,,,,,,,,,,,,,,,,,,,,,,,,,,,,,,,,,
575,0,0,",,,,,,,,,,,,,,,,,,,,,,,,,,,,,,,,,,,,,,,,,,,,,",",,,,,,,,,,,,,,,,,,,,,,,,,,,,,,,,,,,,,,,,,,,,,",,,,,,,,,,,,,,,,,,,,,,,,,,,,,,,,,,,,,,,,,
577,0,0,",,,,,,,,,,,,,,,,,,,,,,,,,,,,,,,,,,,,,,,,,,,,,",",,,,,,,,,,,,,,,,,,,,,,,,,,,,,,,,,,,,,,,,,,,,,",,,,,,,,,,,,,,,,,,,,,,,,,,,,,,,,,,,,,,,,,
579,0,0,",,,,,,,,,,,,,,,,,,,,,,,,,,,,,,,,,,,,,,,,,,,,,",",,,,,,,,,,,,,,,,,,,,,,,,,,,,,,,,,,,,,,,,,,,,,",,,,,,,,,,,,,,,,,,,,,,,,,,,,,,,,,,,,,,,,,
580,0,0,",,,,,,,,,,,,,,,,,,,,,,,,,,,,,,,,,,,,,,,,,,,,,",",,,,,,,,,,,,,,,,,,,,,,,,,,,,,,,,,,,,,,,,,,,,,",,,,,,,,,,,,,,,,,,,,,,,,,,,,,,,,,,,,,,,,,
581,0,0,",,,,,,,,,,,,,,,,,,,,,,,,,,,,,,,,,,,,,,,,,,,,,",",,,,,,,,,,,,,,,,,,,,,,,,,,,,,,,,,,,,,,,,,,,,,",,,,,,,,,,,,,,,,,,,,,,,,,,,,,,,,,,,,,,,,,
582,0,0,",,,,,,,,,,,,,,,,,,,,,,,,,,,,,,,,,,,,,,,,,,,,,",",,,,,,,,,,,,,,,,,,,,,,,,,,,,,,,,,,,,,,,,,,,,,",,,,,,,,,,,,,,,,,,,,,,,,,,,,,,,,,,,,,,,,,
583,0,0,",,,,,,,,,,,,,,,,,,,,,,,,,,,,,,,,,,,,,,,,,,,,,",",,,,,,,,,,,,,,,,,,,,,,,,,,,,,,,,,,,,,,,,,,,,,",,,,,,,,,,,,,,,,,,,,,,,,,,,,,,,,,,,,,,,,,
584,0,0,",,,,,,,,,,,,,,,,,,,,,,,,,,,,,,,,,,,,,,,,,,,,,",",,,,,,,,,,,,,,,,,,,,,,,,,,,,,,,,,,,,,,,,,,,,,",,,,,,,,,,,,,,,,,,,,,,,,,,,,,,,,,,,,,,,,,
585,0,0,",,,,,,,,,,,,,,,,,,,,,,,,,,,,,,,,,,,,,,,,,,,,,",",,,,,,,,,,,,,,,,,,,,,,,,,,,,,,,,,,,,,,,,,,,,,",,,,,,,,,,,,,,,,,,,,,,,,,,,,,,,,,,,,,,,,,
586,1,1,",46,,,,,,,,,,,,,,,,,,,,,,,,,,,,,,,,,,,,,,,,,,,,",",46,,,,,,,,,,,,,,,,,,,,,,,,,,,,,,,,,,,,,,,,,,,,",,46,,,,,,,,,,,,,,,,,,,,,,,,,,,,,,,,,,,,,,,
587,0,0,",,,,,,,,,,,,,,,,,,,,,,,,,,,,,,,,,,,,,,,,,,,,,",",,,,,,,,,,,,,,,,,,,,,,,,,,,,,,,,,,,,,,,,,,,,,",,,,,,,,,,,,,,,,,,,,,,,,,,,,,,,,,,,,,,,,,
589,0,0,",,,,,,,,,,,,,,,,,,,,,,,,,,,,,,,,,,,,,,,,,,,,,",",,,,,,,,,,,,,,,,,,,,,,,,,,,,,,,,,,,,,,,,,,,,,",,,,,,,,,,,,,,,,,,,,,,,,,,,,,,,,,,,,,,,,,
590,0,0,",,,,,,,,,,,,,,,,,,,,,,,,,,,,,,,,,,,,,,,,,,,,,",",,,,,,,,,,,,,,,,,,,,,,,,,,,,,,,,,,,,,,,,,,,,,",,,,,,,,,,,,,,,,,,,,,,,,,,,,,,,,,,,,,,,,,
591,0,0,",,,,,,,,,,,,,,,,,,,,,,,,,,,,,,,,,,,,,,,,,,,,,",",,,,,,,,,,,,,,,,,,,,,,,,,,,,,,,,,,,,,,,,,,,,,",,,,,,,,,,,,,,,,,,,,,,,,,,,,,,,,,,,,,,,,,
592,0,0,",,,,,,,,,,,,,,,,,,,,,,,,,,,,,,,,,,,,,,,,,,,,,",",,,,,,,,,,,,,,,,,,,,,,,,,,,,,,,,,,,,,,,,,,,,,",,,,,,,,,,,,,,,,,,,,,,,,,,,,,,,,,,,,,,,,,
593,0,0,",,,,,,,,,,,,,,,,,,,,,,,,,,,,,,,,,,,,,,,,,,,,,",",,,,,,,,,,,,,,,,,,,,,,,,,,,,,,,,,,,,,,,,,,,,,",,,,,,,,,,,,,,,,,,,,,,,,,,,,,,,,,,,,,,,,,
594,0,0,",,,,,,,,,,,,,,,,,,,,,,,,,,,,,,,,,,,,,,,,,,,,,",",,,,,,,,,,,,,,,,,,,,,,,,,,,,,,,,,,,,,,,,,,,,,",,,,,,,,,,,,,,,,,,,,,,,,,,,,,,,,,,,,,,,,,
595,0,0,",,,,,,,,,,,,,,,,,,,,,,,,,,,,,,,,,,,,,,,,,,,,,",",,,,,,,,,,,,,,,,,,,,,,,,,,,,,,,,,,,,,,,,,,,,,",,,,,,,,,,,,,,,,,,,,,,,,,,,,,,,,,,,,,,,,,
596,0,0,",,,,,,,,,,,,,,,,,,,,,,,,,,,,,,,,,,,,,,,,,,,,,",",,,,,,,,,,,,,,,,,,,,,,,,,,,,,,,,,,,,,,,,,,,,,",,,,,,,,,,,,,,,,,,,,,,,,,,,,,,,,,,,,,,,,,
597,0,0,",,,,,,,,,,,,,,,,,,,,,,,,,,,,,,,,,,,,,,,,,,,,,",",,,,,,,,,,,,,,,,,,,,,,,,,,,,,,,,,,,,,,,,,,,,,",,,,,,,,,,,,,,,,,,,,,,,,,,,,,,,,,,,,,,,,,
600,0,0,",,,,,,,,,,,,,,,,,,,,,,,,,,,,,,,,,,,,,,,,,,,,,",",,,,,,,,,,,,,,,,,,,,,,,,,,,,,,,,,,,,,,,,,,,,,",,,,,,,,,,,,,,,,,,,,,,,,,,,,,,,,,,,,,,,,,
601,0,0,",,,,,,,,,,,,,,,,,,,,,,,,,,,,,,,,,,,,,,,,,,,,,",",,,,,,,,,,,,,,,,,,,,,,,,,,,,,,,,,,,,,,,,,,,,,",,,,,,,,,,,,,,,,,,,,,,,,,,,,,,,,,,,,,,,,,
602,0,0,",,,,,,,,,,,,,,,,,,,,,,,,,,,,,,,,,,,,,,,,,,,,,",",,,,,,,,,,,,,,,,,,,,,,,,,,,,,,,,,,,,,,,,,,,,,",,,,,,,,,,,,,,,,,,,,,,,,,,,,,,,,,,,,,,,,,
603,0,0,",,,,,,,,,,,,,,,,,,,,,,,,,,,,,,,,,,,,,,,,,,,,,",",,,,,,,,,,,,,,,,,,,,,,,,,,,,,,,,,,,,,,,,,,,,,",,,,,,,,,,,,,,,,,,,,,,,,,,,,,,,,,,,,,,,,,
604,0,0,",,,,,,,,,,,,,,,,,,,,,,,,,,,,,,,,,,,,,,,,,,,,,",",,,,,,,,,,,,,,,,,,,,,,,,,,,,,,,,,,,,,,,,,,,,,",,,,,,,,,,,,,,,,,,,,,,,,,,,,,,,,,,,,,,,,,
606,1,1,",50,,,,,,,,,,,,,,,,,,,,,,,,,,,,,,,,,,,,,,,,,,,,",",50,,,,,,,,,,,,,,,,,,,,,,,,,,,,,,,,,,,,,,,,,,,,",,50,,,,,,,,,,,,,,,,,,,,,,,,,,,,,,,,,,,,,,,
607,0,0,",,,,,,,,,,,,,,,,,,,,,,,,,,,,,,,,,,,,,,,,,,,,,",",,,,,,,,,,,,,,,,,,,,,,,,,,,,,,,,,,,,,,,,,,,,,",,,,,,,,,,,,,,,,,,,,,,,,,,,,,,,,,,,,,,,,,
608,0,0,",,,,,,,,,,,,,,,,,,,,,,,,,,,,,,,,,,,,,,,,,,,,,",",,,,,,,,,,,,,,,,,,,,,,,,,,,,,,,,,,,,,,,,,,,,,",,,,,,,,,,,,,,,,,,,,,,,,,,,,,,,,,,,,,,,,,
609,0,0,",,,,,,,,,,,,,,,,,,,,,,,,,,,,,,,,,,,,,,,,,,,,,",",,,,,,,,,,,,,,,,,,,,,,,,,,,,,,,,,,,,,,,,,,,,,",,,,,,,,,,,,,,,,,,,,,,,,,,,,,,,,,,,,,,,,,
610,0,0,",,,,,,,,,,,,,,,,,,,,,,,,,,,,,,,,,,,,,,,,,,,,,",",,,,,,,,,,,,,,,,,,,,,,,,,,,,,,,,,,,,,,,,,,,,,",,,,,,,,,,,,,,,,,,,,,,,,,,,,,,,,,,,,,,,,,
611,0,0,",,,,,,,,,,,,,,,,,,,,,,,,,,,,,,,,,,,,,,,,,,,,,",",,,,,,,,,,,,,,,,,,,,,,,,,,,,,,,,,,,,,,,,,,,,,",,,,,,,,,,,,,,,,,,,,,,,,,,,,,,,,,,,,,,,,,
612,0,0,",,,,,,,,,,,,,,,,,,,,,,,,,,,,,,,,,,,,,,,,,,,,,",",,,,,,,,,,,,,,,,,,,,,,,,,,,,,,,,,,,,,,,,,,,,,",,,,,,,,,,,,,,,,,,,,,,,,,,,,,,,,,,,,,,,,,
613,0,0,",,,,,,,,,,,,,,,,,,,,,,,,,,,,,,,,,,,,,,,,,,,,,",",,,,,,,,,,,,,,,,,,,,,,,,,,,,,,,,,,,,,,,,,,,,,",,,,,,,,,,,,,,,,,,,,,,,,,,,,,,,,,,,,,,,,,
614,0,0,",,,,,,,,,,,,,,,,,,,,,,,,,,,,,,,,,,,,,,,,,,,,,",",,,,,,,,,,,,,,,,,,,,,,,,,,,,,,,,,,,,,,,,,,,,,",,,,,,,,,,,,,,,,,,,,,,,,,,,,,,,,,,,,,,,,,
620,1,1,"31,,,,,,,,,,,,,,,,,,,,,,,,,,,,,,,,,,,,,,,,,,,,,","31,,,,,,,,,,,,,,,,,,,,,,,,,,,,,,,,,,,,,,,,,,,,,",31,,,,,,,,,,,,,,,,,,,,,,,,,,,,,,,,,,,,,,,,
621,0,0,",,,,,,,,,,,,,,,,,,,,,,,,,,,,,,,,,,,,,,,,,,,,,",",,,,,,,,,,,,,,,,,,,,,,,,,,,,,,,,,,,,,,,,,,,,,",,,,,,,,,,,,,,,,,,,,,,,,,,,,,,,,,,,,,,,,,
622,0,0,",,,,,,,,,,,,,,,,,,,,,,,,,,,,,,,,,,,,,,,,,,,,,",",,,,,,,,,,,,,,,,,,,,,,,,,,,,,,,,,,,,,,,,,,,,,",,,,,,,,,,,,,,,,,,,,,,,,,,,,,,,,,,,,,,,,,
623,0,0,",,,,,,,,,,,,,,,,,,,,,,,,,,,,,,,,,,,,,,,,,,,,,",",,,,,,,,,,,,,,,,,,,,,,,,,,,,,,,,,,,,,,,,,,,,,",,,,,,,,,,,,,,,,,,,,,,,,,,,,,,,,,,,,,,,,,
624,0,0,",,,,,,,,,,,,,,,,,,,,,,,,,,,,,,,,,,,,,,,,,,,,,",",,,,,,,,,,,,,,,,,,,,,,,,,,,,,,,,,,,,,,,,,,,,,",,,,,,,,,,,,,,,,,,,,,,,,,,,,,,,,,,,,,,,,,
627,1,1,",54,,,,,,,,,,,,,,,,,,,,,,,,,,,,,,,,,,,,,,,,,,,,",",54,,,,,,,,,,,,,,,,,,,,,,,,,,,,,,,,,,,,,,,,,,,,",,54,,,,,,,,,,,,,,,,,,,,,,,,,,,,,,,,,,,,,,,
628,0,0,",,,,,,,,,,,,,,,,,,,,,,,,,,,,,,,,,,,,,,,,,,,,,",",,,,,,,,,,,,,,,,,,,,,,,,,,,,,,,,,,,,,,,,,,,,,",,,,,,,,,,,,,,,,,,,,,,,,,,,,,,,,,,,,,,,,,
629,0,0,",,,,,,,,,,,,,,,,,,,,,,,,,,,,,,,,,,,,,,,,,,,,,",",,,,,,,,,,,,,,,,,,,,,,,,,,,,,,,,,,,,,,,,,,,,,",,,,,,,,,,,,,,,,,,,,,,,,,,,,,,,,,,,,,,,,,
630,0,0,",,,,,,,,,,,,,,,,,,,,,,,,,,,,,,,,,,,,,,,,,,,,,",",,,,,,,,,,,,,,,,,,,,,,,,,,,,,,,,,,,,,,,,,,,,,",,,,,,,,,,,,,,,,,,,,,,,,,,,,,,,,,,,,,,,,,
632,0,0,",,,,,,,,,,,,,,,,,,,,,,,,,,,,,,,,,,,,,,,,,,,,,",",,,,,,,,,,,,,,,,,,,,,,,,,,,,,,,,,,,,,,,,,,,,,",,,,,,,,,,,,,,,,,,,,,,,,,,,,,,,,,,,,,,,,,
633,0,0,",,,,,,,,,,,,,,,,,,,,,,,,,,,,,,,,,,,,,,,,,,,,,",",,,,,,,,,,,,,,,,,,,,,,,,,,,,,,,,,,,,,,,,,,,,,",,,,,,,,,,,,,,,,,,,,,,,,,,,,,,,,,,,,,,,,,
634,0,0,",,,,,,,,,,,,,,,,,,,,,,,,,,,,,,,,,,,,,,,,,,,,,",",,,,,,,,,,,,,,,,,,,,,,,,,,,,,,,,,,,,,,,,,,,,,",,,,,,,,,,,,,,,,,,,,,,,,,,,,,,,,,,,,,,,,,
635,0,0,",,,,,,,,,,,,,,,,,,,,,,,,,,,,,,,,,,,,,,,,,,,,,",",,,,,,,,,,,,,,,,,,,,,,,,,,,,,,,,,,,,,,,,,,,,,",,,,,,,,,,,,,,,,,,,,,,,,,,,,,,,,,,,,,,,,,
636,0,0,",,,,,,,,,,,,,,,,,,,,,,,,,,,,,,,,,,,,,,,,,,,,,",",,,,,,,,,,,,,,,,,,,,,,,,,,,,,,,,,,,,,,,,,,,,,",,,,,,,,,,,,,,,,,,,,,,,,,,,,,,,,,,,,,,,,,
637,0,0,",,,,,,,,,,,,,,,,,,,,,,,,,,,,,,,,,,,,,,,,,,,,,",",,,,,,,,,,,,,,,,,,,,,,,,,,,,,,,,,,,,,,,,,,,,,",,,,,,,,,,,,,,,,,,,,,,,,,,,,,,,,,,,,,,,,,
638,0,0,",,,,,,,,,,,,,,,,,,,,,,,,,,,,,,,,,,,,,,,,,,,,,",",,,,,,,,,,,,,,,,,,,,,,,,,,,,,,,,,,,,,,,,,,,,,",,,,,,,,,,,,,,,,,,,,,,,,,,,,,,,,,,,,,,,,,
639,0,0,",,,,,,,,,,,,,,,,,,,,,,,,,,,,,,,,,,,,,,,,,,,,,",",,,,,,,,,,,,,,,,,,,,,,,,,,,,,,,,,,,,,,,,,,,,,",,,,,,,,,,,,,,,,,,,,,,,,,,,,,,,,,,,,,,,,,
640,0,0,",,,,,,,,,,,,,,,,,,,,,,,,,,,,,,,,,,,,,,,,,,,,,",",,,,,,,,,,,,,,,,,,,,,,,,,,,,,,,,,,,,,,,,,,,,,",,,,,,,,,,,,,,,,,,,,,,,,,,,,,,,,,,,,,,,,,
641,0,0,",,,,,,,,,,,,,,,,,,,,,,,,,,,,,,,,,,,,,,,,,,,,,",",,,,,,,,,,,,,,,,,,,,,,,,,,,,,,,,,,,,,,,,,,,,,",,,,,,,,,,,,,,,,,,,,,,,,,,,,,,,,,,,,,,,,,
642,0,0,",,,,,,,,,,,,,,,,,,,,,,,,,,,,,,,,,,,,,,,,,,,,,",",,,,,,,,,,,,,,,,,,,,,,,,,,,,,,,,,,,,,,,,,,,,,",,,,,,,,,,,,,,,,,,,,,,,,,,,,,,,,,,,,,,,,,
644,0,0,",,,,,,,,,,,,,,,,,,,,,,,,,,,,,,,,,,,,,,,,,,,,,",",,,,,,,,,,,,,,,,,,,,,,,,,,,,,,,,,,,,,,,,,,,,,",,,,,,,,,,,,,,,,,,,,,,,,,,,,,,,,,,,,,,,,,
645,0,0,",,,,,,,,,,,,,,,,,,,,,,,,,,,,,,,,,,,,,,,,,,,,,",",,,,,,,,,,,,,,,,,,,,,,,,,,,,,,,,,,,,,,,,,,,,,",,,,,,,,,,,,,,,,,,,,,,,,,,,,,,,,,,,,,,,,,
647,0,0,",,,,,,,,,,,,,,,,,,,,,,,,,,,,,,,,,,,,,,,,,,,,,",",,,,,,,,,,,,,,,,,,,,,,,,,,,,,,,,,,,,,,,,,,,,,",,,,,,,,,,,,,,,,,,,,,,,,,,,,,,,,,,,,,,,,,
649,0,0,",,,,,,,,,,,,,,,,,,,,,,,,,,,,,,,,,,,,,,,,,,,,,",",,,,,,,,,,,,,,,,,,,,,,,,,,,,,,,,,,,,,,,,,,,,,",,,,,,,,,,,,,,,,,,,,,,,,,,,,,,,,,,,,,,,,,
650,0,0,",,,,,,,,,,,,,,,,,,,,,,,,,,,,,,,,,,,,,,,,,,,,,",",,,,,,,,,,,,,,,,,,,,,,,,,,,,,,,,,,,,,,,,,,,,,",,,,,,,,,,,,,,,,,,,,,,,,,,,,,,,,,,,,,,,,,
651,0,0,",,,,,,,,,,,,,,,,,,,,,,,,,,,,,,,,,,,,,,,,,,,,,",",,,,,,,,,,,,,,,,,,,,,,,,,,,,,,,,,,,,,,,,,,,,,",,,,,,,,,,,,,,,,,,,,,,,,,,,,,,,,,,,,,,,,,
652,0,0,",,,,,,,,,,,,,,,,,,,,,,,,,,,,,,,,,,,,,,,,,,,,,",",,,,,,,,,,,,,,,,,,,,,,,,,,,,,,,,,,,,,,,,,,,,,",,,,,,,,,,,,,,,,,,,,,,,,,,,,,,,,,,,,,,,,,
653,0,0,",,,,,,,,,,,,,,,,,,,,,,,,,,,,,,,,,,,,,,,,,,,,,",",,,,,,,,,,,,,,,,,,,,,,,,,,,,,,,,,,,,,,,,,,,,,",,,,,,,,,,,,,,,,,,,,,,,,,,,,,,,,,,,,,,,,,
654,0,0,",,,,,,,,,,,,,,,,,,,,,,,,,,,,,,,,,,,,,,,,,,,,,",",,,,,,,,,,,,,,,,,,,,,,,,,,,,,,,,,,,,,,,,,,,,,",,,,,,,,,,,,,,,,,,,,,,,,,,,,,,,,,,,,,,,,,
655,0,0,",,,,,,,,,,,,,,,,,,,,,,,,,,,,,,,,,,,,,,,,,,,,,",",,,,,,,,,,,,,,,,,,,,,,,,,,,,,,,,,,,,,,,,,,,,,",,,,,,,,,,,,,,,,,,,,,,,,,,,,,,,,,,,,,,,,,
656,0,0,",,,,,,,,,,,,,,,,,,,,,,,,,,,,,,,,,,,,,,,,,,,,,",",,,,,,,,,,,,,,,,,,,,,,,,,,,,,,,,,,,,,,,,,,,,,",,,,,,,,,,,,,,,,,,,,,,,,,,,,,,,,,,,,,,,,,
660,0,0,",,,,,,,,,,,,,,,,,,,,,,,,,,,,,,,,,,,,,,,,,,,,,",",,,,,,,,,,,,,,,,,,,,,,,,,,,,,,,,,,,,,,,,,,,,,",,,,,,,,,,,,,,,,,,,,,,,,,,,,,,,,,,,,,,,,,
661,0,0,",,,,,,,,,,,,,,,,,,,,,,,,,,,,,,,,,,,,,,,,,,,,,",",,,,,,,,,,,,,,,,,,,,,,,,,,,,,,,,,,,,,,,,,,,,,",,,,,,,,,,,,,,,,,,,,,,,,,,,,,,,,,,,,,,,,,
663,0,0,",,,,,,,,,,,,,,,,,,,,,,,,,,,,,,,,,,,,,,,,,,,,,",",,,,,,,,,,,,,,,,,,,,,,,,,,,,,,,,,,,,,,,,,,,,,",,,,,,,,,,,,,,,,,,,,,,,,,,,,,,,,,,,,,,,,,
664,0,0,",,,,,,,,,,,,,,,,,,,,,,,,,,,,,,,,,,,,,,,,,,,,,",",,,,,,,,,,,,,,,,,,,,,,,,,,,,,,,,,,,,,,,,,,,,,",,,,,,,,,,,,,,,,,,,,,,,,,,,,,,,,,,,,,,,,,
665,0,0,",,,,,,,,,,,,,,,,,,,,,,,,,,,,,,,,,,,,,,,,,,,,,",",,,,,,,,,,,,,,,,,,,,,,,,,,,,,,,,,,,,,,,,,,,,,",,,,,,,,,,,,,,,,,,,,,,,,,,,,,,,,,,,,,,,,,
666,0,0,",,,,,,,,,,,,,,,,,,,,,,,,,,,,,,,,,,,,,,,,,,,,,",",,,,,,,,,,,,,,,,,,,,,,,,,,,,,,,,,,,,,,,,,,,,,",,,,,,,,,,,,,,,,,,,,,,,,,,,,,,,,,,,,,,,,,
667,0,0,",,,,,,,,,,,,,,,,,,,,,,,,,,,,,,,,,,,,,,,,,,,,,",",,,,,,,,,,,,,,,,,,,,,,,,,,,,,,,,,,,,,,,,,,,,,",,,,,,,,,,,,,,,,,,,,,,,,,,,,,,,,,,,,,,,,,
668,0,0,",,,,,,,,,,,,,,,,,,,,,,,,,,,,,,,,,,,,,,,,,,,,,",",,,,,,,,,,,,,,,,,,,,,,,,,,,,,,,,,,,,,,,,,,,,,",,,,,,,,,,,,,,,,,,,,,,,,,,,,,,,,,,,,,,,,,
671,0,0,",,,,,,,,,,,,,,,,,,,,,,,,,,,,,,,,,,,,,,,,,,,,,",",,,,,,,,,,,,,,,,,,,,,,,,,,,,,,,,,,,,,,,,,,,,,",,,,,,,,,,,,,,,,,,,,,,,,,,,,,,,,,,,,,,,,,
672,0,0,",,,,,,,,,,,,,,,,,,,,,,,,,,,,,,,,,,,,,,,,,,,,,",",,,,,,,,,,,,,,,,,,,,,,,,,,,,,,,,,,,,,,,,,,,,,",,,,,,,,,,,,,,,,,,,,,,,,,,,,,,,,,,,,,,,,,
673,0,0,",,,,,,,,,,,,,,,,,,,,,,,,,,,,,,,,,,,,,,,,,,,,,",",,,,,,,,,,,,,,,,,,,,,,,,,,,,,,,,,,,,,,,,,,,,,",,,,,,,,,,,,,,,,,,,,,,,,,,,,,,,,,,,,,,,,,
674,0,0,",,,,,,,,,,,,,,,,,,,,,,,,,,,,,,,,,,,,,,,,,,,,,",",,,,,,,,,,,,,,,,,,,,,,,,,,,,,,,,,,,,,,,,,,,,,",,,,,,,,,,,,,,,,,,,,,,,,,,,,,,,,,,,,,,,,,
675,0,0,",,,,,,,,,,,,,,,,,,,,,,,,,,,,,,,,,,,,,,,,,,,,,",",,,,,,,,,,,,,,,,,,,,,,,,,,,,,,,,,,,,,,,,,,,,,",,,,,,,,,,,,,,,,,,,,,,,,,,,,,,,,,,,,,,,,,
676,0,0,",,,,,,,,,,,,,,,,,,,,,,,,,,,,,,,,,,,,,,,,,,,,,",",,,,,,,,,,,,,,,,,,,,,,,,,,,,,,,,,,,,,,,,,,,,,",,,,,,,,,,,,,,,,,,,,,,,,,,,,,,,,,,,,,,,,,
678,0,0,",,,,,,,,,,,,,,,,,,,,,,,,,,,,,,,,,,,,,,,,,,,,,",",,,,,,,,,,,,,,,,,,,,,,,,,,,,,,,,,,,,,,,,,,,,,",,,,,,,,,,,,,,,,,,,,,,,,,,,,,,,,,,,,,,,,,
679,0,0,",,,,,,,,,,,,,,,,,,,,,,,,,,,,,,,,,,,,,,,,,,,,,",",,,,,,,,,,,,,,,,,,,,,,,,,,,,,,,,,,,,,,,,,,,,,",,,,,,,,,,,,,,,,,,,,,,,,,,,,,,,,,,,,,,,,,
680,0,0,",,,,,,,,,,,,,,,,,,,,,,,,,,,,,,,,,,,,,,,,,,,,,",",,,,,,,,,,,,,,,,,,,,,,,,,,,,,,,,,,,,,,,,,,,,,",,,,,,,,,,,,,,,,,,,,,,,,,,,,,,,,,,,,,,,,,
684,1,1,"33,,,,,,,,,,,,,,,,,,,,,,,,,,,,,,,,,,,,,,,,,,,,,","33,,,,,,,,,,,,,,,,,,,,,,,,,,,,,,,,,,,,,,,,,,,,,",33,,,,,,,,,,,,,,,,,,,,,,,,,,,,,,,,,,,,,,,,
685,1,1,"33,,,,,,,,,,,,,,,,,,,,,,,,,,,,,,,,,,,,,,,,,,,,,","33,,,,,,,,,,,,,,,,,,,,,,,,,,,,,,,,,,,,,,,,,,,,,",33,,,,,,,,,,,,,,,,,,,,,,,,,,,,,,,,,,,,,,,,
686,1,1,"34,,,,,,,,,,,,,,,,,,,,,,,,,,,,,,,,,,,,,,,,,,,,,","34,,,,,,,,,,,,,,,,,,,,,,,,,,,,,,,,,,,,,,,,,,,,,",34,,,,,,,,,,,,,,,,,,,,,,,,,,,,,,,,,,,,,,,,
689,1,1,"35,,,,,,,,,,,,,,,,,,,,,,,,,,,,,,,,,,,,,,,,,,,,,","35,,,,,,,,,,,,,,,,,,,,,,,,,,,,,,,,,,,,,,,,,,,,,",35,,,,,,,,,,,,,,,,,,,,,,,,,,,,,,,,,,,,,,,,
690,1,1,"41,,,,,,,,,,,,,,,,,,,,,,,,,,,,,,,,,,,,,,,,,,,,,","41,,,,,,,,,,,,,,,,,,,,,,,,,,,,,,,,,,,,,,,,,,,,,",41,,,,,,,,,,,,,,,,,,,,,,,,,,,,,,,,,,,,,,,,
691,1,1,"42,,,,,,,,,,,,,,,,,,,,,,,,,,,,,,,,,,,,,,,,,,,,,","42,,,,,,,,,,,,,,,,,,,,,,,,,,,,,,,,,,,,,,,,,,,,,",42,,,,,,,,,,,,,,,,,,,,,,,,,,,,,,,,,,,,,,,,
703,1,1,"50,,,,,,,,,,,,,,,,,,,,,,,,,,,,,,,,,,,,,,,,,,,,,","50,,,,,,,,,,,,,,,,,,,,,,,,,,,,,,,,,,,,,,,,,,,,,",50,,,,,,,,,,,,,,,,,,,,,,,,,,,,,,,,,,,,,,,,
706,0,0,",,,,,,,,,,,,,,,,,,,,,,,,,,,,,,,,,,,,,,,,,,,,,",",,,,,,,,,,,,,,,,,,,,,,,,,,,,,,,,,,,,,,,,,,,,,",,,,,,,,,,,,,,,,,,,,,,,,,,,,,,,,,,,,,,,,,
727,1,1,"54,,,,,,,,,,,,,,,,,,,,,,,,,,,,,,,,,,,,,,,,,,,,,","54,,,,,,,,,,,,,,,,,,,,,,,,,,,,,,,,,,,,,,,,,,,,,",54,,,,,,,,,,,,,,,,,,,,,,,,,,,,,,,,,,,,,,,,
