Rowno,Word,Count,Row,Root,Percent observed agreement,Agreement percentage (Complex),Agreement percentage (Simple)
1,विपणन,39,"1,2,7,11,12,13,14,15,16,17,19,20,21,22,23,24,25,27,,29,30,31,,33,34,35,38,39,40,41,42,43,44,46,47,48,49,52,53,54,55,,,,,",विपणन,0.5384615385,76.4705882353,23.5294117647
40,महाभिनिष्क्रमण,33,"4,5,7,8,11,12,15,17,18,19,20,21,24,25,26,27,29,30,33,34,36,39,40,41,43,44,47,48,50,52,53,54,55,,,,,,,,,,,,,",,0.5271493213,64.7058823529,35.2941176471
3,विक्रय,31,"2,3,4,8,11,13,14,15,16,17,18,19,21,22,23,24,25,,29,30,31,,34,35,40,41,42,43,44,49,50,,52,53,,,,,,,,,,,,",विक्रय,0.5173453997,60.7843137255,39.2156862745
19,वल्लरियों,31,"3,7,11,12,14,15,16,17,18,19,21,24,25,26,27,,31,33,34,36,38,39,40,41,45,46,47,49,52,53,54,55,,,,,,,,,,,,,,",वल्लरि,0.5090497738,60.7843137255,39.2156862745
7,वैकल्पिक,27,"3,4,7,11,12,15,17,20,24,25,26,27,29,31,,33,34,35,39,40,45,46,47,50,,52,53,54,55,,,,,,,,,,,,,,,,,",वैकल्पिक,0.4932126697,52.9411764706,47.0588235294
13,अनियमितता,28,"3,5,6,7,11,12,14,15,17,20,24,27,,29,30,38,39,40,41,43,44,45,46,47,48,50,52,53,55,,,,,,,,,,,,,,,,,",अनियमितता,0.4932126697,54.9019607843,45.0980392157
33,अद्वितीय,28,"4,7,11,12,17,19,24,25,26,27,,30,31,,33,35,36,38,39,40,43,45,46,47,48,50,52,53,54,55,,,,,,,,,,,,,,,,",अद्वितीय,0.4932126697,54.9019607843,45.0980392157
5,वर्चस्व,27,"2,3,4,7,8,11,12,14,15,18,19,21,23,24,,29,31,,38,39,41,42,43,44,45,49,50,52,53,,,,,,,,,,,,,,,,,",वर्चस्व,0.4909502262,52.9411764706,47.0588235294
14,उन्मुक्त,27,"3,7,10,11,12,13,14,15,17,19,20,21,26,27,30,34,35,38,39,40,41,43,45,49,50,53,54,,,,,,,,,,,,,,,,,,,",उन्मुक्त,0.4909502262,52.9411764706,47.0588235294
20,पद्मिनी,26,"3,4,5,7,14,16,18,20,22,23,25,27,,30,33,35,36,41,42,45,47,48,50,52,53,54,55,,,,,,,,,,,,,,,,,,,",पद्मिनी,0.4901960784,50.9803921569,49.0196078431
23,ब्यौंड़े,25,"3,4,5,7,11,12,15,18,19,21,24,25,26,,29,33,38,39,41,45,46,47,48,49,52,55,,,,,,,,,,,,,,,,,,,,",,0.4909502262,49.0196078431,50.9803921569
52,समानान्तर,23,"5,7,11,12,16,17,18,24,25,26,27,,29,31,,38,39,40,41,46,48,50,53,54,55,,,,,,,,,,,,,,,,,,,,,",समानान्तर,0.4969834087,45.0980392157,54.9019607843
51,प्रशिक्षार्थियो,22,"5,7,13,16,19,20,24,25,27,,29,,33,34,35,36,39,40,41,46,47,48,50,55,,,,,,,,,,,,,,,,,,,,,,",,0.5022624434,43.137254902,56.862745098
35,दार्शनिक,19,"4,7,11,12,15,18,20,24,30,38,39,40,41,46,48,50,53,54,55,,,,,,,,,,,,,,,,,,,,,,,,,,,",दार्शनिक,0.5271493213,37.2549019608,62.7450980392
66,तरतीबी,19,"6,11,12,14,15,17,18,25,26,29,33,38,39,41,45,47,52,53,54,,,,,,,,,,,,,,,,,,,,,,,,,,,",तरतीब,0.5271493213,37.2549019608,62.7450980392
27,प्रतिध्वनित,17,",3,4,5,7,8,11,14,18,20,24,33,39,48,52,53,54,55,,,,,,,,,,,,,,,,,,,,,,,,,,,,",प्रतिध्वनित,0.5512820513,33.3333333333,66.6666666667
49,विश्वासपात्र,17,"4,6,7,24,27,33,34,35,36,39,41,45,48,50,52,53,54,,,,,,,,,,,,,,,,,,,,,,,,,,,,,",विश्वासपात्र,0.5512820513,33.3333333333,66.6666666667
73,स्वच्छन्द,17,"7,8,11,16,21,22,26,,29,30,31,33,35,39,47,50,52,53,,,,,,,,,,,,,,,,,,,,,,,,,,,,",स्वच्छन्द,0.5512820513,33.3333333333,66.6666666667
88,अनुशासनात्मक,17,"7,11,16,20,24,25,,30,33,38,39,40,41,46,50,53,54,55,,,,,,,,,,,,,,,,,,,,,,,,,,,,",अनुशासनात्मक,0.5512820513,33.3333333333,66.6666666667
28,नितान्त,16,"3,11,12,15,17,19,21,24,25,27,45,47,49,50,52,54,,,,,,,,,,,,,,,,,,,,,,,,,,,,,,",नितान्त,0.5656108597,31.3725490196,68.6274509804
39,मातृत्व,15,"4,5,7,12,20,24,25,27,,31,39,43,46,52,53,55,,,,,,,,,,,,,,,,,,,,,,,,,,,,,,",मातृत्व,0.5814479638,29.4117647059,70.5882352941
55,सत्ताच्युत,15,"5,7,11,12,15,17,18,19,24,26,33,38,41,49,52,,,,,,,,,,,,,,,,,,,,,,,,,,,,,,,",,0.5814479638,29.4117647059,70.5882352941
56,उत्पादन,15,"6,7,11,17,24,25,,29,30,,40,41,43,45,50,52,53,,,,,,,,,,,,,,,,,,,,,,,,,,,,,",उत्पादन,0.5814479638,29.4117647059,70.5882352941
18,सर्वोत्कृष्ट,14,"3,4,5,18,20,27,,30,,33,35,39,41,46,48,50,,,,,,,,,,,,,,,,,,,,,,,,,,,,,,",सर्वोत्कृष्ट,0.5987933635,27.4509803922,72.5490196078
30,स्मृतियाँ,14,"3,4,7,11,18,25,30,31,39,40,41,48,53,54,,,,,,,,,,,,,,,,,,,,,,,,,,,,,,,,",स्मृति,0.5987933635,27.4509803922,72.5490196078
36,फौजदारी,14,"4,11,12,15,17,26,,30,31,,33,38,39,41,47,52,,,,,,,,,,,,,,,,,,,,,,,,,,,,,,",फौजदारी,0.5987933635,27.4509803922,72.5490196078
21,किलोल,13,"3,6,11,12,15,19,,29,31,38,39,41,52,54,,,,,,,,,,,,,,,,,,,,,,,,,,,,,,,,",किलोल,0.6176470588,25.4901960784,74.5098039216
24,पसोपेश,13,"3,14,15,16,17,21,25,26,,45,47,50,52,54,,,,,,,,,,,,,,,,,,,,,,,,,,,,,,,,",पसोपेश,0.6176470588,25.4901960784,74.5098039216
42,भभूत,13,"4,6,8,17,18,20,24,26,30,,33,42,45,54,,,,,,,,,,,,,,,,,,,,,,,,,,,,,,,,",भभूत,0.6176470588,25.4901960784,74.5098039216
62,सुकुमार,13,"6,8,15,16,19,24,25,31,,35,45,50,52,53,,,,,,,,,,,,,,,,,,,,,,,,,,,,,,,,",सुकुमार,0.6176470588,25.4901960784,74.5098039216
80,भौंचक्का,13,"4,7,11,15,24,25,,39,40,41,45,48,53,54,,,,,,,,,,,,,,,,,,,,,,,,,,,,,,,,",भौंचक्का,0.6176470588,25.4901960784,74.5098039216
94,मूसलाधार,13,"9,11,16,17,31,35,36,40,41,45,50,53,54,,,,,,,,,,,,,,,,,,,,,,,,,,,,,,,,,",मूसलाधार,0.6176470588,25.4901960784,74.5098039216
83,एहतियात,12,"7,11,,29,31,33,38,39,45,52,53,54,55,,,,,,,,,,,,,,,,,,,,,,,,,,,,,,,,,",एहतियात,0.6380090498,23.5294117647,76.4705882353
9,आकलन,11,"3,8,11,17,18,19,20,24,,29,,43,50,,,,,,,,,,,,,,,,,,,,,,,,,,,,,,,,,",आकलन,0.6598793363,21.568627451,78.431372549
101,बिलखने,11,"12,17,20,27,30,33,46,47,50,52,55,,,,,,,,,,,,,,,,,,,,,,,,,,,,,,,,,,,",,0.6598793363,21.568627451,78.431372549
43,व्याकुल,10,"4,6,7,12,15,24,,,45,50,53,54,,,,,,,,,,,,,,,,,,,,,,,,,,,,,,,,,,",व्याकुल,0.6832579186,19.6078431373,80.3921568627
58,हहराता,10,"6,24,25,,31,,38,47,49,50,53,54,,,,,,,,,,,,,,,,,,,,,,,,,,,,,,,,,,",,0.6832579186,19.6078431373,80.3921568627
63,सिटकनी,10,"6,14,19,20,,30,33,41,47,50,52,,,,,,,,,,,,,,,,,,,,,,,,,,,,,,,,,,,",सिटकनी,0.6832579186,19.6078431373,80.3921568627
70,उपभोक्ता,10,"7,15,24,,,33,36,38,40,41,50,53,,,,,,,,,,,,,,,,,,,,,,,,,,,,,,,,,,",उपभोक्ता,0.6832579186,19.6078431373,80.3921568627
126,विघटन,10,"15,19,24,29,38,41,47,49,52,54,,,,,,,,,,,,,,,,,,,,,,,,,,,,,,,,,,,,",विघटन,0.6832579186,19.6078431373,80.3921568627
137,नाममात्र,10,"17,18,20,24,,34,42,45,53,54,55,,,,,,,,,,,,,,,,,,,,,,,,,,,,,,,,,,,",नाममात्र,0.6832579186,19.6078431373,80.3921568627
26,काकली,8,"3,15,24,26,29,38,41,,54,,,,,,,,,,,,,,,,,,,,,,,,,,,,,,,,,,,,,",,0.7081447964,15.6862745098,84.3137254902
31,बिसाती,9,"3,6,12,15,17,19,26,,38,54,,,,,,,,,,,,,,,,,,,,,,,,,,,,,,,,,,,,",बिसाती,0.7081447964,17.6470588235,82.3529411765
25,ऐंठनो,9,"3,15,19,25,,29,30,35,50,55,,,,,,,,,,,,,,,,,,,,,,,,,,,,,,,,,,,,",,0.7081447964,17.6470588235,82.3529411765
95,व्यस्तताएँ,9,"9,11,18,,30,33,40,41,46,48,,,,,,,,,,,,,,,,,,,,,,,,,,,,,,,,,,,,",व्यस्तता,0.7081447964,17.6470588235,82.3529411765
103,टिकोरे,9,"12,15,19,24,29,33,49,50,54,,,,,,,,,,,,,,,,,,,,,,,,,,,,,,,,,,,,,",टिकोरा,0.7081447964,17.6470588235,82.3529411765
12,दार्शनिक-भाव,8,"3,17,25,27,,31,,35,45,52,,,,,,,,,,,,,,,,,,,,,,,,,,,,,,,,,,,,",,0.7345399698,15.6862745098,84.3137254902
22,अंधड़,8,"3,11,15,19,24,,33,45,52,,,,,,,,,,,,,,,,,,,,,,,,,,,,,,,,,,,,,",,0.7345399698,15.6862745098,84.3137254902
32,अंकलेश्वर,8,"4,16,20,26,,30,,33,42,53,,,,,,,,,,,,,,,,,,,,,,,,,,,,,,,,,,,,",,0.7345399698,15.6862745098,84.3137254902
45,जग्गन,7,"4,7,27,,29,41,50,,53,,,,,,,,,,,,,,,,,,,,,,,,,,,,,,,,,,,,,",,0.7345399698,13.7254901961,86.2745098039
48,किवाड़,8,"4,12,14,24,26,,30,35,38,,,,,,,,,,,,,,,,,,,,,,,,,,,,,,,,,,,,,",किवाड़,0.7345399698,15.6862745098,84.3137254902
60,कौड़ियों,8,"6,18,24,33,40,46,50,54,,,,,,,,,,,,,,,,,,,,,,,,,,,,,,,,,,,,,,",,0.7345399698,15.6862745098,84.3137254902
86,सार्वजनिक,7,"7,11,,33,39,40,46,,54,,,,,,,,,,,,,,,,,,,,,,,,,,,,,,,,,,,,,",सार्वजनिक,0.7345399698,13.7254901961,86.2745098039
123,विचरण,8,"15,17,24,,38,46,49,52,54,,,,,,,,,,,,,,,,,,,,,,,,,,,,,,,,,,,,,",विचरण,0.7345399698,15.6862745098,84.3137254902
81,खूँखार,7,"7,24,,33,35,41,53,54,,,,,,,,,,,,,,,,,,,,,,,,,,,,,,,,,,,,,,",खूँखार,0.7624434389,13.7254901961,86.2745098039
84,कुंभलगढ़,7,"7,27,33,40,41,45,52,,,,,,,,,,,,,,,,,,,,,,,,,,,,,,,,,,,,,,,",कुंभलगढ़,0.7624434389,13.7254901961,86.2745098039
100,कसाव,7,"12,17,24,29,43,52,54,,,,,,,,,,,,,,,,,,,,,,,,,,,,,,,,,,,,,,,",कसाव,0.7624434389,13.7254901961,86.2745098039
115,बंधुआ,7,"15,16,20,24,27,,45,53,,,,,,,,,,,,,,,,,,,,,,,,,,,,,,,,,,,,,,",बंधुआ,0.7624434389,13.7254901961,86.2745098039
162,गतिविधियों,7,"24,,29,33,36,40,52,53,,,,,,,,,,,,,,,,,,,,,,,,,,,,,,,,,,,,,,",,0.7624434389,13.7254901961,86.2745098039
10,संयोजन,6,"3,8,,29,,43,46,50,,,,,,,,,,,,,,,,,,,,,,,,,,,,,,,,,,,,,,",संयोजन,0.7918552036,11.7647058824,88.2352941176
29,अनुयायी,6,"3,15,19,29,31,52,,,,,,,,,,,,,,,,,,,,,,,,,,,,,,,,,,,,,,,,",अनुयायी,0.7918552036,11.7647058824,88.2352941176
54,ऐंठने,6,"5,7,20,24,,40,52,,,,,,,,,,,,,,,,,,,,,,,,,,,,,,,,,,,,,,,",ऐंठ,0.7918552036,11.7647058824,88.2352941176
59,चायखाने,6,"6,26,29,47,50,54,,,,,,,,,,,,,,,,,,,,,,,,,,,,,,,,,,,,,,,,",,0.7918552036,11.7647058824,88.2352941176
68,चारपाइयों,6,"6,16,24,33,36,50,,,,,,,,,,,,,,,,,,,,,,,,,,,,,,,,,,,,,,,,",चारपाई,0.7918552036,11.7647058824,88.2352941176
69,दुष्कर,6,"7,10,16,24,,,46,50,,,,,,,,,,,,,,,,,,,,,,,,,,,,,,,,,,,,,,",दुष्कर,0.7918552036,11.7647058824,88.2352941176
79,तुनक,6,"7,26,31,,33,38,54,,,,,,,,,,,,,,,,,,,,,,,,,,,,,,,,,,,,,,,",तुनक,0.7918552036,11.7647058824,88.2352941176
82,जलाश्य,5,"7,,40,41,50,,52,,,,,,,,,,,,,,,,,,,,,,,,,,,,,,,,,,,,,,,",,0.7918552036,9.8039215686,90.1960784314
97,बाधाहीन,6,"11,16,19,24,30,43,,,,,,,,,,,,,,,,,,,,,,,,,,,,,,,,,,,,,,,,",बाधाहीन,0.7918552036,11.7647058824,88.2352941176
118,माफिक,5,"15,19,24,43,,54,,,,,,,,,,,,,,,,,,,,,,,,,,,,,,,,,,,,,,,,",माफिक,0.7918552036,9.8039215686,90.1960784314
152,श्रेष्ठ,6,"24,,,34,43,48,50,53,,,,,,,,,,,,,,,,,,,,,,,,,,,,,,,,,,,,,,",श्रेष्ठ,0.7918552036,11.7647058824,88.2352941176
17,गिलट,5,"3,15,17,38,54,,,,,,,,,,,,,,,,,,,,,,,,,,,,,,,,,,,,,,,,,",गिलट,0.822775264,9.8039215686,90.1960784314
71,मछुआरे,5,",7,24,,36,48,55,,,,,,,,,,,,,,,,,,,,,,,,,,,,,,,,,,,,,,,",मछुआरा,0.822775264,9.8039215686,90.1960784314
78,उपन्यासों,5,"7,15,38,52,53,,,,,,,,,,,,,,,,,,,,,,,,,,,,,,,,,,,,,,,,,",उपन्यास,0.822775264,9.8039215686,90.1960784314
98,द्वीप,5,"11,12,,38,50,55,,,,,,,,,,,,,,,,,,,,,,,,,,,,,,,,,,,,,,,,",द्वीप,0.822775264,9.8039215686,90.1960784314
117,तरकारी,5,"15,43,44,49,52,,,,,,,,,,,,,,,,,,,,,,,,,,,,,,,,,,,,,,,,,",तरकारी,0.822775264,9.8039215686,90.1960784314
139,उत्पाद,5,"18,24,,30,,41,52,,,,,,,,,,,,,,,,,,,,,,,,,,,,,,,,,,,,,,,",उत्पाद,0.822775264,9.8039215686,90.1960784314
144,अद्भुत,5,"19,23,27,30,52,,,,,,,,,,,,,,,,,,,,,,,,,,,,,,,,,,,,,,,,,",अद्भुत,0.822775264,9.8039215686,90.1960784314
145,भरूच,4,"20,,30,,42,,53,,,,,,,,,,,,,,,,,,,,,,,,,,,,,,,,,,,,,,,",,0.822775264,7.8431372549,92.1568627451
155,केन्द्रीय,5,"24,,30,,35,36,50,,,,,,,,,,,,,,,,,,,,,,,,,,,,,,,,,,,,,,,",केन्द्रीय,0.822775264,9.8039215686,90.1960784314
164,ऋतु,5,"24,30,33,50,55,,,,,,,,,,,,,,,,,,,,,,,,,,,,,,,,,,,,,,,,,",ऋतु,0.822775264,9.8039215686,90.1960784314
173,वरिष्ठ,5,"27,30,33,50,52,,,,,,,,,,,,,,,,,,,,,,,,,,,,,,,,,,,,,,,,,",वरिष्ठ,0.822775264,9.8039215686,90.1960784314
15,गेसू,4,"3,12,24,,42,,,,,,,,,,,,,,,,,,,,,,,,,,,,,,,,,,,,,,,,,",,0.8552036199,7.8431372549,92.1568627451
38,खुलाव,4,"4,8,24,,29,,,,,,,,,,,,,,,,,,,,,,,,,,,,,,,,,,,,,,,,,",,0.8552036199,7.8431372549,92.1568627451
46,मँडराते,4,"4,24,36,41,,,,,,,,,,,,,,,,,,,,,,,,,,,,,,,,,,,,,,,,,,",मँडरा,0.8552036199,7.8431372549,92.1568627451
64,छिटक,4,"6,19,24,,47,,,,,,,,,,,,,,,,,,,,,,,,,,,,,,,,,,,,,,,,,",,0.8552036199,7.8431372549,92.1568627451
65,इर्द-गिर्द,4,"6,24,40,53,,,,,,,,,,,,,,,,,,,,,,,,,,,,,,,,,,,,,,,,,,",इर्द-गिर्द,0.8552036199,7.8431372549,92.1568627451
72,ठेकेदारों,3,",7,,,35,,54,,,,,,,,,,,,,,,,,,,,,,,,,,,,,,,,,,,,,,,",ठेकेदार,0.8552036199,5.8823529412,94.1176470588
96,रस्सियों,4,"9,16,36,48,,,,,,,,,,,,,,,,,,,,,,,,,,,,,,,,,,,,,,,,,,",रस्सी,0.8552036199,7.8431372549,92.1568627451
119,इठलाने,4,"15,18,,31,,43,,,,,,,,,,,,,,,,,,,,,,,,,,,,,,,,,,,,,,,,",,0.8552036199,7.8431372549,92.1568627451
124,चितेरे,4,"15,19,,41,52,,,,,,,,,,,,,,,,,,,,,,,,,,,,,,,,,,,,,,,,,",चितेरा,0.8552036199,7.8431372549,92.1568627451
125,दूभर,4,"15,,29,38,54,,,,,,,,,,,,,,,,,,,,,,,,,,,,,,,,,,,,,,,,,",दूभर,0.8552036199,7.8431372549,92.1568627451
140,अनुभूति,4,"18,,,33,43,50,,,,,,,,,,,,,,,,,,,,,,,,,,,,,,,,,,,,,,,,",अनुभूति,0.8552036199,7.8431372549,92.1568627451
143,ढेले,4,"19,20,,30,47,,,,,,,,,,,,,,,,,,,,,,,,,,,,,,,,,,,,,,,,,",ढेला,0.8552036199,7.8431372549,92.1568627451
172,मुग्ध,4,"27,45,47,52,,,,,,,,,,,,,,,,,,,,,,,,,,,,,,,,,,,,,,,,,,",मुग्ध,0.8552036199,7.8431372549,92.1568627451
61,इक्नॉमिक्स,3,"6,7,48,,,,,,,,,,,,,,,,,,,,,,,,,,,,,,,,,,,,,,,,,,,",,0.8891402715,5.8823529412,94.1176470588
74,इंजीनियरिंग,3,"7,,33,36,,,,,,,,,,,,,,,,,,,,,,,,,,,,,,,,,,,,,,,,,,",इंजीनियरिंग,0.8891402715,5.8823529412,94.1176470588
76,अभिन्न,3,"7,,29,46,,,,,,,,,,,,,,,,,,,,,,,,,,,,,,,,,,,,,,,,,,",अभिन्न,0.8891402715,5.8823529412,94.1176470588
91,बाल-स्मृतियाँ,3,"8,45,52,,,,,,,,,,,,,,,,,,,,,,,,,,,,,,,,,,,,,,,,,,,",,0.8891402715,5.8823529412,94.1176470588
99,सहसा,3,"11,15,,52,,,,,,,,,,,,,,,,,,,,,,,,,,,,,,,,,,,,,,,,,,",सहसा,0.8891402715,5.8823529412,94.1176470588
113,पूंजी,3,"15,24,,,50,,,,,,,,,,,,,,,,,,,,,,,,,,,,,,,,,,,,,,,,,",पूंजी,0.8891402715,5.8823529412,94.1176470588
122,बेधड़क,3,"15,39,46,,,,,,,,,,,,,,,,,,,,,,,,,,,,,,,,,,,,,,,,,,,",बेधड़क,0.8891402715,5.8823529412,94.1176470588
134,राक्षसों,3,",16,31,40,,,,,,,,,,,,,,,,,,,,,,,,,,,,,,,,,,,,,,,,,,",राक्षस,0.8891402715,5.8823529412,94.1176470588
136,मुरझाए,3,"16,20,46,,,,,,,,,,,,,,,,,,,,,,,,,,,,,,,,,,,,,,,,,,,",,0.8891402715,5.8823529412,94.1176470588
146,संगठन,3,"20,,,52,53,,,,,,,,,,,,,,,,,,,,,,,,,,,,,,,,,,,,,,,,,",संगठन,0.8891402715,5.8823529412,94.1176470588
151,तालमेल,3,"24,,,36,54,,,,,,,,,,,,,,,,,,,,,,,,,,,,,,,,,,,,,,,,,",तालमेल,0.8891402715,5.8823529412,94.1176470588
154,प्रचार-प्रसार,3,"24,,,34,50,,,,,,,,,,,,,,,,,,,,,,,,,,,,,,,,,,,,,,,,,",प्रचार-प्रसार,0.8891402715,5.8823529412,94.1176470588
544,सिलसिला,3,",31,46,50,,,,,,,,,,,,,,,,,,,,,,,,,,,,,,,,,,,,,,,,,,",सिलसिला,0.8891402715,5.8823529412,94.1176470588
598,कार्यवाही,2,",40,47,,,,,,,,,,,,,,,,,,,,,,,,,,,,,,,,,,,,,,,,,,,",कार्यवाही,0.8891402715,3.9215686275,96.0784313725
682,बँधे-बँधाये,3,"33,36,40,,,,,,,,,,,,,,,,,,,,,,,,,,,,,,,,,,,,,,,,,,,",,0.8891402715,5.8823529412,94.1176470588
683,सोसायटियों,3,"33,40,53,,,,,,,,,,,,,,,,,,,,,,,,,,,,,,,,,,,,,,,,,,,",,0.8891402715,5.8823529412,94.1176470588
8,विकल्प,2,"3,24,,,,,,,,,,,,,,,,,,,,,,,,,,,,,,,,,,,,,,,,,,,,",विकल्प,0.9245852187,3.9215686275,96.0784313725
34,उपलब्धि,2,"4,,,43,,,,,,,,,,,,,,,,,,,,,,,,,,,,,,,,,,,,,,,,,,",उपलब्धि,0.9245852187,3.9215686275,96.0784313725
47,बँधती,2,"4,,33,,,,,,,,,,,,,,,,,,,,,,,,,,,,,,,,,,,,,,,,,,,",,0.9245852187,3.9215686275,96.0784313725
75,स्वास्थ्य,2,"7,,33,,,,,,,,,,,,,,,,,,,,,,,,,,,,,,,,,,,,,,,,,,,",स्वास्थ्य,0.9245852187,3.9215686275,96.0784313725
85,तेन्दुए,2,"7,24,,,,,,,,,,,,,,,,,,,,,,,,,,,,,,,,,,,,,,,,,,,,",,0.9245852187,3.9215686275,96.0784313725
93,निर्माण,2,"9,24,,,,,,,,,,,,,,,,,,,,,,,,,,,,,,,,,,,,,,,,,,,,",निर्माण,0.9245852187,3.9215686275,96.0784313725
102,बारजे,2,"12,,33,,,,,,,,,,,,,,,,,,,,,,,,,,,,,,,,,,,,,,,,,,,",बारजा,0.9245852187,3.9215686275,96.0784313725
10,सून,2,"14,15,,,,,,,,,,,,,,,,,,,,,,,,,,,,,,,,,,,,,,,,,,,,",,0.9245852187,3.9215686275,96.0784313725
112,दर्जों,2,"14,15,,,,,,,,,,,,,,,,,,,,,,,,,,,,,,,,,,,,,,,,,,,,",दर्जा,0.9245852187,3.9215686275,96.0784313725
114,मानवता,2,"15,,52,,,,,,,,,,,,,,,,,,,,,,,,,,,,,,,,,,,,,,,,,,,",मानवता,0.9245852187,3.9215686275,96.0784313725
120,लतरों,2,"15,52,,,,,,,,,,,,,,,,,,,,,,,,,,,,,,,,,,,,,,,,,,,,",,0.9245852187,3.9215686275,96.0784313725
121,माजरा,2,"15,24,,,,,,,,,,,,,,,,,,,,,,,,,,,,,,,,,,,,,,,,,,,,",माजरा,0.9245852187,3.9215686275,96.0784313725
128,टिकाया,2,"16,,,54,,,,,,,,,,,,,,,,,,,,,,,,,,,,,,,,,,,,,,,,,,",,0.9245852187,3.9215686275,96.0784313725
129,बुद्धि,2,"16,33,,,,,,,,,,,,,,,,,,,,,,,,,,,,,,,,,,,,,,,,,,,,",बुद्धि,0.9245852187,3.9215686275,96.0784313725
130,घसीटना,2,"16,36,,,,,,,,,,,,,,,,,,,,,,,,,,,,,,,,,,,,,,,,,,,,",घसीटना,0.9245852187,3.9215686275,96.0784313725
132,प्रवेश,1,"16,,,,,,,,,,,,,,,,,,,,,,,,,,,,,,,,,,,,,,,,,,,,,",प्रवेश,0.9245852187,1.9607843137,98.0392156863
141,संचालित,2,"18,,41,,,,,,,,,,,,,,,,,,,,,,,,,,,,,,,,,,,,,,,,,,,",संचालित,0.9245852187,3.9215686275,96.0784313725
153,विज्ञापन,2,"24,,,52,,,,,,,,,,,,,,,,,,,,,,,,,,,,,,,,,,,,,,,,,,",विज्ञापन,0.9245852187,3.9215686275,96.0784313725
156,भुगतान,2,"24,,50,,,,,,,,,,,,,,,,,,,,,,,,,,,,,,,,,,,,,,,,,,,",भुगतान,0.9245852187,3.9215686275,96.0784313725
158,संयम,2,"24,,50,,,,,,,,,,,,,,,,,,,,,,,,,,,,,,,,,,,,,,,,,,,",संयम,0.9245852187,3.9215686275,96.0784313725
160,एकमात्र,2,"24,,43,,,,,,,,,,,,,,,,,,,,,,,,,,,,,,,,,,,,,,,,,,,",एकमात्र,0.9245852187,3.9215686275,96.0784313725
165,फुहारे,2,"24,54,,,,,,,,,,,,,,,,,,,,,,,,,,,,,,,,,,,,,,,,,,,,",फुहारा,0.9245852187,3.9215686275,96.0784313725
181,अभियान,2,",,52,54,,,,,,,,,,,,,,,,,,,,,,,,,,,,,,,,,,,,,,,,,,",अभियान,0.9245852187,3.9215686275,96.0784313725
199,अनुपम,2,",,42,54,,,,,,,,,,,,,,,,,,,,,,,,,,,,,,,,,,,,,,,,,,",अनुपम,0.9245852187,3.9215686275,96.0784313725
269,व्यवस्था,1,",,33,,,,,,,,,,,,,,,,,,,,,,,,,,,,,,,,,,,,,,,,,,,",व्यवस्था,0.9245852187,1.9607843137,98.0392156863
274,भूमिका,2,",,45,54,,,,,,,,,,,,,,,,,,,,,,,,,,,,,,,,,,,,,,,,,,",भूमिका,0.9245852187,3.9215686275,96.0784313725
283,बांधकर,1,",33,,,,,,,,,,,,,,,,,,,,,,,,,,,,,,,,,,,,,,,,,,,,",बाँध,0.9245852187,1.9607843137,98.0392156863
361,साथिन,2,",41,45,,,,,,,,,,,,,,,,,,,,,,,,,,,,,,,,,,,,,,,,,,,",,0.9245852187,3.9215686275,96.0784313725
576,कल्पना,2,",,33,54,,,,,,,,,,,,,,,,,,,,,,,,,,,,,,,,,,,,,,,,,,",कल्पना,0.9245852187,3.9215686275,96.0784313725
688,रहस्यमय,2,"35,46,,,,,,,,,,,,,,,,,,,,,,,,,,,,,,,,,,,,,,,,,,,,",रहस्यमय,0.9245852187,3.9215686275,96.0784313725
694,सन्नाटा,2,"45,48,,,,,,,,,,,,,,,,,,,,,,,,,,,,,,,,,,,,,,,,,,,,",सन्नाटा,0.9245852187,3.9215686275,96.0784313725
704,मदनजी,2,"50,52,,,,,,,,,,,,,,,,,,,,,,,,,,,,,,,,,,,,,,,,,,,,",,0.9245852187,3.9215686275,96.0784313725
16,मालिन,1,"3,,,,,,,,,,,,,,,,,,,,,,,,,,,,,,,,,,,,,,,,,,,,,",मालिन,0.9615384615,1.9607843137,98.0392156863
37,च्छन्द,1,"4,,,,,,,,,,,,,,,,,,,,,,,,,,,,,,,,,,,,,,,,,,,,,",,0.9615384615,1.9607843137,98.0392156863
44,खिड़की,1,"4,,,,,,,,,,,,,,,,,,,,,,,,,,,,,,,,,,,,,,,,,,,,,",,0.9615384615,1.9607843137,98.0392156863
53,अब,1,"5,,,,,,,,,,,,,,,,,,,,,,,,,,,,,,,,,,,,,,,,,,,,,",अब,0.9615384615,1.9607843137,98.0392156863
67,डूबी-डूबी,1,"6,,,,,,,,,,,,,,,,,,,,,,,,,,,,,,,,,,,,,,,,,,,,,",,0.9615384615,1.9607843137,98.0392156863
77,वार्ता,1,"7,,,,,,,,,,,,,,,,,,,,,,,,,,,,,,,,,,,,,,,,,,,,,",वार्ता,0.9615384615,1.9607843137,98.0392156863
87,कार्यालय,1,"7,,,,,,,,,,,,,,,,,,,,,,,,,,,,,,,,,,,,,,,,,,,,,",कार्यालय,0.9615384615,1.9607843137,98.0392156863
92,उम्र,1,"9,,,,,,,,,,,,,,,,,,,,,,,,,,,,,,,,,,,,,,,,,,,,,",उम्र,0.9615384615,1.9607843137,98.0392156863
116,गठन,1,"15,,,,,,,,,,,,,,,,,,,,,,,,,,,,,,,,,,,,,,,,,,,,,",गठन,0.9615384615,1.9607843137,98.0392156863
127,श्रेष्ठप्रचार-प्रसा,1,"16,,,,,,,,,,,,,,,,,,,,,,,,,,,,,,,,,,,,,,,,,,,,,",,0.9615384615,1.9607843137,98.0392156863
131,हिचकिचाया,1,"16,,,,,,,,,,,,,,,,,,,,,,,,,,,,,,,,,,,,,,,,,,,,,",,0.9615384615,1.9607843137,98.0392156863
133,राजकुमार,1,"16,,,,,,,,,,,,,,,,,,,,,,,,,,,,,,,,,,,,,,,,,,,,,",राजकुमार,0.9615384615,1.9607843137,98.0392156863
135,पंछियों,1,"16,,,,,,,,,,,,,,,,,,,,,,,,,,,,,,,,,,,,,,,,,,,,,",पंछी,0.9615384615,1.9607843137,98.0392156863
138,विपणनदुष्कर,1,"18,,,,,,,,,,,,,,,,,,,,,,,,,,,,,,,,,,,,,,,,,,,,,",,0.9615384615,1.9607843137,98.0392156863
142,वजीर,1,"18,,,,,,,,,,,,,,,,,,,,,,,,,,,,,,,,,,,,,,,,,,,,,",वजीर,0.9615384615,1.9607843137,98.0392156863
147,बजाय,1,"20,,,,,,,,,,,,,,,,,,,,,,,,,,,,,,,,,,,,,,,,,,,,,",बजाय,0.9615384615,1.9607843137,98.0392156863
157,प्रथा,1,"24,,,,,,,,,,,,,,,,,,,,,,,,,,,,,,,,,,,,,,,,,,,,,",प्रथा,0.9615384615,1.9607843137,98.0392156863
159,साधना,1,"24,,,,,,,,,,,,,,,,,,,,,,,,,,,,,,,,,,,,,,,,,,,,,",साधना,0.9615384615,1.9607843137,98.0392156863
161,कंठ,1,"24,,,,,,,,,,,,,,,,,,,,,,,,,,,,,,,,,,,,,,,,,,,,,",कंठ,0.9615384615,1.9607843137,98.0392156863
163,सौन्दर्य,1,"24,,,,,,,,,,,,,,,,,,,,,,,,,,,,,,,,,,,,,,,,,,,,,",सौन्दर्य,0.9615384615,1.9607843137,98.0392156863
166,प्रकृति,1,"24,,,,,,,,,,,,,,,,,,,,,,,,,,,,,,,,,,,,,,,,,,,,,",प्रकृति,0.9615384615,1.9607843137,98.0392156863
167,हजीरा,1,"25,,,,,,,,,,,,,,,,,,,,,,,,,,,,,,,,,,,,,,,,,,,,,",,0.9615384615,1.9607843137,98.0392156863
168,कलकत्ता,1,"25,,,,,,,,,,,,,,,,,,,,,,,,,,,,,,,,,,,,,,,,,,,,,",कलकत्ता,0.9615384615,1.9607843137,98.0392156863
170,कठिन,1,"26,,,,,,,,,,,,,,,,,,,,,,,,,,,,,,,,,,,,,,,,,,,,,",कठिन,0.9615384615,1.9607843137,98.0392156863
175,बीच,0,",,,,,,,,,,,,,,,,,,,,,,,,,,,,,,,,,,,,,,,,,,,,,",बीच,1,0,100
176,बैठाना,0,",,,,,,,,,,,,,,,,,,,,,,,,,,,,,,,,,,,,,,,,,,,,,",बैठाना,1,0,100
178,इन,0,",,,,,,,,,,,,,,,,,,,,,,,,,,,,,,,,,,,,,,,,,,,,,",इन,1,0,100
179,सबको,0,",,,,,,,,,,,,,,,,,,,,,,,,,,,,,,,,,,,,,,,,,,,,,",,1,0,100
180,बताते,0,",,,,,,,,,,,,,,,,,,,,,,,,,,,,,,,,,,,,,,,,,,,,,",,1,0,100
182,जिनके,0,",,,,,,,,,,,,,,,,,,,,,,,,,,,,,,,,,,,,,,,,,,,,,",,1,0,100
184,मार्केटिंग,1,",,33,,,,,,,,,,,,,,,,,,,,,,,,,,,,,,,,,,,,,,,,,,,",मार्केटिंग,0.9615384615,1.9607843137,98.0392156863
185,का,0,",,,,,,,,,,,,,,,,,,,,,,,,,,,,,,,,,,,,,,,,,,,,,",,1,0,100
186,काम,0,",,,,,,,,,,,,,,,,,,,,,,,,,,,,,,,,,,,,,,,,,,,,,",काम,1,0,100
187,आसान,0,",,,,,,,,,,,,,,,,,,,,,,,,,,,,,,,,,,,,,,,,,,,,,",आसान,1,0,100
188,मुश्किल,0,",,,,,,,,,,,,,,,,,,,,,,,,,,,,,,,,,,,,,,,,,,,,,",मुश्किल,1,0,100
189,होता,0,",,,,,,,,,,,,,,,,,,,,,,,,,,,,,,,,,,,,,,,,,,,,,",होता,1,0,100
190,जा,0,",,,,,,,,,,,,,,,,,,,,,,,,,,,,,,,,,,,,,,,,,,,,,",जा,1,0,100
191,रहा,0,",,,,,,,,,,,,,,,,,,,,,,,,,,,,,,,,,,,,,,,,,,,,,",,1,0,100
192,पास,0,",,,,,,,,,,,,,,,,,,,,,,,,,,,,,,,,,,,,,,,,,,,,,",पास,1,0,100
193,एक-एक,0,",,,,,,,,,,,,,,,,,,,,,,,,,,,,,,,,,,,,,,,,,,,,,",एक-एक,1,0,100
194,चीज,0,",,,,,,,,,,,,,,,,,,,,,,,,,,,,,,,,,,,,,,,,,,,,,",चीज,1,0,100
195,कई,0,",,,,,,,,,,,,,,,,,,,,,,,,,,,,,,,,,,,,,,,,,,,,,",कई,1,0,100
196,चमकदार,0,",,,,,,,,,,,,,,,,,,,,,,,,,,,,,,,,,,,,,,,,,,,,,",चमकदार,1,0,100
197,तो,0,",,,,,,,,,,,,,,,,,,,,,,,,,,,,,,,,,,,,,,,,,,,,,",त,1,0,100
198,पवन,0,",,,,,,,,,,,,,,,,,,,,,,,,,,,,,,,,,,,,,,,,,,,,,",पवन,1,0,100
200,भी,0,",,,,,,,,,,,,,,,,,,,,,,,,,,,,,,,,,,,,,,,,,,,,,",भी,1,0,100
201,अभी,0,",,,,,,,,,,,,,,,,,,,,,,,,,,,,,,,,,,,,,,,,,,,,,",अभी,1,0,100
203,ही,0,",,,,,,,,,,,,,,,,,,,,,,,,,,,,,,,,,,,,,,,,,,,,,",ही,1,0,100
204,थे,0,",,,,,,,,,,,,,,,,,,,,,,,,,,,,,,,,,,,,,,,,,,,,,",,1,0,100
205,पर,0,",,,,,,,,,,,,,,,,,,,,,,,,,,,,,,,,,,,,,,,,,,,,,",पर,1,0,100
206,उन्हे,0,",,,,,,,,,,,,,,,,,,,,,,,,,,,,,,,,,,,,,,,,,,,,,",,1,0,100
207,छब्बीस,0,",,,,,,,,,,,,,,,,,,,,,,,,,,,,,,,,,,,,,,,,,,,,,",छब्बीस,1,0,100
208,कार्य,0,",,,,,,,,,,,,,,,,,,,,,,,,,,,,,,,,,,,,,,,,,,,,,",कार्य,1,0,100
209,करना,0,",,,,,,,,,,,,,,,,,,,,,,,,,,,,,,,,,,,,,,,,,,,,,",करना,1,0,100
211,राजकोट,0,",,,,,,,,,,,,,,,,,,,,,,,,,,,,,,,,,,,,,,,,,,,,,",राजकोट,1,0,100
213,वे,0,",,,,,,,,,,,,,,,,,,,,,,,,,,,,,,,,,,,,,,,,,,,,,",वे,1,0,100
214,एक,0,",,,,,,,,,,,,,,,,,,,,,,,,,,,,,,,,,,,,,,,,,,,,,",एक,1,0,100
215,दिन,0,",,,,,,,,,,,,,,,,,,,,,,,,,,,,,,,,,,,,,,,,,,,,,",दिन,1,0,100
216,टिकते,0,",,,,,,,,,,,,,,,,,,,,,,,,,,,,,,,,,,,,,,,,,,,,,",,1,0,100
217,कि,0,",,,,,,,,,,,,,,,,,,,,,,,,,,,,,,,,,,,,,,,,,,,,,",,1,0,100
218,अगले,0,",,,,,,,,,,,,,,,,,,,,,,,,,,,,,,,,,,,,,,,,,,,,,",अगला,1,0,100
219,सूरत,0,",,,,,,,,,,,,,,,,,,,,,,,,,,,,,,,,,,,,,,,,,,,,,",सूरत,1,0,100
220,दौरे,0,",,,,,,,,,,,,,,,,,,,,,,,,,,,,,,,,,,,,,,,,,,,,,",दौरा,1,0,100
221,भेज,0,",,,,,,,,,,,,,,,,,,,,,,,,,,,,,,,,,,,,,,,,,,,,,",,1,0,100
222,दिया,0,",,,,,,,,,,,,,,,,,,,,,,,,,,,,,,,,,,,,,,,,,,,,,",दिया,1,0,100
224,हर,0,",,,,,,,,,,,,,,,,,,,,,,,,,,,,,,,,,,,,,,,,,,,,,",हर,1,0,100
225,जगह,0,",,,,,,,,,,,,,,,,,,,,,,,,,,,,,,,,,,,,,,,,,,,,,",जगह,1,0,100
226,किसी,0,",,,,,,,,,,,,,,,,,,,,,,,,,,,,,,,,,,,,,,,,,,,,,",,1,0,100
227,तीन,0,",,,,,,,,,,,,,,,,,,,,,,,,,,,,,,,,,,,,,,,,,,,,,",तीन,1,0,100
228,सितारा,0,",,,,,,,,,,,,,,,,,,,,,,,,,,,,,,,,,,,,,,,,,,,,,",सितारा,1,0,100
229,होटल,0,",,,,,,,,,,,,,,,,,,,,,,,,,,,,,,,,,,,,,,,,,,,,,",होटल,1,0,100
230,इन्हे,0,",,,,,,,,,,,,,,,,,,,,,,,,,,,,,,,,,,,,,,,,,,,,,",,1,0,100
232,फिर,0,",,,,,,,,,,,,,,,,,,,,,,,,,,,,,,,,,,,,,,,,,,,,,",फिर,1,0,100
234,मुकाम,0,",,,,,,,,,,,,,,,,,,,,,,,,,,,,,,,,,,,,,,,,,,,,,",मुकाम,1,0,100
236,वहाँ,0,",,,,,,,,,,,,,,,,,,,,,,,,,,,,,,,,,,,,,,,,,,,,,",वहाँ,1,0,100
237,कंपनी,0,",,,,,,,,,,,,,,,,,,,,,,,,,,,,,,,,,,,,,,,,,,,,,",कंपनी,1,0,100
238,तेल,0,",,,,,,,,,,,,,,,,,,,,,,,,,,,,,,,,,,,,,,,,,,,,,",तेल,1,0,100
239,कुएँ,0,",,,,,,,,,,,,,,,,,,,,,,,,,,,,,,,,,,,,,,,,,,,,,",कुआँ,1,0,100
241,लेकिन,0,",,,,,,,,,,,,,,,,,,,,,,,,,,,,,,,,,,,,,,,,,,,,,",,1,0,100
242,पहली,0,",,,,,,,,,,,,,,,,,,,,,,,,,,,,,,,,,,,,,,,,,,,,,",पहली,1,0,100
243,की,0,",,,,,,,,,,,,,,,,,,,,,,,,,,,,,,,,,,,,,,,,,,,,,",की,1,0,100
244,नहीं,0,",,,,,,,,,,,,,,,,,,,,,,,,,,,,,,,,,,,,,,,,,,,,,",नहीं,1,0,100
245,अरब,0,",,,,,,,,,,,,,,,,,,,,,,,,,,,,,,,,,,,,,,,,,,,,,",अरब,1,0,100
246,महासागर,0,",,,,,,,,,,,,,,,,,,,,,,,,,,,,,,,,,,,,,,,,,,,,,",महासागर,1,0,100
202,न्ए,0,",,,,,,,,,,,,,,,,,,,,,,,,,,,,,,,,,,,,,,,,,,,,,",,1,0,100
248,तरफ,0,",,,,,,,,,,,,,,,,,,,,,,,,,,,,,,,,,,,,,,,,,,,,,",तरफ,1,0,100
249,हरे-भरे,0,",,,,,,,,,,,,,,,,,,,,,,,,,,,,,,,,,,,,,,,,,,,,,",,1,0,100
250,पेड़ों,0,",,,,,,,,,,,,,,,,,,,,,,,,,,,,,,,,,,,,,,,,,,,,,",पेड़,1,0,100
251,स्थित,0,",,,,,,,,,,,,,,,,,,,,,,,,,,,,,,,,,,,,,,,,,,,,,",स्थित,1,0,100
252,बड़ी-बड़ी,0,",,,,,,,,,,,,,,,,,,,,,,,,,,,,,,,,,,,,,,,,,,,,,",,1,0,100
253,फैक्टरियाँ,1,",,33,,,,,,,,,,,,,,,,,,,,,,,,,,,,,,,,,,,,,,,,,,,",फैक्टरी,0.9615384615,1.9607843137,98.0392156863
254,दूसरी,0,",,,,,,,,,,,,,,,,,,,,,,,,,,,,,,,,,,,,,,,,,,,,,",दूसरी,1,0,100
256,बड़े-सा,0,",,,,,,,,,,,,,,,,,,,,,,,,,,,,,,,,,,,,,,,,,,,,,",,0.9615384615,0,100
257,बड़ा,0,",,,,,,,,,,,,,,,,,,,,,,,,,,,,,,,,,,,,,,,,,,,,,",बड़ा,0.9615384615,0,100
258,दर्शन,0,",,,,,,,,,,,,,,,,,,,,,,,,,,,,,,,,,,,,,,,,,,,,,",दर्शन,1,0,100
259,समाज,0,",,,,,,,,,,,,,,,,,,,,,,,,,,,,,,,,,,,,,,,,,,,,,",समाज,1,0,100
260,देश,0,",,,,,,,,,,,,,,,,,,,,,,,,,,,,,,,,,,,,,,,,,,,,,",देश,1,0,100
261,पता,0,",,,,,,,,,,,,,,,,,,,,,,,,,,,,,,,,,,,,,,,,,,,,,",पता,1,0,100
262,क्या-क्या,0,",,,,,,,,,,,,,,,,,,,,,,,,,,,,,,,,,,,,,,,,,,,,,",,1,0,100
263,सब,0,",,,,,,,,,,,,,,,,,,,,,,,,,,,,,,,,,,,,,,,,,,,,,",सब,1,0,100
264,बेकार,0,",,,,,,,,,,,,,,,,,,,,,,,,,,,,,,,,,,,,,,,,,,,,,",बेकार,1,0,100
265,बिना,0,",,,,,,,,,,,,,,,,,,,,,,,,,,,,,,,,,,,,,,,,,,,,,",बिना,1,0,100
266,पैसे,0,",,,,,,,,,,,,,,,,,,,,,,,,,,,,,,,,,,,,,,,,,,,,,",पैसा,1,0,100
268,कोई,0,",,,,,,,,,,,,,,,,,,,,,,,,,,,,,,,,,,,,,,,,,,,,,",कोई,1,0,100
270,मनुष्य,0,",,,,,,,,,,,,,,,,,,,,,,,,,,,,,,,,,,,,,,,,,,,,,",मनुष्य,1,0,100
271,बना,0,",,,,,,,,,,,,,,,,,,,,,,,,,,,,,,,,,,,,,,,,,,,,,",बन,1,0,100
272,सका,0,",,,,,,,,,,,,,,,,,,,,,,,,,,,,,,,,,,,,,,,,,,,,,",सका,1,0,100
273,जहां,0,",,,,,,,,,,,,,,,,,,,,,,,,,,,,,,,,,,,,,,,,,,,,,",जहां,1,0,100
275,न,0,",,,,,,,,,,,,,,,,,,,,,,,,,,,,,,,,,,,,,,,,,,,,,",न,1,0,100
276,स्थापित,0,",,,,,,,,,,,,,,,,,,,,,,,,,,,,,,,,,,,,,,,,,,,,,",स्थापित,0.9615384615,0,100
277,होगी,0,",,,,,,,,,,,,,,,,,,,,,,,,,,,,,,,,,,,,,,,,,,,,,",,1,0,100
278,जो,0,",,,,,,,,,,,,,,,,,,,,,,,,,,,,,,,,,,,,,,,,,,,,,",,1,0,100
279,चौहान,0,",,,,,,,,,,,,,,,,,,,,,,,,,,,,,,,,,,,,,,,,,,,,,",,1,0,100
280,साहब,0,",,,,,,,,,,,,,,,,,,,,,,,,,,,,,,,,,,,,,,,,,,,,,",साहब,1,0,100
281,को,0,",,,,,,,,,,,,,,,,,,,,,,,,,,,,,,,,,,,,,,,,,,,,,",कै,0.9615384615,0,100
282,पूरी,0,",,,,,,,,,,,,,,,,,,,,,,,,,,,,,,,,,,,,,,,,,,,,,",पूरी,1,0,100
284,मैंने,0,",,,,,,,,,,,,,,,,,,,,,,,,,,,,,,,,,,,,,,,,,,,,,",,1,0,100
285,पूरा,0,",,,,,,,,,,,,,,,,,,,,,,,,,,,,,,,,,,,,,,,,,,,,,",पूरा,1,0,100
286,किस्सा,0,",,,,,,,,,,,,,,,,,,,,,,,,,,,,,,,,,,,,,,,,,,,,,",किस्सा,1,0,100
288,काफी,0,",,,,,,,,,,,,,,,,,,,,,,,,,,,,,,,,,,,,,,,,,,,,,",काफी,1,0,100
289,साथ,0,",,,,,,,,,,,,,,,,,,,,,,,,,,,,,,,,,,,,,,,,,,,,,",साथ,1,0,100
290,सुनते,0,",,,,,,,,,,,,,,,,,,,,,,,,,,,,,,,,,,,,,,,,,,,,,",,1,0,100
291,तब,0,",,,,,,,,,,,,,,,,,,,,,,,,,,,,,,,,,,,,,,,,,,,,,",तब,1,0,100
293,कर्ज,0,",,,,,,,,,,,,,,,,,,,,,,,,,,,,,,,,,,,,,,,,,,,,,",कर्ज,1,0,100
294,उधर,0,",,,,,,,,,,,,,,,,,,,,,,,,,,,,,,,,,,,,,,,,,,,,,",उधर,1,0,100
295,देकर,0,",,,,,,,,,,,,,,,,,,,,,,,,,,,,,,,,,,,,,,,,,,,,,",,1,0,100
296,बनाने,0,",,,,,,,,,,,,,,,,,,,,,,,,,,,,,,,,,,,,,,,,,,,,,",,1,0,100
297,बढ़,0,",,,,,,,,,,,,,,,,,,,,,,,,,,,,,,,,,,,,,,,,,,,,,",,1,0,100
298,रही,0,",,,,,,,,,,,,,,,,,,,,,,,,,,,,,,,,,,,,,,,,,,,,,",,1,0,100
300,नदी,0,",,,,,,,,,,,,,,,,,,,,,,,,,,,,,,,,,,,,,,,,,,,,,",नदी,1,0,100
301,किनारे,0,",,,,,,,,,,,,,,,,,,,,,,,,,,,,,,,,,,,,,,,,,,,,,",किनारा,0.9615384615,0,100
302,मछली,1,",,,,36,,,,,,,,,,,,,,,,,,,,,,,,,,,,,,,,,,,,,,,,,",मछली,0.9615384615,1.9607843137,98.0392156863
303,कभी-कभी,0,",,,,,,,,,,,,,,,,,,,,,,,,,,,,,,,,,,,,,,,,,,,,,",कभी-कभी,1,0,100
304,तक,0,",,,,,,,,,,,,,,,,,,,,,,,,,,,,,,,,,,,,,,,,,,,,,",तक,1,0,100
305,हो,0,",,,,,,,,,,,,,,,,,,,,,,,,,,,,,,,,,,,,,,,,,,,,,",,1,0,100
306,जाती,0,",,,,,,,,,,,,,,,,,,,,,,,,,,,,,,,,,,,,,,,,,,,,,",जाती,1,0,100
308,बिखरी,0,",,,,,,,,,,,,,,,,,,,,,,,,,,,,,,,,,,,,,,,,,,,,,",बिखरा,0.9615384615,0,100
309,हुई-सी,0,",,,,,,,,,,,,,,,,,,,,,,,,,,,,,,,,,,,,,,,,,,,,,",,1,0,100
311,बनारस,0,",,,,,,,,,,,,,,,,,,,,,,,,,,,,,,,,,,,,,,,,,,,,,",बनारस,1,0,100
312,गलियों,0,",,,,,,,,,,,,,,,,,,,,,,,,,,,,,,,,,,,,,,,,,,,,,",गली,1,0,100
313,पतली,0,",,,,,,,,,,,,,,,,,,,,,,,,,,,,,,,,,,,,,,,,,,,,,",पतला,1,0,100
315,लखनऊ,0,",,,,,,,,,,,,,,,,,,,,,,,,,,,,,,,,,,,,,,,,,,,,,",लखनऊ,1,0,100
316,सडक़ों,0,",,,,,,,,,,,,,,,,,,,,,,,,,,,,,,,,,,,,,,,,,,,,,",,1,0,100
317,चौड़ी,0,",,,,,,,,,,,,,,,,,,,,,,,,,,,,,,,,,,,,,,,,,,,,,",चौड़ा,1,0,100
319,कर,0,",,,,,,,,,,,,,,,,,,,,,,,,,,,,,,,,,,,,,,,,,,,,,",कर,1,0,100
320,लेती,0,",,,,,,,,,,,,,,,,,,,,,,,,,,,,,,,,,,,,,,,,,,,,,",,1,0,100
321,थी,0,",,,,,,,,,,,,,,,,,,,,,,,,,,,,,,,,,,,,,,,,,,,,,",,1,0,100
322,अंश,0,",,,,,,,,,,,,,,,,,,,,,,,,,,,,,,,,,,,,,,,,,,,,,",अंश,1,0,100
323,उसमे,0,",,,,,,,,,,,,,,,,,,,,,,,,,,,,,,,,,,,,,,,,,,,,,",,1,0,100
324,इतना,0,",,,,,,,,,,,,,,,,,,,,,,,,,,,,,,,,,,,,,,,,,,,,,",इतना,1,0,100
325,था,0,",,,,,,,,,,,,,,,,,,,,,,,,,,,,,,,,,,,,,,,,,,,,,",,1,0,100
326,नौकर,0,",,,,,,,,,,,,,,,,,,,,,,,,,,,,,,,,,,,,,,,,,,,,,",नौकर,1,0,100
327,नौकरानी,0,",,,,,,,,,,,,,,,,,,,,,,,,,,,,,,,,,,,,,,,,,,,,,",नौकरानी,1,0,100
328,उससे,0,",,,,,,,,,,,,,,,,,,,,,,,,,,,,,,,,,,,,,,,,,,,,,",,1,0,100
329,अपना,0,",,,,,,,,,,,,,,,,,,,,,,,,,,,,,,,,,,,,,,,,,,,,,",अपना,1,0,100
330,सुख-दु:ख,0,",,,,,,,,,,,,,,,,,,,,,,,,,,,,,,,,,,,,,,,,,,,,,",,1,0,100
331,कह,0,",,,,,,,,,,,,,,,,,,,,,,,,,,,,,,,,,,,,,,,,,,,,,",,1,0,100
332,देते,0,",,,,,,,,,,,,,,,,,,,,,,,,,,,,,,,,,,,,,,,,,,,,,",,1,0,100
333,पढ़ाई,0,",,,,,,,,,,,,,,,,,,,,,,,,,,,,,,,,,,,,,,,,,,,,,",पढ़ाई,1,0,100
334,साथ-साथ,0,",,,,,,,,,,,,,,,,,,,,,,,,,,,,,,,,,,,,,,,,,,,,,",साथ-साथ,1,0,100
335,घर,0,",,,,,,,,,,,,,,,,,,,,,,,,,,,,,,,,,,,,,,,,,,,,,",घर,1,0,100
336,सारा,0,",,,,,,,,,,,,,,,,,,,,,,,,,,,,,,,,,,,,,,,,,,,,,",सारा,1,0,100
337,काम-काज,0,",,,,,,,,,,,,,,,,,,,,,,,,,,,,,,,,,,,,,,,,,,,,,",काम-काज,1,0,100
339,हुए,0,",,,,,,,,,,,,,,,,,,,,,,,,,,,,,,,,,,,,,,,,,,,,,",,1,0,100
340,उसका,0,",,,,,,,,,,,,,,,,,,,,,,,,,,,,,,,,,,,,,,,,,,,,,",,1,0,100
341,कुछ,0,",,,,,,,,,,,,,,,,,,,,,,,,,,,,,,,,,,,,,,,,,,,,,",कुछ,1,0,100
342,बिगड़,0,",,,,,,,,,,,,,,,,,,,,,,,,,,,,,,,,,,,,,,,,,,,,,",,1,0,100
343,गया,0,",,,,,,,,,,,,,,,,,,,,,,,,,,,,,,,,,,,,,,,,,,,,,",गया,1,0,100
344,अपनी,0,",,,,,,,,,,,,,,,,,,,,,,,,,,,,,,,,,,,,,,,,,,,,,",,1,0,100
345,हिसाब,0,",,,,,,,,,,,,,,,,,,,,,,,,,,,,,,,,,,,,,,,,,,,,,",हिसाब,1,0,100
346,अधिक,0,",,,,,,,,,,,,,,,,,,,,,,,,,,,,,,,,,,,,,,,,,,,,,",अधिक,1,0,100
347,शान्त,0,",,,,,,,,,,,,,,,,,,,,,,,,,,,,,,,,,,,,,,,,,,,,,",शान्त,1,0,100
348,गम्भीर,0,",,,,,,,,,,,,,,,,,,,,,,,,,,,,,,,,,,,,,,,,,,,,,",गम्भीर,1,0,100
349,बुजुर्ग,0,",,,,,,,,,,,,,,,,,,,,,,,,,,,,,,,,,,,,,,,,,,,,,",बुजुर्ग,1,0,100
350,मगर,0,",,,,,,,,,,,,,,,,,,,,,,,,,,,,,,,,,,,,,,,,,,,,,",मगर,1,0,100
351,अपने,0,",,,,,,,,,,,,,,,,,,,,,,,,,,,,,,,,,,,,,,,,,,,,,",,1,0,100
352,पापा,0,",,,,,,,,,,,,,,,,,,,,,,,,,,,,,,,,,,,,,,,,,,,,,",पापा,1,0,100
353,चन्दर,0,",,,,,,,,,,,,,,,,,,,,,,,,,,,,,,,,,,,,,,,,,,,,,",,1,0,100
354,दोनों,0,",,,,,,,,,,,,,,,,,,,,,,,,,,,,,,,,,,,,,,,,,,,,,",दोन,1,0,100
355,सामने,0,",,,,,,,,,,,,,,,,,,,,,,,,,,,,,,,,,,,,,,,,,,,,,",सामना,1,0,100
356,हमेशा,0,",,,,,,,,,,,,,,,,,,,,,,,,,,,,,,,,,,,,,,,,,,,,,",हमेशा,1,0,100
357,बचपन,0,",,,,,,,,,,,,,,,,,,,,,,,,,,,,,,,,,,,,,,,,,,,,,",बचपन,1,0,100
359,ध्यान-योग,0,",,,,,,,,,,,,,,,,,,,,,,,,,,,,,,,,,,,,,,,,,,,,,",,1,0,100
360,उसकी,0,",,,,,,,,,,,,,,,,,,,,,,,,,,,,,,,,,,,,,,,,,,,,,",,1,0,100
362,सुधा,0,",,,,,,,,,,,,,,,,,,,,,,,,,,,,,,,,,,,,,,,,,,,,,",सुधा,1,0,100
363,आम,0,",,,,,,,,,,,,,,,,,,,,,,,,,,,,,,,,,,,,,,,,,,,,,",आम,1,0,100
364,घनी,0,",,,,,,,,,,,,,,,,,,,,,,,,,,,,,,,,,,,,,,,,,,,,,",घना,1,0,100
365,छाँह,0,",,,,,,,,,,,,,,,,,,,,,,,,,,,,,,,,,,,,,,,,,,,,,",छाँह,1,0,100
366,हरी-हरी,0,",,,,,,,,,,,,,,,,,,,,,,,,,,,,,,,,,,,,,,,,,,,,,",,1,0,100
367,दूब,0,",,,,,,,,,,,,,,,,,,,,,,,,,,,,,,,,,,,,,,,,,,,,,",दूब,1,0,100
368,सिर,0,",,,,,,,,,,,,,,,,,,,,,,,,,,,,,,,,,,,,,,,,,,,,,",सिर,1,0,100
369,नीचे,0,",,,,,,,,,,,,,,,,,,,,,,,,,,,,,,,,,,,,,,,,,,,,,",नीचा,1,0,100
370,हाथ,0,",,,,,,,,,,,,,,,,,,,,,,,,,,,,,,,,,,,,,,,,,,,,,",हाथ,1,0,100
371,रखकर,0,",,,,,,,,,,,,,,,,,,,,,,,,,,,,,,,,,,,,,,,,,,,,,",,1,0,100
372,लेटी,0,",,,,,,,,,,,,,,,,,,,,,,,,,,,,,,,,,,,,,,,,,,,,,",लेट,1,0,100
373,रहतीं,0,",,,,,,,,,,,,,,,,,,,,,,,,,,,,,,,,,,,,,,,,,,,,,",,1,0,100
374,दुनिया-भर,0,",,,,,,,,,,,,,,,,,,,,,,,,,,,,,,,,,,,,,,,,,,,,,",,1,0,100
375,बाते,0,",,,,,,,,,,,,,,,,,,,,,,,,,,,,,,,,,,,,,,,,,,,,,",,1,0,100
377,बातों,0,",,,,,,,,,,,,,,,,,,,,,,,,,,,,,,,,,,,,,,,,,,,,,",बात,1,0,100
378,छोटी,0,",,,,,,,,,,,,,,,,,,,,,,,,,,,,,,,,,,,,,,,,,,,,,",छोटा,1,0,100
379,बड़ी,0,",,,,,,,,,,,,,,,,,,,,,,,,,,,,,,,,,,,,,,,,,,,,,",बड़ी,1,0,100
380,किस,0,",,,,,,,,,,,,,,,,,,,,,,,,,,,,,,,,,,,,,,,,,,,,,",,1,0,100
381,तरह,0,",,,,,,,,,,,,,,,,,,,,,,,,,,,,,,,,,,,,,,,,,,,,,",तरह,1,0,100
383,थीं,0,",,,,,,,,,,,,,,,,,,,,,,,,,,,,,,,,,,,,,,,,,,,,,",,1,0,100
384,यह,0,",,,,,,,,,,,,,,,,,,,,,,,,,,,,,,,,,,,,,,,,,,,,,",,1,0,100
385,वही,0,",,,,,,,,,,,,,,,,,,,,,,,,,,,,,,,,,,,,,,,,,,,,,",,1,0,100
386,समझ,0,",,,,,,,,,,,,,,,,,,,,,,,,,,,,,,,,,,,,,,,,,,,,,",समझ,1,0,100
387,सकता,0,",,,,,,,,,,,,,,,,,,,,,,,,,,,,,,,,,,,,,,,,,,,,,",,1,0,100
388,जिसने,0,",,,,,,,,,,,,,,,,,,,,,,,,,,,,,,,,,,,,,,,,,,,,,",,1,0,100
389,कभी,0,",,,,,,,,,,,,,,,,,,,,,,,,,,,,,,,,,,,,,,,,,,,,,",कभी,1,0,100
390,दो,0,",,,,,,,,,,,,,,,,,,,,,,,,,,,,,,,,,,,,,,,,,,,,,",दो,1,0,100
391,सहेलियों,0,",,,,,,,,,,,,,,,,,,,,,,,,,,,,,,,,,,,,,,,,,,,,,",सहेली,1,0,100
392,एकान्त,1,",45,,,,,,,,,,,,,,,,,,,,,,,,,,,,,,,,,,,,,,,,,,,,",एकान्त,0.9615384615,1.9607843137,98.0392156863
393,सुनी,0,",,,,,,,,,,,,,,,,,,,,,,,,,,,,,,,,,,,,,,,,,,,,,",,1,0,100
395,गालिब,0,",,,,,,,,,,,,,,,,,,,,,,,,,,,,,,,,,,,,,,,,,,,,,",गालिब,1,0,100
396,शायरी,0,",,,,,,,,,,,,,,,,,,,,,,,,,,,,,,,,,,,,,,,,,,,,,",शायरी,1,0,100
397,लेकर,0,",,,,,,,,,,,,,,,,,,,,,,,,,,,,,,,,,,,,,,,,,,,,,",,1,0,100
398,उनके,0,",,,,,,,,,,,,,,,,,,,,,,,,,,,,,,,,,,,,,,,,,,,,,",,1,0,100
400,भाई,0,",,,,,,,,,,,,,,,,,,,,,,,,,,,,,,,,,,,,,,,,,,,,,",भाई,1,0,100
401,हसरत,0,",,,,,,,,,,,,,,,,,,,,,,,,,,,,,,,,,,,,,,,,,,,,,",हसरत,1,0,100
402,ने,0,",,,,,,,,,,,,,,,,,,,,,,,,,,,,,,,,,,,,,,,,,,,,,",,1,0,100
403,कुत्ते,0,",,,,,,,,,,,,,,,,,,,,,,,,,,,,,,,,,,,,,,,,,,,,,",कुत्ता,1,0,100
404,पिल्ला,0,",,,,,,,,,,,,,,,,,,,,,,,,,,,,,,,,,,,,,,,,,,,,,",पिल्ला,1,0,100
405,पाला,0,",,,,,,,,,,,,,,,,,,,,,,,,,,,,,,,,,,,,,,,,,,,,,",पाला,1,0,100
406,सुनाया,0,",,,,,,,,,,,,,,,,,,,,,,,,,,,,,,,,,,,,,,,,,,,,,",सुना,1,0,100
407,इच्छा,0,",,,,,,,,,,,,,,,,,,,,,,,,,,,,,,,,,,,,,,,,,,,,,",इच्छा,1,0,100
408,आगे,0,",,,,,,,,,,,,,,,,,,,,,,,,,,,,,,,,,,,,,,,,,,,,,",आगा,1,0,100
409,लड़का,0,",,,,,,,,,,,,,,,,,,,,,,,,,,,,,,,,,,,,,,,,,,,,,",लड़का,1,0,100
410,झुक,0,",,,,,,,,,,,,,,,,,,,,,,,,,,,,,,,,,,,,,,,,,,,,,",,1,0,100
411,नगरी,0,",,,,,,,,,,,,,,,,,,,,,,,,,,,,,,,,,,,,,,,,,,,,,",नगरी,1,0,100
414,रह,0,",,,,,,,,,,,,,,,,,,,,,,,,,,,,,,,,,,,,,,,,,,,,,",,1,0,100
416,क्या,0,",,,,,,,,,,,,,,,,,,,,,,,,,,,,,,,,,,,,,,,,,,,,,",,1,0,100
418,उसने,0,",,,,,,,,,,,,,,,,,,,,,,,,,,,,,,,,,,,,,,,,,,,,,",,1,0,100
419,बुढ़िया,1,",35,,,,,,,,,,,,,,,,,,,,,,,,,,,,,,,,,,,,,,,,,,,,",बुढ़िया,0.9615384615,1.9607843137,98.0392156863
420,बाँहों,0,",,,,,,,,,,,,,,,,,,,,,,,,,,,,,,,,,,,,,,,,,,,,,",बाँह,1,0,100
421,छुड़ाने,1,",36,,,,,,,,,,,,,,,,,,,,,,,,,,,,,,,,,,,,,,,,,,,,",,0.9615384615,1.9607843137,98.0392156863
422,कोशिश,0,",,,,,,,,,,,,,,,,,,,,,,,,,,,,,,,,,,,,,,,,,,,,,",कोशिश,1,0,100
423,उसे,0,",,,,,,,,,,,,,,,,,,,,,,,,,,,,,,,,,,,,,,,,,,,,,",,1,0,100
424,जकड़,1,",54,,,,,,,,,,,,,,,,,,,,,,,,,,,,,,,,,,,,,,,,,,,,",जकड़,0.9615384615,1.9607843137,98.0392156863
425,रखा,0,",,,,,,,,,,,,,,,,,,,,,,,,,,,,,,,,,,,,,,,,,,,,,",,1,0,100
426,वह,0,",,,,,,,,,,,,,,,,,,,,,,,,,,,,,,,,,,,,,,,,,,,,,",,1,0,100
427,छुड़ा,0,",,,,,,,,,,,,,,,,,,,,,,,,,,,,,,,,,,,,,,,,,,,,,",,1,0,100
428,पाया,0,",,,,,,,,,,,,,,,,,,,,,,,,,,,,,,,,,,,,,,,,,,,,,",पाया,1,0,100
429,सागर,0,",,,,,,,,,,,,,,,,,,,,,,,,,,,,,,,,,,,,,,,,,,,,,",सागर,1,0,100
430,चलते-चलते,0,",,,,,,,,,,,,,,,,,,,,,,,,,,,,,,,,,,,,,,,,,,,,,",,1,0,100
431,बीता,0,",,,,,,,,,,,,,,,,,,,,,,,,,,,,,,,,,,,,,,,,,,,,,",बीता,1,0,100
432,समुद्र,1,",48,,,,,,,,,,,,,,,,,,,,,,,,,,,,,,,,,,,,,,,,,,,,",समुद्र,0.9615384615,1.9607843137,98.0392156863
433,छोटी-बड़ी,0,",,,,,,,,,,,,,,,,,,,,,,,,,,,,,,,,,,,,,,,,,,,,,",,1,0,100
435,दूसरे,0,",,,,,,,,,,,,,,,,,,,,,,,,,,,,,,,,,,,,,,,,,,,,,",दूसरा,1,0,100
436,जीव-जंतु,0,",,,,,,,,,,,,,,,,,,,,,,,,,,,,,,,,,,,,,,,,,,,,,",जीव-जंतु,1,0,100
437,आते,0,",,,,,,,,,,,,,,,,,,,,,,,,,,,,,,,,,,,,,,,,,,,,,",आ,1,0,100
438,किंतु,0,",,,,,,,,,,,,,,,,,,,,,,,,,,,,,,,,,,,,,,,,,,,,,",,1,0,100
439,उसके,0,",,,,,,,,,,,,,,,,,,,,,,,,,,,,,,,,,,,,,,,,,,,,,",,1,0,100
441,हिम्मत,0,",,,,,,,,,,,,,,,,,,,,,,,,,,,,,,,,,,,,,,,,,,,,,",हिम्मत,1,0,100
442,पाते,0,",,,,,,,,,,,,,,,,,,,,,,,,,,,,,,,,,,,,,,,,,,,,,",पा,1,0,100
443,दूर,0,",,,,,,,,,,,,,,,,,,,,,,,,,,,,,,,,,,,,,,,,,,,,,",दूर,1,0,100
444,भाग,0,",,,,,,,,,,,,,,,,,,,,,,,,,,,,,,,,,,,,,,,,,,,,,",भाग,1,0,100
447,आनंद,0,",,,,,,,,,,,,,,,,,,,,,,,,,,,,,,,,,,,,,,,,,,,,,",आनंद,1,0,100
448,बढ़ता,0,",,,,,,,,,,,,,,,,,,,,,,,,,,,,,,,,,,,,,,,,,,,,,",बढ़ता,1,0,100
449,अंत,0,",,,,,,,,,,,,,,,,,,,,,,,,,,,,,,,,,,,,,,,,,,,,,",अंत,1,0,100
450,दिखाई,0,",,,,,,,,,,,,,,,,,,,,,,,,,,,,,,,,,,,,,,,,,,,,,",दिखाई,1,0,100
451,देता,0,",,,,,,,,,,,,,,,,,,,,,,,,,,,,,,,,,,,,,,,,,,,,,",,1,0,100
452,रात,0,",,,,,,,,,,,,,,,,,,,,,,,,,,,,,,,,,,,,,,,,,,,,,",रात,1,0,100
453,बिताई,0,",,,,,,,,,,,,,,,,,,,,,,,,,,,,,,,,,,,,,,,,,,,,,",,1,0,100
454,आया,0,",,,,,,,,,,,,,,,,,,,,,,,,,,,,,,,,,,,,,,,,,,,,,",आया,1,0,100
455,ममता,0,",,,,,,,,,,,,,,,,,,,,,,,,,,,,,,,,,,,,,,,,,,,,,",ममता,1,0,100
456,उनका,0,",,,,,,,,,,,,,,,,,,,,,,,,,,,,,,,,,,,,,,,,,,,,,",,1,0,100
457,स्वागत,0,",,,,,,,,,,,,,,,,,,,,,,,,,,,,,,,,,,,,,,,,,,,,,",स्वागत,0.9615384615,0,100
459,आश्रम,0,",,,,,,,,,,,,,,,,,,,,,,,,,,,,,,,,,,,,,,,,,,,,,",आश्रम,1,0,100
460,कक्ष,0,",,,,,,,,,,,,,,,,,,,,,,,,,,,,,,,,,,,,,,,,,,,,,",कक्ष,1,0,100
461,ठहराया,0,",,,,,,,,,,,,,,,,,,,,,,,,,,,,,,,,,,,,,,,,,,,,,",ठहराया,1,0,100
462,उस,0,",,,,,,,,,,,,,,,,,,,,,,,,,,,,,,,,,,,,,,,,,,,,,",,1,0,100
463,दीवार,0,",,,,,,,,,,,,,,,,,,,,,,,,,,,,,,,,,,,,,,,,,,,,,",दीवार,1,0,100
464,हरी-भरी,0,",,,,,,,,,,,,,,,,,,,,,,,,,,,,,,,,,,,,,,,,,,,,,",,1,0,100
465,एक-दूसरे,0,",,,,,,,,,,,,,,,,,,,,,,,,,,,,,,,,,,,,,,,,,,,,,",,1,0,100
466,लिपट,0,",,,,,,,,,,,,,,,,,,,,,,,,,,,,,,,,,,,,,,,,,,,,,",,1,0,100
467,हँसने,0,",,,,,,,,,,,,,,,,,,,,,,,,,,,,,,,,,,,,,,,,,,,,,",,1,0,100
468,लगा,0,",,,,,,,,,,,,,,,,,,,,,,,,,,,,,,,,,,,,,,,,,,,,,",लगा,1,0,100
470,लोक,0,",,,,,,,,,,,,,,,,,,,,,,,,,,,,,,,,,,,,,,,,,,,,,",लोक,1,0,100
471,यात्रा,0,",,,,,,,,,,,,,,,,,,,,,,,,,,,,,,,,,,,,,,,,,,,,,",यात्रा,1,0,100
472,बढ़ती,0,",,,,,,,,,,,,,,,,,,,,,,,,,,,,,,,,,,,,,,,,,,,,,",बढ़ती,1,0,100
474,सूर्य,0,",,,,,,,,,,,,,,,,,,,,,,,,,,,,,,,,,,,,,,,,,,,,,",सूर्य,1,0,100
475,पैर,0,",,,,,,,,,,,,,,,,,,,,,,,,,,,,,,,,,,,,,,,,,,,,,",पैर,1,0,100
476,चलते,0,",,,,,,,,,,,,,,,,,,,,,,,,,,,,,,,,,,,,,,,,,,,,,",चल,1,0,100
478,रास्ते,0,",,,,,,,,,,,,,,,,,,,,,,,,,,,,,,,,,,,,,,,,,,,,,",रास्ता,1,0,100
479,मिला,0,",,,,,,,,,,,,,,,,,,,,,,,,,,,,,,,,,,,,,,,,,,,,,",मिल,1,0,100
480,जिसके,0,",,,,,,,,,,,,,,,,,,,,,,,,,,,,,,,,,,,,,,,,,,,,,",,1,0,100
481,निर्मल,0,",,,,,,,,,,,,,,,,,,,,,,,,,,,,,,,,,,,,,,,,,,,,,",निर्मल,1,0,100
482,जल,0,",,,,,,,,,,,,,,,,,,,,,,,,,,,,,,,,,,,,,,,,,,,,,",जल,1,0,100
483,पक्षी,0,",,,,,,,,,,,,,,,,,,,,,,,,,,,,,,,,,,,,,,,,,,,,,",पक्षी,1,0,100
484,रहे,0,",,,,,,,,,,,,,,,,,,,,,,,,,,,,,,,,,,,,,,,,,,,,,",,1,0,100
486,सारे,0,",,,,,,,,,,,,,,,,,,,,,,,,,,,,,,,,,,,,,,,,,,,,,",,1,0,100
487,खुले,0,",,,,,,,,,,,,,,,,,,,,,,,,,,,,,,,,,,,,,,,,,,,,,",खुला,1,0,100
488,दरवाजे,0,",,,,,,,,,,,,,,,,,,,,,,,,,,,,,,,,,,,,,,,,,,,,,",दरवाजा,1,0,100
489,भड़,0,",,,,,,,,,,,,,,,,,,,,,,,,,,,,,,,,,,,,,,,,,,,,,",,1,0,100
490,आप,0,",,,,,,,,,,,,,,,,,,,,,,,,,,,,,,,,,,,,,,,,,,,,,",आप,1,0,100
491,बंद,0,",,,,,,,,,,,,,,,,,,,,,,,,,,,,,,,,,,,,,,,,,,,,,",बंद,1,0,100
492,होने,0,",,,,,,,,,,,,,,,,,,,,,,,,,,,,,,,,,,,,,,,,,,,,,",,1,0,100
493,लगे,0,",,,,,,,,,,,,,,,,,,,,,,,,,,,,,,,,,,,,,,,,,,,,,",,1,0,100
494,खुलने,0,",,,,,,,,,,,,,,,,,,,,,,,,,,,,,,,,,,,,,,,,,,,,,",,1,0,100
496,कहीं,0,",,,,,,,,,,,,,,,,,,,,,,,,,,,,,,,,,,,,,,,,,,,,,",कहीं,0.9615384615,0,100
497,गिरी,0,",,,,,,,,,,,,,,,,,,,,,,,,,,,,,,,,,,,,,,,,,,,,,",गिरी,1,0,100
498,गिरे,0,",,,,,,,,,,,,,,,,,,,,,,,,,,,,,,,,,,,,,,,,,,,,,",गिर,0.9615384615,0,100
499,जैसे,0,",,,,,,,,,,,,,,,,,,,,,,,,,,,,,,,,,,,,,,,,,,,,,",जैसे,1,0,100
500,धरती,0,",,,,,,,,,,,,,,,,,,,,,,,,,,,,,,,,,,,,,,,,,,,,,",धरती,1,0,100
501,हिल,0,",,,,,,,,,,,,,,,,,,,,,,,,,,,,,,,,,,,,,,,,,,,,,",,1,0,100
502,उठी,0,",,,,,,,,,,,,,,,,,,,,,,,,,,,,,,,,,,,,,,,,,,,,,",,1,0,100
503,दीवारे,0,",,,,,,,,,,,,,,,,,,,,,,,,,,,,,,,,,,,,,,,,,,,,,",,1,0,100
504,काँपने,0,",,,,,,,,,,,,,,,,,,,,,,,,,,,,,,,,,,,,,,,,,,,,,",काँप,1,0,100
505,लगी,0,",,,,,,,,,,,,,,,,,,,,,,,,,,,,,,,,,,,,,,,,,,,,,",,1,0,100
507,आँगन,0,",,,,,,,,,,,,,,,,,,,,,,,,,,,,,,,,,,,,,,,,,,,,,",आँगन,1,0,100
508,लान,0,",,,,,,,,,,,,,,,,,,,,,,,,,,,,,,,,,,,,,,,,,,,,,",,1,0,100
509,बड़े,0,",,,,,,,,,,,,,,,,,,,,,,,,,,,,,,,,,,,,,,,,,,,,,",,1,0,100
510,ओलों,1,",54,,,,,,,,,,,,,,,,,,,,,,,,,,,,,,,,,,,,,,,,,,,,",ओला,0.9615384615,1.9607843137,98.0392156863
511,बर्फ,0,",,,,,,,,,,,,,,,,,,,,,,,,,,,,,,,,,,,,,,,,,,,,,",बर्फ,1,0,100
512,पत्थरों,0,",,,,,,,,,,,,,,,,,,,,,,,,,,,,,,,,,,,,,,,,,,,,,",पत्थर,1,0,100
513,पट,0,",,,,,,,,,,,,,,,,,,,,,,,,,,,,,,,,,,,,,,,,,,,,,",पट,1,0,100
515,रेलिंग,0,",,,,,,,,,,,,,,,,,,,,,,,,,,,,,,,,,,,,,,,,,,,,,",रेलिंग,1,0,100
516,टूट,0,",,,,,,,,,,,,,,,,,,,,,,,,,,,,,,,,,,,,,,,,,,,,,",टूट,1,0,100
518,धड़ाम,0,",,,,,,,,,,,,,,,,,,,,,,,,,,,,,,,,,,,,,,,,,,,,,",,1,0,100
519,चटनी-अचार,0,",,,,,,,,,,,,,,,,,,,,,,,,,,,,,,,,,,,,,,,,,,,,,",,1,0,100
520,लाख,0,",,,,,,,,,,,,,,,,,,,,,,,,,,,,,,,,,,,,,,,,,,,,,",लाख,1,0,100
521,बावजूद,1,",35,,,,,,,,,,,,,,,,,,,,,,,,,,,,,,,,,,,,,,,,,,,,",बावजूद,0.9615384615,1.9607843137,98.0392156863
522,उसी,0,",,,,,,,,,,,,,,,,,,,,,,,,,,,,,,,,,,,,,,,,,,,,,",,1,0,100
523,चलता,0,",,,,,,,,,,,,,,,,,,,,,,,,,,,,,,,,,,,,,,,,,,,,,",चलता,1,0,100
525,इधर,0,",,,,,,,,,,,,,,,,,,,,,,,,,,,,,,,,,,,,,,,,,,,,,",इधर,1,0,100
527,पकड़ने,0,",,,,,,,,,,,,,,,,,,,,,,,,,,,,,,,,,,,,,,,,,,,,,",,1,0,100
528,घात,0,",,,,,,,,,,,,,,,,,,,,,,,,,,,,,,,,,,,,,,,,,,,,,",घात,1,0,100
529,रहते,0,",,,,,,,,,,,,,,,,,,,,,,,,,,,,,,,,,,,,,,,,,,,,,",,1,0,100
530,पकड़ते,0,",,,,,,,,,,,,,,,,,,,,,,,,,,,,,,,,,,,,,,,,,,,,,",,1,0,100
531,मौका,0,",,,,,,,,,,,,,,,,,,,,,,,,,,,,,,,,,,,,,,,,,,,,,",मौका,1,0,100
533,उनकी,0,",,,,,,,,,,,,,,,,,,,,,,,,,,,,,,,,,,,,,,,,,,,,,",,1,0,100
534,बच्चों,0,",,,,,,,,,,,,,,,,,,,,,,,,,,,,,,,,,,,,,,,,,,,,,",बच्चा,1,0,100
535,डेढ़,0,",,,,,,,,,,,,,,,,,,,,,,,,,,,,,,,,,,,,,,,,,,,,,",,1,0,100
536,महीने,0,",,,,,,,,,,,,,,,,,,,,,,,,,,,,,,,,,,,,,,,,,,,,,",महीना,1,0,100
538,चुप,0,",,,,,,,,,,,,,,,,,,,,,,,,,,,,,,,,,,,,,,,,,,,,,",चुप,1,0,100
539,गोल-गोल,0,",,,,,,,,,,,,,,,,,,,,,,,,,,,,,,,,,,,,,,,,,,,,,",गोल-गोल,1,0,100
540,घुमा,0,",,,,,,,,,,,,,,,,,,,,,,,,,,,,,,,,,,,,,,,,,,,,,",घुमा,1,0,100
541,छोड़,0,",,,,,,,,,,,,,,,,,,,,,,,,,,,,,,,,,,,,,,,,,,,,,",,1,0,100
542,देती,0,",,,,,,,,,,,,,,,,,,,,,,,,,,,,,,,,,,,,,,,,,,,,,",,1,0,100
543,खुलतीं,0,",,,,,,,,,,,,,,,,,,,,,,,,,,,,,,,,,,,,,,,,,,,,,",,1,0,100
545,खत्म,0,",,,,,,,,,,,,,,,,,,,,,,,,,,,,,,,,,,,,,,,,,,,,,",खत्म,1,0,100
547,मैं,0,",,,,,,,,,,,,,,,,,,,,,,,,,,,,,,,,,,,,,,,,,,,,,",,1,0,100
548,घूमेती,0,",,,,,,,,,,,,,,,,,,,,,,,,,,,,,,,,,,,,,,,,,,,,,",,1,0,100
550,जिन्दगी,0,",,,,,,,,,,,,,,,,,,,,,,,,,,,,,,,,,,,,,,,,,,,,,",जिन्दगी,1,0,100
551,घेर-घुमेर,1,",54,,,,,,,,,,,,,,,,,,,,,,,,,,,,,,,,,,,,,,,,,,,,",,0.9615384615,1.9607843137,98.0392156863
552,वाले,0,",,,,,,,,,,,,,,,,,,,,,,,,,,,,,,,,,,,,,,,,,,,,,",,1,0,100
553,झूले,0,",,,,,,,,,,,,,,,,,,,,,,,,,,,,,,,,,,,,,,,,,,,,,",झूल,1,0,100
554,सचमुच,0,",,,,,,,,,,,,,,,,,,,,,,,,,,,,,,,,,,,,,,,,,,,,,",सचमुच,1,0,100
555,रोक,0,",,,,,,,,,,,,,,,,,,,,,,,,,,,,,,,,,,,,,,,,,,,,,",रोक,1,0,100
556,यही,0,",,,,,,,,,,,,,,,,,,,,,,,,,,,,,,,,,,,,,,,,,,,,,",,1,0,100
557,जंगल,0,",,,,,,,,,,,,,,,,,,,,,,,,,,,,,,,,,,,,,,,,,,,,,",जंगल,1,0,100
558,सुस्ता,1,",33,,,,,,,,,,,,,,,,,,,,,,,,,,,,,,,,,,,,,,,,,,,,",,0.9615384615,1.9607843137,98.0392156863
559,तेन्दुए,0,",,,,,,,,,,,,,,,,,,,,,,,,,,,,,,,,,,,,,,,,,,,,,",,1,0,100
560,लगता,0,",,,,,,,,,,,,,,,,,,,,,,,,,,,,,,,,,,,,,,,,,,,,,",,1,0,100
561,शाम,0,",,,,,,,,,,,,,,,,,,,,,,,,,,,,,,,,,,,,,,,,,,,,,",शाम,1,0,100
562,लौटने,0,",,,,,,,,,,,,,,,,,,,,,,,,,,,,,,,,,,,,,,,,,,,,,",लौट,1,0,100
563,विविध,1,",52,,,,,,,,,,,,,,,,,,,,,,,,,,,,,,,,,,,,,,,,,,,,",विविध,0.9615384615,1.9607843137,98.0392156863
565,विकल,0,",,,,,,,,,,,,,,,,,,,,,,,,,,,,,,,,,,,,,,,,,,,,,",विकल,1,0,100
566,देने,0,",,,,,,,,,,,,,,,,,,,,,,,,,,,,,,,,,,,,,,,,,,,,,",देना,1,0,100
567,वाली,0,",,,,,,,,,,,,,,,,,,,,,,,,,,,,,,,,,,,,,,,,,,,,,",वाली,1,0,100
568,उदास,0,",,,,,,,,,,,,,,,,,,,,,,,,,,,,,,,,,,,,,,,,,,,,,",उदास,1,0,100
569,शान्ति,0,",,,,,,,,,,,,,,,,,,,,,,,,,,,,,,,,,,,,,,,,,,,,,",शान्ति,1,0,100
571,यहाँ,0,",,,,,,,,,,,,,,,,,,,,,,,,,,,,,,,,,,,,,,,,,,,,,",यहाँ,1,0,100
572,जैसी,0,",,,,,,,,,,,,,,,,,,,,,,,,,,,,,,,,,,,,,,,,,,,,,",,1,0,100
573,देखी,0,",,,,,,,,,,,,,,,,,,,,,,,,,,,,,,,,,,,,,,,,,,,,,",,1,0,100
574,ये,0,",,,,,,,,,,,,,,,,,,,,,,,,,,,,,,,,,,,,,,,,,,,,,",,1,0,100
575,कुशल,0,",,,,,,,,,,,,,,,,,,,,,,,,,,,,,,,,,,,,,,,,,,,,,",कुशल,1,0,100
577,समा,0,",,,,,,,,,,,,,,,,,,,,,,,,,,,,,,,,,,,,,,,,,,,,,",समा,1,0,100
579,आधी,0,",,,,,,,,,,,,,,,,,,,,,,,,,,,,,,,,,,,,,,,,,,,,,",,1,0,100
580,टकराए,0,",,,,,,,,,,,,,,,,,,,,,,,,,,,,,,,,,,,,,,,,,,,,,",,1,0,100
581,निकलना,0,",,,,,,,,,,,,,,,,,,,,,,,,,,,,,,,,,,,,,,,,,,,,,",निकल,1,0,100
582,आज,0,",,,,,,,,,,,,,,,,,,,,,,,,,,,,,,,,,,,,,,,,,,,,,",आज,1,0,100
583,सड़क,0,",,,,,,,,,,,,,,,,,,,,,,,,,,,,,,,,,,,,,,,,,,,,,",सड़क,1,0,100
584,लग,0,",,,,,,,,,,,,,,,,,,,,,,,,,,,,,,,,,,,,,,,,,,,,,",,1,0,100
585,इस,0,",,,,,,,,,,,,,,,,,,,,,,,,,,,,,,,,,,,,,,,,,,,,,",,1,0,100
586,रोशनी,1,",46,,,,,,,,,,,,,,,,,,,,,,,,,,,,,,,,,,,,,,,,,,,,",रोशनी,0.9615384615,1.9607843137,98.0392156863
587,पहले,0,",,,,,,,,,,,,,,,,,,,,,,,,,,,,,,,,,,,,,,,,,,,,,",पहला,1,0,100
589,कारण,0,",,,,,,,,,,,,,,,,,,,,,,,,,,,,,,,,,,,,,,,,,,,,,",कारण,1,0,100
590,उनसे,0,",,,,,,,,,,,,,,,,,,,,,,,,,,,,,,,,,,,,,,,,,,,,,",,1,0,100
591,पड़ने,0,",,,,,,,,,,,,,,,,,,,,,,,,,,,,,,,,,,,,,,,,,,,,,",,1,0,100
592,वाला,0,",,,,,,,,,,,,,,,,,,,,,,,,,,,,,,,,,,,,,,,,,,,,,",,1,0,100
593,प्रकाश,0,",,,,,,,,,,,,,,,,,,,,,,,,,,,,,,,,,,,,,,,,,,,,,",प्रकाश,1,0,100
594,छन-छनकर,0,",,,,,,,,,,,,,,,,,,,,,,,,,,,,,,,,,,,,,,,,,,,,,",,1,0,100
595,पड़,0,",,,,,,,,,,,,,,,,,,,,,,,,,,,,,,,,,,,,,,,,,,,,,",,1,0,100
596,अँधेरे,0,",,,,,,,,,,,,,,,,,,,,,,,,,,,,,,,,,,,,,,,,,,,,,",अँधेरा,1,0,100
597,बढ़ा,0,",,,,,,,,,,,,,,,,,,,,,,,,,,,,,,,,,,,,,,,,,,,,,",,1,0,100
600,मदन,0,",,,,,,,,,,,,,,,,,,,,,,,,,,,,,,,,,,,,,,,,,,,,,",मदन,1,0,100
601,जी,0,",,,,,,,,,,,,,,,,,,,,,,,,,,,,,,,,,,,,,,,,,,,,,",जी,1,0,100
602,सुझाव,0,",,,,,,,,,,,,,,,,,,,,,,,,,,,,,,,,,,,,,,,,,,,,,",सुझाव,1,0,100
603,सहमत,0,",,,,,,,,,,,,,,,,,,,,,,,,,,,,,,,,,,,,,,,,,,,,,",सहमत,1,0,100
604,भरे,0,",,,,,,,,,,,,,,,,,,,,,,,,,,,,,,,,,,,,,,,,,,,,,",भर,1,0,100
606,घानी,1,",50,,,,,,,,,,,,,,,,,,,,,,,,,,,,,,,,,,,,,,,,,,,,",घानी,0.9615384615,1.9607843137,98.0392156863
607,साडियों,0,",,,,,,,,,,,,,,,,,,,,,,,,,,,,,,,,,,,,,,,,,,,,,",,1,0,100
608,हरियाली,0,",,,,,,,,,,,,,,,,,,,,,,,,,,,,,,,,,,,,,,,,,,,,,",हरियाली,0.9615384615,0,100
609,नाता,0,",,,,,,,,,,,,,,,,,,,,,,,,,,,,,,,,,,,,,,,,,,,,,",नाता,1,0,100
610,जोड़ा,0,",,,,,,,,,,,,,,,,,,,,,,,,,,,,,,,,,,,,,,,,,,,,,",जोड़ा,1,0,100
611,इसी,0,",,,,,,,,,,,,,,,,,,,,,,,,,,,,,,,,,,,,,,,,,,,,,",,1,0,100
612,समय,0,",,,,,,,,,,,,,,,,,,,,,,,,,,,,,,,,,,,,,,,,,,,,,",समय,1,0,100
613,आकर,0,",,,,,,,,,,,,,,,,,,,,,,,,,,,,,,,,,,,,,,,,,,,,,",आकर,1,0,100
614,खडा,0,",,,,,,,,,,,,,,,,,,,,,,,,,,,,,,,,,,,,,,,,,,,,,",,1,0,100
620,अंदाज,1,"31,,,,,,,,,,,,,,,,,,,,,,,,,,,,,,,,,,,,,,,,,,,,,",अंदाज,0.9615384615,1.9607843137,98.0392156863
621,टक्कर,0,",,,,,,,,,,,,,,,,,,,,,,,,,,,,,,,,,,,,,,,,,,,,,",टक्कर,1,0,100
622,बीस-बीस,0,",,,,,,,,,,,,,,,,,,,,,,,,,,,,,,,,,,,,,,,,,,,,,",,1,0,100
623,यों,0,",,,,,,,,,,,,,,,,,,,,,,,,,,,,,,,,,,,,,,,,,,,,,",यों,1,0,100
624,बिन,0,",,,,,,,,,,,,,,,,,,,,,,,,,,,,,,,,,,,,,,,,,,,,,",,1,0,100
627,तय,1,",54,,,,,,,,,,,,,,,,,,,,,,,,,,,,,,,,,,,,,,,,,,,,",तय,0.9615384615,1.9607843137,98.0392156863
628,लिए,0,",,,,,,,,,,,,,,,,,,,,,,,,,,,,,,,,,,,,,,,,,,,,,",,1,0,100
629,ऐसी,0,",,,,,,,,,,,,,,,,,,,,,,,,,,,,,,,,,,,,,,,,,,,,,",,1,0,100
630,श्रम,0,",,,,,,,,,,,,,,,,,,,,,,,,,,,,,,,,,,,,,,,,,,,,,",श्रम,1,0,100
632,ज्ञान,0,",,,,,,,,,,,,,,,,,,,,,,,,,,,,,,,,,,,,,,,,,,,,,",ज्ञान,1,0,100
633,सडक़े,0,",,,,,,,,,,,,,,,,,,,,,,,,,,,,,,,,,,,,,,,,,,,,,",,1,0,100
634,अपने-अपने,0,",,,,,,,,,,,,,,,,,,,,,,,,,,,,,,,,,,,,,,,,,,,,,",,1,0,100
635,मन,0,",,,,,,,,,,,,,,,,,,,,,,,,,,,,,,,,,,,,,,,,,,,,,",मन,1,0,100
636,बता,0,",,,,,,,,,,,,,,,,,,,,,,,,,,,,,,,,,,,,,,,,,,,,,",,0.9615384615,0,100
637,डालती,0,",,,,,,,,,,,,,,,,,,,,,,,,,,,,,,,,,,,,,,,,,,,,,",डाल,1,0,100
638,जितना,0,",,,,,,,,,,,,,,,,,,,,,,,,,,,,,,,,,,,,,,,,,,,,,",जितना,1,0,100
639,भावुक,0,",,,,,,,,,,,,,,,,,,,,,,,,,,,,,,,,,,,,,,,,,,,,,",भावुक,1,0,100
640,प्यारा,0,",,,,,,,,,,,,,,,,,,,,,,,,,,,,,,,,,,,,,,,,,,,,,",प्यारा,1,0,100
641,अनजान,0,",,,,,,,,,,,,,,,,,,,,,,,,,,,,,,,,,,,,,,,,,,,,,",अनजान,1,0,100
642,उतनी,0,",,,,,,,,,,,,,,,,,,,,,,,,,,,,,,,,,,,,,,,,,,,,,",,1,0,100
644,कहा,0,",,,,,,,,,,,,,,,,,,,,,,,,,,,,,,,,,,,,,,,,,,,,,",कहा,1,0,100
645,इतने,0,",,,,,,,,,,,,,,,,,,,,,,,,,,,,,,,,,,,,,,,,,,,,,",,1,0,100
647,हम,0,",,,,,,,,,,,,,,,,,,,,,,,,,,,,,,,,,,,,,,,,,,,,,",,1,0,100
649,मैदानों,0,",,,,,,,,,,,,,,,,,,,,,,,,,,,,,,,,,,,,,,,,,,,,,",मैदान,1,0,100
650,घूम,0,",,,,,,,,,,,,,,,,,,,,,,,,,,,,,,,,,,,,,,,,,,,,,",,1,0,100
651,जैसे-तैसे,0,",,,,,,,,,,,,,,,,,,,,,,,,,,,,,,,,,,,,,,,,,,,,,",जैसे-तैसे,1,0,100
652,नगर,0,",,,,,,,,,,,,,,,,,,,,,,,,,,,,,,,,,,,,,,,,,,,,,",नगर,1,0,100
653,तुम,0,",,,,,,,,,,,,,,,,,,,,,,,,,,,,,,,,,,,,,,,,,,,,,",,1,0,100
654,कहते,0,",,,,,,,,,,,,,,,,,,,,,,,,,,,,,,,,,,,,,,,,,,,,,",,1,0,100
655,इससे,0,",,,,,,,,,,,,,,,,,,,,,,,,,,,,,,,,,,,,,,,,,,,,,",,1,0,100
656,बच,0,",,,,,,,,,,,,,,,,,,,,,,,,,,,,,,,,,,,,,,,,,,,,,",बच,1,0,100
660,देखा,0,",,,,,,,,,,,,,,,,,,,,,,,,,,,,,,,,,,,,,,,,,,,,,",,1,0,100
661,काले-काले,0,",,,,,,,,,,,,,,,,,,,,,,,,,,,,,,,,,,,,,,,,,,,,,",,1,0,100
663,रक्षा,0,",,,,,,,,,,,,,,,,,,,,,,,,,,,,,,,,,,,,,,,,,,,,,",रक्षा,1,0,100
664,खड़े,0,",,,,,,,,,,,,,,,,,,,,,,,,,,,,,,,,,,,,,,,,,,,,,",खड़ा,1,0,100
665,डिब्बी,0,",,,,,,,,,,,,,,,,,,,,,,,,,,,,,,,,,,,,,,,,,,,,,",,1,0,100
666,खोली,0,",,,,,,,,,,,,,,,,,,,,,,,,,,,,,,,,,,,,,,,,,,,,,",खोली,1,0,100
667,चुटकी,0,",,,,,,,,,,,,,,,,,,,,,,,,,,,,,,,,,,,,,,,,,,,,,",चुटकी,1,0,100
668,मुँह,0,",,,,,,,,,,,,,,,,,,,,,,,,,,,,,,,,,,,,,,,,,,,,,",मुँह,1,0,100
671,देख,0,",,,,,,,,,,,,,,,,,,,,,,,,,,,,,,,,,,,,,,,,,,,,,",,1,0,100
672,बाबा,0,",,,,,,,,,,,,,,,,,,,,,,,,,,,,,,,,,,,,,,,,,,,,,",बाबा,1,0,100
673,राह,0,",,,,,,,,,,,,,,,,,,,,,,,,,,,,,,,,,,,,,,,,,,,,,",राह,1,0,100
674,इतनी,0,",,,,,,,,,,,,,,,,,,,,,,,,,,,,,,,,,,,,,,,,,,,,,",,1,0,100
675,देर,0,",,,,,,,,,,,,,,,,,,,,,,,,,,,,,,,,,,,,,,,,,,,,,",देर,1,0,100
676,कैसे,0,",,,,,,,,,,,,,,,,,,,,,,,,,,,,,,,,,,,,,,,,,,,,,",कैसे,1,0,100
678,सोच,0,",,,,,,,,,,,,,,,,,,,,,,,,,,,,,,,,,,,,,,,,,,,,,",सोच,1,0,100
679,उठता,0,",,,,,,,,,,,,,,,,,,,,,,,,,,,,,,,,,,,,,,,,,,,,,",,1,0,100
680,उन्होंने,0,",,,,,,,,,,,,,,,,,,,,,,,,,,,,,,,,,,,,,,,,,,,,,",,1,0,100
684,खिड़कियों,1,"33,,,,,,,,,,,,,,,,,,,,,,,,,,,,,,,,,,,,,,,,,,,,,",,0.9615384615,1.9607843137,98.0392156863
685,नौबत,1,"33,,,,,,,,,,,,,,,,,,,,,,,,,,,,,,,,,,,,,,,,,,,,,",नौबत,0.9615384615,1.9607843137,98.0392156863
686,मंत्रियों,1,"34,,,,,,,,,,,,,,,,,,,,,,,,,,,,,,,,,,,,,,,,,,,,,",मंत्री,0.9615384615,1.9607843137,98.0392156863
689,ह्रदय,1,"35,,,,,,,,,,,,,,,,,,,,,,,,,,,,,,,,,,,,,,,,,,,,,",,0.9615384615,1.9607843137,98.0392156863
690,कतारे,1,"41,,,,,,,,,,,,,,,,,,,,,,,,,,,,,,,,,,,,,,,,,,,,,",कतारा,0.9615384615,1.9607843137,98.0392156863
691,प्रसार,1,"42,,,,,,,,,,,,,,,,,,,,,,,,,,,,,,,,,,,,,,,,,,,,,",प्रसार,0.9615384615,1.9607843137,98.0392156863
703,विपण,1,"50,,,,,,,,,,,,,,,,,,,,,,,,,,,,,,,,,,,,,,,,,,,,,",,0.9615384615,1.9607843137,98.0392156863
706,घुमेर,0,",,,,,,,,,,,,,,,,,,,,,,,,,,,,,,,,,,,,,,,,,,,,,",,0.9615384615,0,100
727,बँधाये,1,"54,,,,,,,,,,,,,,,,,,,,,,,,,,,,,,,,,,,,,,,,,,,,,",,0.9615384615,1.9607843137,98.0392156863
